age,age_cat,score_text,priors_count,days_b_screening_arrest,decile_score,is_recid,two_year_recid,c_jail_in,c_jail_out,race_Asian,race_Caucasian,race_Hispanic,race_Native American,race_Other,sex_Male,c_charge_degree_M
35,25 - 45,Low,0,-1.0,2,1,1,2013-03-22 07:50:40,2013-06-17 10:48:31,False,False,True,False,False,True,False
58,Greater than 45,Low,1,-3.0,2,0,0,2013-06-21 12:44:56,2013-06-21 07:42:46,False,True,False,False,False,False,True
22,Less than 25,Low,0,-1.0,2,0,0,2013-05-06 07:58:25,2013-05-07 07:41:29,False,False,True,False,False,True,True
33,25 - 45,Medium,3,-1.0,6,0,0,2013-01-24 03:35:01,2013-01-25 08:05:03,False,True,False,False,False,True,False
23,Less than 25,Low,1,-1.0,2,0,0,2014-02-12 05:55:24,2014-02-12 09:58:48,False,True,False,False,False,False,True
20,Less than 25,Low,0,0.0,3,0,0,2013-10-28 04:46:03,2013-10-28 01:37:14,False,False,False,False,False,True,False
26,25 - 45,High,0,-1.0,8,0,0,2013-02-06 04:54:37,2013-02-07 09:44:01,False,False,False,False,False,False,True
37,25 - 45,Low,1,-1.0,3,0,0,2014-02-02 08:11:13,2014-02-04 04:08:24,False,False,True,False,False,False,False
27,25 - 45,Low,1,-1.0,4,0,0,2014-01-24 04:31:18,2014-02-01 04:57:27,False,False,False,False,False,True,False
25,25 - 45,Medium,1,-1.0,5,0,0,2013-01-07 07:39:01,2013-09-30 08:47:34,False,False,False,False,True,True,False
29,25 - 45,High,11,-1.0,8,0,0,2013-11-02 11:52:10,2013-11-03 07:25:02,False,False,False,False,False,False,False
21,Less than 25,High,0,-1.0,10,1,1,2013-03-14 07:22:45,2013-03-21 07:20:07,False,False,False,False,False,True,False
49,Greater than 45,Low,1,-26.0,1,0,0,2013-10-05 11:23:30,2013-10-06 08:39:07,False,True,False,False,False,True,True
26,25 - 45,High,10,-1.0,9,1,1,2014-06-25 06:52:09,2014-06-26 09:02:39,False,False,False,False,False,True,False
37,25 - 45,Low,6,-1.0,1,0,0,2013-12-26 04:59:22,2013-12-27 08:15:19,False,False,False,False,True,True,True
29,25 - 45,High,4,0.0,10,1,1,2013-02-07 02:10:43,2014-01-28 06:29:27,False,False,False,False,False,True,False
40,25 - 45,Low,4,-1.0,3,1,1,2013-11-11 01:20:20,2013-12-14 05:53:08,False,True,False,False,False,True,False
51,Greater than 45,Low,0,-1.0,1,0,0,2013-02-16 11:00:54,2013-02-17 07:57:14,False,False,True,False,False,True,True
35,25 - 45,Medium,5,0.0,7,1,0,2013-05-09 02:43:09,2013-05-09 07:43:17,False,False,True,False,False,True,False
43,25 - 45,Low,3,-1.0,4,0,0,2013-08-29 08:55:23,2013-08-30 08:42:13,False,False,False,False,True,True,False
39,25 - 45,Low,4,0.0,4,0,0,2013-10-07 04:26:58,2013-11-16 08:34:09,False,False,False,False,False,True,False
28,25 - 45,Medium,1,-1.0,5,0,0,2013-12-06 10:35:46,2013-12-08 02:23:57,False,False,True,False,False,True,False
33,25 - 45,Low,0,-1.0,1,1,1,2013-01-02 10:07:28,2013-03-27 01:38:36,False,False,False,False,True,True,False
60,Greater than 45,Low,2,-1.0,2,0,0,2013-09-06 10:11:34,2013-09-17 06:28:32,False,True,False,False,False,True,True
23,Less than 25,Low,0,-1.0,4,0,0,2014-02-21 07:57:15,2014-02-22 08:23:54,False,False,False,False,True,False,True
32,25 - 45,Low,1,-11.0,2,0,0,2014-03-21 11:15:52,2014-04-01 10:27:40,False,False,True,False,False,False,True
24,Less than 25,Low,1,0.0,4,0,0,2013-01-21 11:48:52,2013-02-01 08:09:36,False,False,True,False,False,True,False
28,25 - 45,Medium,14,29.0,7,1,1,2014-08-14 01:01:25,2014-09-03 09:23:36,False,False,False,False,False,True,True
60,Greater than 45,Low,1,-18.0,1,0,0,2013-04-19 09:31:28,2013-05-07 10:46:55,False,False,True,False,False,True,False
23,Less than 25,Low,0,-1.0,3,1,1,2014-04-25 10:29:59,2014-04-26 09:57:20,False,False,False,False,False,True,False
55,Greater than 45,Low,1,-17.0,2,0,0,2013-04-28 07:24:17,2013-05-02 08:55:43,False,True,False,False,False,True,True
45,Greater than 45,Low,2,-1.0,1,0,0,2014-02-02 08:57:44,2014-02-10 08:22:26,False,True,False,False,False,True,False
40,25 - 45,Low,3,-1.0,2,0,0,2013-02-15 05:22:50,2013-02-16 07:12:34,False,False,False,False,False,True,False
49,Greater than 45,High,4,-8.0,8,1,0,2013-02-11 01:58:24,2013-02-15 08:53:04,False,True,False,False,False,True,True
25,25 - 45,Low,0,0.0,2,0,0,2013-05-11 01:13:34,2013-05-11 06:35:21,False,True,False,False,False,True,False
25,25 - 45,Low,2,0.0,4,1,1,2014-09-19 06:29:55,2014-09-19 08:58:12,False,True,False,False,False,True,True
32,25 - 45,High,12,-1.0,10,1,1,2013-05-06 08:54:39,2013-05-08 02:59:50,False,False,False,False,False,True,True
23,Less than 25,High,6,0.0,9,1,1,2013-01-28 05:06:16,2013-02-03 02:50:43,False,True,False,False,False,True,False
52,Greater than 45,Low,1,-1.0,1,0,0,2013-10-21 11:28:17,2013-11-15 09:18:28,False,True,False,False,False,True,False
37,25 - 45,Low,1,-9.0,2,0,0,2013-11-05 05:01:02,2013-11-06 01:55:26,False,True,False,False,False,True,True
22,Less than 25,Medium,0,-3.0,5,0,0,2013-06-21 12:31:31,2013-06-21 07:33:13,False,True,False,False,False,True,False
31,25 - 45,Medium,6,-1.0,5,0,0,2013-01-25 03:14:43,2013-01-26 08:15:46,False,True,False,False,False,True,True
48,Greater than 45,Medium,9,-1.0,6,0,0,2013-03-06 04:52:48,2013-03-07 06:01:55,False,True,False,False,False,True,False
38,25 - 45,Low,0,0.0,1,0,0,2013-10-15 03:11:18,2013-10-15 07:48:38,False,False,True,False,False,True,True
50,Greater than 45,Low,8,-1.0,3,0,0,2013-09-15 11:12:24,2014-03-07 03:16:00,False,True,False,False,False,True,False
53,Greater than 45,Low,1,-1.0,1,0,0,2013-02-03 04:59:00,2013-02-04 07:14:28,False,False,True,False,False,True,False
33,25 - 45,Low,0,-1.0,1,0,0,2013-03-11 12:27:40,2013-03-22 09:48:08,False,False,False,False,True,True,True
27,25 - 45,Low,0,-1.0,1,0,0,2013-04-28 08:51:15,2013-04-29 12:45:59,False,False,False,False,False,True,True
30,25 - 45,Low,0,0.0,1,0,0,2014-03-06 02:54:16,2014-03-06 08:15:55,False,False,True,False,False,True,False
20,Less than 25,Medium,1,-20.0,6,0,0,2014-01-16 08:27:08,2014-01-19 02:09:26,False,False,False,False,False,True,False
31,25 - 45,Medium,2,0.0,6,0,0,2013-04-24 02:55:38,2013-08-19 05:41:56,False,True,False,False,False,False,True
69,Greater than 45,Low,2,0.0,1,0,0,2013-02-04 05:06:23,2013-02-04 12:44:20,False,True,False,False,False,False,True
30,25 - 45,Low,0,-1.0,2,0,0,2013-10-23 09:15:21,2013-10-24 09:33:45,False,False,False,False,False,True,False
22,Less than 25,Medium,0,0.0,7,0,0,2013-01-15 12:42:27,2013-01-15 02:11:49,False,False,False,False,False,False,False
21,Less than 25,High,1,-1.0,9,0,0,2013-02-18 07:28:38,2013-02-20 03:44:17,False,False,False,False,False,True,False
38,25 - 45,Low,2,0.0,1,0,0,2013-12-03 05:13:10,2013-12-11 11:56:18,True,False,False,False,False,True,False
28,25 - 45,Medium,2,-1.0,5,0,0,2013-10-30 07:57:19,2013-10-31 01:45:23,False,False,False,False,False,True,True
32,25 - 45,Low,7,-1.0,2,1,0,2013-02-10 09:25:19,2013-02-15 10:47:40,False,False,False,False,False,True,False
21,Less than 25,Low,0,-1.0,3,1,1,2013-03-30 03:21:05,2013-03-31 07:12:30,False,False,False,False,True,True,False
42,25 - 45,Medium,8,-1.0,5,0,0,2013-10-02 10:41:22,2013-10-04 05:24:16,False,False,False,False,False,True,False
46,Greater than 45,Low,0,-1.0,1,1,0,2013-12-30 05:41:40,2013-12-31 01:23:54,False,False,False,False,False,True,True
24,Less than 25,High,0,0.0,10,0,0,2013-04-27 02:50:45,2013-04-28 03:43:53,False,False,True,False,False,True,False
38,25 - 45,Medium,7,-1.0,6,0,0,2013-03-27 11:16:50,2013-10-11 06:18:15,False,False,False,False,False,True,True
42,25 - 45,Low,0,-1.0,4,0,0,2013-12-09 09:39:35,2013-12-10 01:03:57,False,True,False,False,False,True,False
45,Greater than 45,Medium,2,-1.0,6,0,0,2013-02-01 10:14:11,2013-03-02 04:50:50,False,False,False,False,False,True,True
26,25 - 45,Low,2,-23.0,4,0,0,2014-02-08 07:11:12,2014-02-09 01:26:52,False,False,False,False,False,True,False
57,Greater than 45,Medium,8,-1.0,7,1,0,2013-03-23 07:39:14,2013-03-28 08:55:47,False,False,False,False,False,True,True
58,Greater than 45,Low,1,-1.0,1,0,0,2013-04-02 11:17:17,2013-06-21 10:09:13,False,True,False,False,False,True,False
28,25 - 45,Low,6,-2.0,4,0,0,2014-01-04 09:16:10,2014-01-06 11:05:22,False,True,False,False,False,True,False
39,25 - 45,Low,0,-1.0,1,0,0,2013-10-09 02:26:58,2013-10-11 10:06:16,False,True,False,False,False,True,True
53,Greater than 45,Low,5,0.0,2,0,0,2013-05-27 04:31:38,2013-05-29 04:34:47,False,False,False,False,False,True,True
50,Greater than 45,Low,1,-4.0,1,0,0,2013-12-26 09:12:06,2013-12-28 02:38:17,False,True,False,False,False,True,False
52,Greater than 45,Low,0,0.0,1,0,0,2013-03-21 12:52:08,2013-03-21 06:13:19,False,False,False,False,False,False,True
54,Greater than 45,Low,3,-1.0,3,1,1,2014-08-11 06:33:16,2014-08-20 05:15:20,False,True,False,False,False,True,False
28,25 - 45,Low,0,0.0,2,0,0,2013-08-09 12:26:04,2013-08-09 08:35:47,False,False,False,False,False,True,False
29,25 - 45,Medium,0,-1.0,7,0,0,2013-03-03 09:50:11,2013-03-04 08:09:45,False,True,False,False,False,False,True
34,25 - 45,Low,5,-1.0,1,0,0,2014-02-06 07:11:47,2014-02-07 08:33:05,False,True,False,False,False,True,False
53,Greater than 45,Low,1,-12.0,1,0,0,2014-02-01 11:21:58,2014-02-13 10:41:33,False,True,False,False,False,True,False
32,25 - 45,Medium,5,-1.0,7,0,0,2013-02-17 07:51:04,2013-02-18 10:17:02,False,False,False,False,False,False,False
24,Less than 25,Medium,1,-1.0,7,0,0,2013-02-18 01:55:35,2013-03-15 01:12:27,False,False,False,False,False,True,True
56,Greater than 45,Low,0,0.0,1,0,0,2013-12-11 03:02:20,2013-12-12 08:42:00,False,True,False,False,False,True,True
30,25 - 45,Low,4,-1.0,2,1,1,2014-09-04 07:57:39,2014-09-05 09:06:40,False,False,False,False,False,True,True
30,25 - 45,Low,0,-1.0,1,0,0,2013-11-22 03:20:19,2013-11-24 02:55:48,False,False,False,False,False,True,False
25,25 - 45,Low,2,-1.0,4,0,0,2013-11-22 08:30:44,2013-11-23 10:09:46,False,False,False,False,False,True,False
20,Less than 25,Low,1,-24.0,3,0,0,2014-03-03 02:12:12,2014-03-04 08:49:31,False,False,False,False,False,True,False
43,25 - 45,Low,0,-1.0,4,0,0,2014-02-18 05:27:55,2014-02-19 02:01:25,False,True,False,False,False,True,True
21,Less than 25,Medium,0,0.0,6,0,0,2013-02-21 05:16:18,2013-02-21 09:22:51,False,True,False,False,False,False,False
37,25 - 45,Low,0,0.0,1,0,0,2013-12-27 03:37:41,2013-12-28 01:23:50,False,True,False,False,False,False,True
37,25 - 45,High,14,-1.0,8,0,0,2013-08-01 07:15:54,2013-08-02 08:36:19,False,False,False,False,False,True,False
25,25 - 45,Low,0,-1.0,2,0,0,2014-02-24 07:11:53,2014-02-25 08:52:44,False,True,False,False,False,True,False
59,Greater than 45,Low,0,-1.0,1,0,0,2014-02-05 04:46:13,2014-02-05 09:09:15,False,True,False,False,False,False,True
40,25 - 45,Low,1,-1.0,1,0,0,2013-09-10 09:23:16,2013-09-12 05:32:53,False,False,False,False,False,True,False
27,25 - 45,Low,5,-12.0,4,0,0,2013-12-21 05:45:16,2013-12-23 06:49:08,False,True,False,False,False,True,True
22,Less than 25,High,1,-1.0,8,0,0,2013-08-13 01:31:52,2013-09-18 11:56:57,False,False,False,False,False,True,False
22,Less than 25,High,0,-1.0,9,0,0,2013-01-14 12:35:16,2013-01-15 06:41:16,False,False,False,False,False,True,False
47,Greater than 45,Medium,5,-1.0,6,0,0,2014-01-11 08:21:16,2014-01-13 11:49:59,False,False,False,False,False,True,False
32,25 - 45,Medium,9,-1.0,7,1,1,2013-01-23 08:51:29,2013-02-15 09:20:28,False,False,False,False,False,True,True
22,Less than 25,Medium,0,-1.0,5,1,1,2013-03-11 10:30:13,2013-03-12 01:07:23,False,False,False,False,False,True,False
21,Less than 25,Low,0,0.0,3,0,0,2013-01-26 04:26:50,2013-01-26 07:17:27,False,True,False,False,False,True,False
24,Less than 25,Low,0,0.0,4,0,0,2014-01-16 12:57:15,2014-01-17 02:06:24,False,False,False,False,False,True,False
21,Less than 25,Medium,0,0.0,7,0,0,2014-03-02 01:56:04,2014-03-05 03:46:32,False,False,False,False,False,True,False
21,Less than 25,Low,0,-1.0,3,0,0,2013-12-27 04:28:14,2013-12-28 08:24:11,False,False,False,False,False,True,True
21,Less than 25,Low,0,-2.0,3,0,0,2014-01-31 11:42:11,2014-02-14 01:25:03,False,False,False,False,False,True,False
31,25 - 45,Low,1,-27.0,1,0,0,2013-09-04 12:57:02,2013-09-04 08:28:00,False,False,False,False,False,True,True
44,25 - 45,Low,0,0.0,1,0,0,2013-02-26 03:50:14,2013-04-09 07:40:28,False,False,False,False,False,True,False
27,25 - 45,Medium,0,-3.0,6,0,0,2013-07-05 02:10:44,2013-07-06 07:33:50,False,True,False,False,False,True,False
27,25 - 45,Low,1,-1.0,4,1,1,2014-08-25 10:18:43,2014-08-26 08:44:24,False,False,False,False,False,True,False
36,25 - 45,Low,9,-1.0,4,0,0,2013-02-22 08:41:18,2013-04-21 02:27:19,False,False,False,False,False,True,False
59,Greater than 45,Low,0,-1.0,1,0,0,2013-03-24 01:58:50,2013-03-25 08:08:20,False,True,False,False,False,True,True
25,25 - 45,Low,0,-1.0,2,0,0,2013-09-13 08:03:52,2013-09-14 07:39:15,False,False,False,False,False,False,True
59,Greater than 45,Low,1,-25.0,1,0,0,2013-09-01 10:54:33,2013-09-02 01:06:24,False,False,False,False,True,True,True
26,25 - 45,Low,0,-1.0,3,0,0,2013-03-24 03:23:32,2013-03-26 11:28:11,False,False,True,False,False,True,False
26,25 - 45,High,1,0.0,9,0,0,2013-03-20 12:31:18,2013-03-20 08:23:50,False,False,False,False,False,True,False
32,25 - 45,Low,0,0.0,2,0,0,2013-02-11 04:34:29,2013-02-11 07:32:37,False,False,True,False,False,True,True
20,Less than 25,High,1,0.0,10,1,1,2013-11-19 02:33:54,2013-11-21 03:37:00,False,False,False,False,False,True,False
43,25 - 45,Low,1,-1.0,1,0,0,2013-09-29 03:52:01,2013-09-30 08:01:14,False,False,False,False,False,True,False
49,Greater than 45,Low,1,-26.0,1,0,0,2013-07-18 01:48:52,2013-07-18 12:10:03,False,True,False,False,False,False,True
24,Less than 25,Low,2,-1.0,3,1,1,2013-01-10 09:02:17,2013-02-12 09:16:30,False,False,False,False,False,True,True
33,25 - 45,Low,2,-14.0,4,0,0,2014-01-17 04:21:17,2014-01-31 10:00:28,False,True,False,False,False,True,False
33,25 - 45,Low,0,-1.0,2,0,0,2013-11-21 10:18:43,2013-11-22 03:53:50,False,False,False,False,True,False,False
19,Less than 25,Medium,0,-1.0,6,1,1,2014-07-03 09:58:44,2014-07-06 04:26:19,False,True,False,False,False,True,True
25,25 - 45,Medium,0,-1.0,7,0,0,2013-12-06 05:45:53,2013-12-07 01:44:27,False,False,True,False,False,True,False
42,25 - 45,Low,0,-1.0,2,0,0,2013-02-09 02:53:17,2013-02-12 05:49:29,False,False,False,True,False,True,True
34,25 - 45,Low,1,-5.0,3,0,0,2013-06-01 10:35:08,2013-06-05 06:03:38,False,False,True,False,False,False,True
25,25 - 45,Low,0,-1.0,4,0,0,2014-01-18 06:18:49,2014-01-19 08:45:11,False,True,False,False,False,False,False
43,25 - 45,Low,2,-17.0,2,0,0,2013-12-22 11:44:51,2014-01-08 10:45:35,False,False,False,False,False,False,True
24,Less than 25,Medium,1,0.0,5,1,0,2013-02-01 06:22:17,2013-02-02 03:17:53,False,False,False,False,False,True,False
32,25 - 45,Low,2,0.0,1,0,0,2013-05-29 04:36:00,2013-05-30 04:49:03,False,True,False,False,False,True,False
25,25 - 45,Medium,2,-1.0,5,1,1,2013-02-10 03:23:16,2013-02-11 07:27:53,False,False,False,False,False,True,False
54,Greater than 45,Low,6,-1.0,4,0,0,2013-12-01 02:04:46,2013-12-02 09:23:47,False,False,False,False,False,False,False
58,Greater than 45,Medium,2,-1.0,5,0,0,2014-02-20 07:21:42,2014-02-25 08:15:11,False,True,False,False,False,True,False
31,25 - 45,Medium,3,0.0,5,0,0,2014-01-21 01:48:08,2014-01-21 08:50:46,False,True,False,False,False,True,True
52,Greater than 45,Low,7,-23.0,2,0,0,2013-11-09 12:08:27,2013-11-10 07:41:16,False,True,False,False,False,True,False
20,Less than 25,High,0,-1.0,10,1,1,2014-09-28 05:46:42,2014-10-02 08:08:29,False,False,False,False,False,True,True
26,25 - 45,High,24,-1.0,10,1,1,2013-01-12 11:37:16,2013-04-08 08:36:41,False,False,False,False,False,True,True
37,25 - 45,Low,0,0.0,1,0,0,2013-01-01 03:28:03,2013-01-02 01:12:19,False,True,False,False,False,False,True
26,25 - 45,Medium,5,-1.0,7,1,1,2013-04-09 11:57:35,2013-04-16 10:03:13,False,False,False,False,False,True,False
28,25 - 45,Medium,0,0.0,7,0,0,2013-04-07 02:56:56,2013-04-08 03:59:28,False,True,False,False,False,True,False
61,Greater than 45,Low,0,0.0,1,0,0,2013-05-08 05:38:16,2013-05-14 09:38:56,False,True,False,False,False,True,True
21,Less than 25,Medium,2,-1.0,5,1,1,2013-12-30 09:08:22,2013-12-31 10:47:09,False,False,True,False,False,True,False
42,25 - 45,Low,1,-1.0,3,1,1,2013-10-28 08:04:32,2013-10-29 02:05:32,False,True,False,False,False,True,True
34,25 - 45,Medium,0,0.0,5,0,0,2013-02-15 10:54:22,2013-03-02 09:04:47,False,True,False,False,False,True,False
27,25 - 45,Low,1,-1.0,3,0,0,2014-03-12 06:56:34,2014-03-14 09:40:21,False,False,False,False,False,False,False
54,Greater than 45,Low,0,0.0,3,1,1,2013-09-06 02:07:01,2013-09-26 10:18:23,False,True,False,False,False,False,False
26,25 - 45,Low,2,-29.0,4,0,0,2013-05-30 07:22:09,2013-06-28 05:34:53,False,False,False,False,False,True,True
67,Greater than 45,Low,0,-1.0,1,0,0,2013-08-19 09:39:32,2013-08-20 01:59:18,True,False,False,False,False,True,True
32,25 - 45,Low,2,-1.0,2,0,0,2013-04-18 10:07:01,2013-04-19 07:21:29,False,True,False,False,False,True,False
23,Less than 25,Low,0,-1.0,4,0,0,2013-08-26 09:14:14,2013-08-27 06:17:54,False,False,False,False,True,True,False
30,25 - 45,Low,0,0.0,2,0,0,2014-01-12 01:20:12,2014-01-12 07:13:40,False,False,False,False,False,False,True
37,25 - 45,Low,0,-1.0,1,0,0,2014-03-07 06:26:42,2014-03-08 09:43:00,False,True,False,False,False,False,True
26,25 - 45,High,10,-1.0,9,1,1,2013-03-04 11:33:53,2013-03-05 04:54:32,False,False,False,False,False,True,False
52,Greater than 45,Medium,4,0.0,5,0,0,2014-01-21 01:50:50,2014-01-22 02:48:22,False,False,False,False,False,True,True
34,25 - 45,Low,3,-4.0,1,0,0,2013-04-25 12:41:50,2013-04-26 07:20:08,False,False,False,False,False,True,True
24,Less than 25,Low,0,-1.0,2,0,0,2013-04-12 04:15:18,2013-04-13 04:49:36,False,True,False,False,False,True,False
30,25 - 45,Low,2,-1.0,4,0,0,2013-12-27 09:29:12,2014-01-02 06:27:38,False,False,False,False,False,True,True
33,25 - 45,Low,0,-1.0,1,0,0,2013-04-25 06:50:35,2013-04-26 08:17:42,False,False,False,False,True,True,False
53,Greater than 45,Low,18,0.0,2,0,0,2013-09-06 03:05:03,2013-09-07 05:14:11,False,False,True,False,False,True,False
56,Greater than 45,Low,0,-1.0,1,0,0,2013-01-20 07:13:34,2013-01-21 08:18:53,False,False,False,False,True,True,True
35,25 - 45,Medium,3,-1.0,5,1,1,2014-12-11 04:17:47,2014-12-12 08:48:06,False,True,False,False,False,True,False
26,25 - 45,Low,0,-1.0,2,0,0,2013-08-16 11:58:17,2013-08-17 01:12:43,False,False,False,False,False,False,True
27,25 - 45,High,13,-1.0,8,1,1,2013-04-16 07:03:53,2013-04-17 10:30:53,False,False,False,False,False,True,True
23,Less than 25,Low,0,-1.0,2,0,0,2014-02-05 09:02:47,2014-02-06 10:06:16,False,False,False,False,False,True,False
31,25 - 45,High,11,0.0,10,1,1,2014-08-27 12:36:35,2014-08-27 01:58:47,False,False,False,False,False,True,False
28,25 - 45,Medium,1,0.0,7,0,0,2014-01-11 05:21:34,2014-01-11 08:39:59,False,False,False,False,False,True,False
28,25 - 45,Low,0,0.0,3,1,1,2014-02-17 01:46:34,2014-03-04 05:23:42,False,False,False,False,False,True,False
33,25 - 45,Low,0,-2.0,2,0,0,2013-07-27 02:32:45,2013-07-28 02:02:00,False,True,False,False,False,False,True
69,Greater than 45,Low,0,-1.0,1,0,0,2013-08-13 06:03:42,2013-08-14 05:41:20,False,False,False,False,True,True,False
25,25 - 45,High,7,0.0,9,1,0,2013-01-19 12:25:22,2013-01-20 07:58:22,False,False,False,True,False,True,False
38,25 - 45,High,16,28.0,9,1,1,2013-11-01 05:17:12,2013-12-04 09:22:13,False,False,False,False,False,True,True
31,25 - 45,Medium,2,0.0,5,0,0,2013-03-19 04:52:54,2013-04-04 08:16:47,False,True,False,False,False,True,False
23,Less than 25,Medium,10,-1.0,7,1,0,2013-01-11 01:35:04,2013-03-22 08:45:44,False,True,False,False,False,True,False
23,Less than 25,Low,0,-1.0,2,0,0,2014-03-14 01:21:01,2014-03-16 03:52:46,False,False,False,False,False,True,False
55,Greater than 45,Low,2,-1.0,1,0,0,2013-04-02 11:56:46,2013-04-04 10:21:45,False,True,False,False,False,True,False
29,25 - 45,Low,0,-1.0,2,0,0,2013-12-25 09:52:58,2013-12-26 01:17:54,False,False,False,False,False,True,True
21,Less than 25,Low,1,-1.0,3,1,0,2013-01-22 11:18:53,2013-01-23 07:03:36,False,True,False,False,False,True,True
32,25 - 45,Low,0,0.0,1,0,0,2013-02-02 12:08:15,2013-02-02 05:41:52,False,False,False,False,False,True,False
32,25 - 45,Low,5,-29.0,2,1,0,2013-10-20 11:26:38,2013-10-25 01:43:47,False,True,False,False,False,False,False
36,25 - 45,Low,2,-1.0,1,0,0,2013-10-14 07:59:18,2013-10-15 07:40:50,False,True,False,False,False,True,True
32,25 - 45,Low,1,-1.0,1,0,0,2013-12-15 05:33:45,2013-12-16 01:04:00,False,False,False,False,False,False,True
32,25 - 45,Low,3,0.0,3,0,0,2013-05-24 02:14:27,2013-05-24 08:22:34,False,False,True,False,False,True,False
42,25 - 45,Low,1,-1.0,1,0,0,2014-01-31 07:36:13,2014-02-02 04:00:35,False,False,False,False,False,True,False
47,Greater than 45,Low,1,-23.0,1,0,0,2013-01-30 02:41:32,2013-01-31 02:44:11,False,False,False,False,False,True,False
29,25 - 45,Low,2,-1.0,1,0,0,2014-03-16 09:38:22,2014-03-17 02:19:07,False,False,False,False,False,True,True
42,25 - 45,Low,0,-1.0,4,0,0,2013-10-15 10:30:48,2013-10-16 08:02:49,False,True,False,False,False,True,True
56,Greater than 45,Low,3,0.0,3,0,0,2013-05-14 03:48:04,2013-05-14 08:07:48,False,True,False,False,False,True,True
40,25 - 45,Medium,23,30.0,6,1,1,2013-10-12 10:22:16,2013-11-13 08:08:17,False,False,False,False,False,True,True
37,25 - 45,Low,3,-1.0,1,0,0,2013-04-21 07:57:11,2013-04-22 03:57:11,False,True,False,False,False,True,True
57,Greater than 45,Low,2,-28.0,1,0,0,2013-01-10 01:43:25,2013-01-19 05:21:41,False,True,False,False,False,True,False
36,25 - 45,Low,1,0.0,3,0,0,2013-04-22 02:33:46,2013-07-26 05:05:36,False,False,True,False,False,True,False
35,25 - 45,Medium,7,0.0,7,0,0,2013-12-05 02:13:10,2013-12-06 04:02:34,False,False,True,False,False,True,False
29,25 - 45,Low,0,-1.0,4,1,1,2013-09-19 01:59:44,2013-09-20 07:48:00,False,False,True,False,False,False,False
20,Less than 25,Low,0,-1.0,4,0,0,2013-10-23 05:29:31,2013-10-24 09:33:22,False,True,False,False,False,True,True
41,25 - 45,Low,0,-1.0,1,0,0,2014-01-09 08:49:51,2014-01-10 01:49:35,False,True,False,False,False,False,True
25,25 - 45,Medium,1,-1.0,6,0,0,2013-03-19 01:12:22,2013-03-20 01:14:42,False,False,False,False,False,True,True
36,25 - 45,Medium,1,0.0,5,0,0,2014-02-21 05:15:33,2014-02-22 03:34:25,False,False,False,False,False,False,True
69,Greater than 45,Low,0,-1.0,1,0,0,2013-01-30 08:36:13,2013-01-31 07:20:04,False,True,False,False,False,True,True
20,Less than 25,Low,2,-17.0,3,1,1,2014-10-19 08:57:11,2014-11-04 09:23:44,False,False,False,False,False,True,False
21,Less than 25,Medium,2,-1.0,7,1,1,2014-10-12 11:11:46,2014-10-15 01:25:15,False,False,True,False,False,True,False
24,Less than 25,Low,2,-1.0,4,0,0,2013-05-20 02:27:24,2013-05-24 02:22:59,False,False,False,False,False,True,True
35,25 - 45,Medium,0,-1.0,7,0,0,2013-04-24 07:43:40,2013-04-26 08:46:06,False,False,False,False,False,True,False
47,Greater than 45,Low,1,-1.0,1,1,1,2014-03-20 02:12:50,2014-03-22 03:16:24,False,False,False,False,False,True,True
33,25 - 45,Low,2,-1.0,3,0,0,2013-02-07 12:53:38,2013-02-07 07:17:58,False,True,False,False,False,False,False
40,25 - 45,Low,2,-1.0,3,1,0,2013-09-26 05:51:39,2013-09-27 01:50:53,False,False,False,False,False,True,True
53,Greater than 45,Low,1,-1.0,3,0,0,2013-04-16 09:32:04,2013-04-17 09:11:10,False,True,False,False,False,False,True
53,Greater than 45,Low,0,0.0,1,0,0,2013-01-18 04:05:07,2013-01-18 08:05:05,False,True,False,False,False,False,True
57,Greater than 45,Low,0,-2.0,1,0,0,2013-02-27 09:46:46,2013-02-27 07:21:49,False,True,False,False,False,True,False
44,25 - 45,Medium,1,-6.0,5,0,0,2013-04-03 11:25:15,2013-04-08 08:29:22,False,True,False,False,False,False,True
26,25 - 45,High,3,0.0,10,0,0,2013-11-06 04:37:08,2013-11-06 08:11:56,False,True,False,False,False,True,True
27,25 - 45,Medium,8,-1.0,7,1,1,2013-03-08 01:58:58,2013-04-26 07:01:57,False,False,False,False,False,True,False
24,Less than 25,Low,1,-1.0,2,1,1,2013-09-23 10:13:09,2013-09-25 09:17:37,False,False,False,False,False,True,True
50,Greater than 45,Medium,4,-3.0,5,0,0,2013-12-23 11:01:49,2013-12-25 12:33:55,False,False,False,False,False,True,True
31,25 - 45,Medium,6,27.0,6,1,1,2014-07-22 09:26:47,2014-09-09 05:03:17,False,False,False,False,False,True,True
51,Greater than 45,Low,0,-1.0,1,0,0,2013-08-26 12:54:03,2013-08-26 08:14:39,False,False,True,False,False,True,True
28,25 - 45,Low,1,-1.0,4,0,0,2014-02-12 02:08:55,2014-02-13 08:48:41,False,True,False,False,False,False,True
21,Less than 25,Medium,1,-1.0,5,1,1,2013-02-15 11:10:37,2013-02-16 01:18:11,False,False,True,False,False,True,True
37,25 - 45,Medium,13,-1.0,7,0,0,2013-12-31 04:20:51,2014-01-01 09:05:13,False,True,False,False,False,True,False
25,25 - 45,High,6,0.0,8,1,1,2014-04-06 02:30:39,2014-04-06 07:45:48,False,True,False,False,False,True,False
38,25 - 45,Low,5,-1.0,4,0,0,2013-11-30 11:15:26,2013-12-06 02:02:27,False,False,False,False,False,True,True
28,25 - 45,Low,2,-1.0,1,0,0,2013-02-12 03:30:44,2013-02-13 08:00:37,False,True,False,False,False,True,True
37,25 - 45,Low,2,-1.0,3,0,0,2014-02-10 05:10:21,2014-02-11 08:51:53,False,False,True,False,False,True,True
35,25 - 45,Medium,0,-1.0,7,0,0,2013-01-18 07:51:52,2013-01-19 07:34:56,False,False,True,False,False,True,False
43,25 - 45,Medium,4,0.0,5,1,1,2014-05-22 04:41:27,2014-05-23 03:56:30,False,False,False,False,False,True,True
23,Less than 25,Medium,0,-1.0,7,0,0,2013-05-09 10:04:43,2013-05-10 08:01:13,False,False,False,False,False,True,True
37,25 - 45,High,17,-1.0,9,0,0,2013-05-11 12:13:17,2013-06-26 04:02:19,False,False,False,False,False,True,True
30,25 - 45,Low,3,-1.0,4,0,0,2013-03-26 09:34:36,2013-03-27 01:22:00,False,True,False,False,False,True,True
29,25 - 45,Low,0,-1.0,2,0,0,2013-11-11 02:32:59,2013-11-12 08:34:16,False,False,False,False,True,True,False
71,Greater than 45,Low,1,-28.0,1,0,0,2013-05-28 10:34:00,2013-06-01 09:54:23,False,True,False,False,False,True,True
22,Less than 25,Low,0,-1.0,3,0,0,2013-05-09 01:18:03,2013-05-09 07:50:08,False,False,True,False,False,True,False
29,25 - 45,Low,0,-2.0,2,1,1,2013-08-18 03:04:45,2013-08-19 06:39:02,False,False,True,False,False,False,True
68,Greater than 45,Low,2,0.0,4,0,0,2013-12-20 03:05:36,2013-12-20 08:39:18,False,False,False,False,False,True,False
30,25 - 45,Low,0,-1.0,1,0,0,2014-01-02 01:34:35,2014-01-03 01:49:26,False,False,True,False,False,True,True
27,25 - 45,Low,0,-2.0,3,1,1,2013-01-08 07:18:36,2013-01-09 01:34:00,False,False,False,False,False,False,False
26,25 - 45,Low,5,-1.0,3,0,0,2013-04-18 07:25:19,2013-04-19 01:04:18,False,False,True,False,False,True,False
56,Greater than 45,Low,1,-1.0,2,0,0,2013-10-29 08:23:19,2013-10-30 06:28:18,False,False,False,False,False,True,False
43,25 - 45,Low,1,-1.0,1,0,0,2013-01-24 03:43:22,2013-01-25 09:12:10,False,True,False,False,False,True,True
24,Less than 25,Medium,0,-1.0,5,0,0,2013-11-20 06:49:02,2013-11-21 07:48:03,False,True,False,False,False,False,True
53,Greater than 45,Low,0,-1.0,1,0,0,2013-12-08 05:37:02,2013-12-09 02:01:16,False,True,False,False,False,False,True
30,25 - 45,Medium,4,-1.0,5,0,0,2013-10-19 07:52:55,2013-10-20 08:37:47,False,False,False,False,False,False,False
28,25 - 45,Low,4,-1.0,4,0,0,2013-08-08 07:17:53,2013-08-09 08:35:26,False,False,False,False,False,True,False
30,25 - 45,Low,0,0.0,4,0,0,2013-05-04 12:45:31,2013-05-06 08:53:01,False,True,False,False,False,True,False
25,25 - 45,Low,4,-1.0,4,0,0,2013-01-09 02:20:36,2013-07-11 06:30:31,False,True,False,False,False,True,False
23,Less than 25,Low,0,-1.0,3,0,0,2013-09-08 01:03:31,2013-09-08 02:03:07,False,False,True,False,False,True,False
36,25 - 45,Low,2,-4.0,2,0,0,2013-02-25 02:38:41,2013-02-25 08:51:02,False,False,False,False,False,True,True
28,25 - 45,Low,0,-1.0,2,0,0,2013-12-01 11:59:34,2013-12-02 09:37:16,False,True,False,False,False,False,False
43,25 - 45,Low,0,-1.0,1,0,0,2013-02-10 02:39:21,2013-02-11 04:05:45,False,True,False,False,False,False,True
22,Less than 25,High,0,-1.0,8,0,0,2013-12-04 07:09:34,2013-12-05 09:19:46,False,False,False,False,False,False,False
26,25 - 45,Medium,7,-19.0,7,0,0,2013-11-07 09:49:10,2013-11-26 12:03:33,False,False,False,False,False,True,False
29,25 - 45,Medium,3,-1.0,6,0,0,2013-05-10 05:06:24,2013-11-04 03:54:40,False,False,False,False,True,True,False
64,Greater than 45,Medium,13,-28.0,6,0,0,2013-08-20 04:49:05,2013-08-21 07:35:28,False,False,False,False,False,True,True
34,25 - 45,High,0,-1.0,8,1,1,2014-09-26 02:13:08,2014-10-29 10:16:27,False,False,False,False,False,True,False
24,Less than 25,Low,1,-23.0,4,0,0,2013-11-26 11:09:43,2013-11-28 12:59:40,False,True,False,False,False,True,False
27,25 - 45,Low,0,-1.0,2,0,0,2013-09-04 11:06:07,2013-09-05 07:54:41,False,False,True,False,False,True,True
46,Greater than 45,Low,0,0.0,1,0,0,2013-02-13 01:58:51,2013-02-13 07:54:38,False,True,False,False,False,True,True
41,25 - 45,Low,0,-1.0,1,0,0,2013-08-05 05:06:05,2013-08-09 03:55:02,False,True,False,False,False,True,False
38,25 - 45,Low,1,-1.0,1,1,1,2014-06-12 07:29:49,2014-06-13 01:45:37,False,True,False,False,False,True,True
25,25 - 45,Medium,2,0.0,6,1,0,2013-02-22 01:53:57,2013-02-22 09:26:25,False,True,False,False,False,True,False
22,Less than 25,High,11,0.0,10,1,1,2014-12-10 01:21:36,2014-12-10 01:26:52,False,False,False,False,False,True,False
28,25 - 45,High,5,-1.0,10,0,0,2013-09-10 04:03:57,2013-09-11 08:05:58,False,False,False,False,False,True,False
25,25 - 45,Low,1,0.0,3,0,0,2013-04-01 01:23:05,2013-04-01 02:19:10,False,False,False,False,False,True,True
35,25 - 45,Low,5,-1.0,3,0,0,2013-11-19 12:43:57,2013-11-20 09:48:47,False,False,False,False,False,False,False
48,Greater than 45,Low,0,-1.0,2,0,0,2013-05-24 08:33:21,2013-05-26 07:23:38,False,True,False,False,False,False,False
20,Less than 25,Low,1,-1.0,3,0,0,2014-01-28 12:49:23,2014-01-29 10:42:36,False,False,False,False,False,True,False
34,25 - 45,High,10,-1.0,9,1,1,2013-03-17 08:10:17,2013-03-18 02:41:05,False,False,False,False,False,True,False
26,25 - 45,Low,2,0.0,4,0,0,2013-01-10 12:22:27,2013-01-12 02:52:10,False,True,False,False,False,True,False
31,25 - 45,Low,0,0.0,3,0,0,2014-02-17 12:34:37,2014-02-17 09:33:27,False,False,False,False,False,False,False
30,25 - 45,Medium,0,0.0,5,0,0,2013-03-14 02:57:45,2013-03-15 06:01:08,False,True,False,False,False,False,False
35,25 - 45,High,12,-1.0,9,0,0,2014-02-10 02:02:43,2014-02-20 10:54:05,False,False,True,False,False,True,False
29,25 - 45,Medium,0,0.0,7,0,0,2013-10-01 01:08:10,2013-10-01 08:58:30,False,False,False,False,False,True,False
37,25 - 45,Medium,8,-1.0,5,1,0,2013-01-13 05:05:40,2013-01-27 09:09:14,False,False,False,False,False,True,False
53,Greater than 45,Low,2,-2.0,1,0,0,2013-05-01 05:14:23,2013-05-02 05:04:15,False,True,False,False,False,True,False
22,Less than 25,Medium,0,-1.0,6,0,0,2013-03-04 08:02:42,2013-03-05 09:56:34,False,True,False,False,False,True,False
58,Greater than 45,Low,1,-2.0,1,0,0,2014-03-03 02:58:09,2014-03-05 04:31:06,False,False,True,False,False,True,True
24,Less than 25,Low,0,0.0,3,0,0,2013-01-14 03:09:07,2013-01-14 06:34:18,False,False,False,False,True,True,True
21,Less than 25,Medium,0,-1.0,7,0,0,2013-03-23 10:29:29,2013-03-24 10:53:35,False,True,False,False,False,True,True
35,25 - 45,High,13,0.0,8,0,0,2013-03-13 01:13:54,2013-03-15 10:13:46,False,False,False,False,False,False,False
21,Less than 25,Low,0,-5.0,3,0,0,2013-02-14 06:57:35,2013-02-15 04:33:41,False,False,True,False,False,True,False
33,25 - 45,Low,0,-1.0,1,0,0,2014-03-19 08:34:38,2014-03-20 10:14:22,False,False,False,False,False,False,True
47,Greater than 45,Low,4,0.0,3,0,0,2013-03-30 03:56:44,2013-03-30 07:56:58,False,False,False,False,False,True,False
32,25 - 45,Medium,5,-1.0,5,1,1,2013-02-21 03:26:24,2013-02-22 01:32:44,False,True,False,False,False,True,False
39,25 - 45,Low,3,-1.0,1,1,1,2013-02-06 07:58:18,2013-02-07 10:26:20,False,True,False,False,False,True,False
34,25 - 45,Medium,10,-1.0,7,0,0,2013-02-05 05:25:18,2013-02-06 07:15:25,False,False,False,False,False,True,False
54,Greater than 45,Low,2,-1.0,1,0,0,2013-08-28 02:23:37,2014-03-04 11:31:17,False,False,True,False,False,True,False
44,25 - 45,Low,0,-2.0,1,0,0,2013-08-18 03:23:05,2013-08-19 06:27:00,False,False,True,False,False,False,True
53,Greater than 45,Low,1,-2.0,1,0,0,2014-02-08 04:19:13,2014-02-09 07:31:52,False,True,False,False,False,True,True
21,Less than 25,Medium,1,-21.0,6,0,0,2013-11-25 09:39:37,2013-11-26 02:01:43,False,True,False,False,False,True,True
34,25 - 45,Low,1,-1.0,2,0,0,2013-09-20 07:19:58,2013-09-21 08:53:51,False,False,False,False,False,True,False
26,25 - 45,Low,2,-1.0,2,0,0,2013-04-01 11:49:53,2013-04-02 12:59:44,False,False,False,False,False,True,False
30,25 - 45,Low,2,-1.0,1,0,0,2013-02-01 07:57:47,2013-02-02 08:53:50,False,False,False,False,True,True,False
35,25 - 45,Low,2,0.0,2,1,1,2013-08-27 01:13:03,2013-09-30 06:47:08,False,True,False,False,False,True,True
35,25 - 45,Medium,17,-1.0,7,1,1,2013-02-02 01:30:39,2013-02-04 03:00:27,False,False,False,False,False,True,True
27,25 - 45,Low,0,-1.0,2,0,0,2014-01-08 04:06:52,2014-01-09 06:22:32,False,True,False,False,False,False,False
32,25 - 45,Low,1,0.0,3,0,0,2014-02-25 04:17:29,2014-02-25 08:55:45,False,False,True,False,False,True,False
35,25 - 45,High,0,-1.0,8,1,1,2013-02-07 11:05:34,2013-02-09 04:44:20,False,False,False,False,False,True,True
27,25 - 45,Medium,17,0.0,7,1,1,2013-03-20 06:06:03,2013-03-21 09:33:58,False,False,False,False,False,True,False
54,Greater than 45,Medium,12,0.0,5,1,1,2014-06-30 04:03:25,2014-10-26 04:37:21,False,False,False,False,False,True,True
51,Greater than 45,Low,0,0.0,1,0,0,2013-02-04 02:44:33,2013-03-11 09:01:18,False,True,False,False,False,True,False
52,Greater than 45,Low,2,-1.0,1,0,0,2013-10-17 07:46:29,2013-10-18 07:52:25,False,False,False,False,True,True,False
37,25 - 45,High,0,-1.0,8,0,0,2013-04-20 07:10:10,2013-04-21 07:06:20,False,False,False,False,False,True,False
40,25 - 45,Low,0,0.0,2,0,0,2013-08-10 12:52:53,2013-08-10 09:20:05,False,True,False,False,False,True,True
52,Greater than 45,Medium,7,-1.0,5,1,0,2013-01-26 11:27:48,2013-07-27 05:42:20,False,False,False,False,False,True,False
25,25 - 45,High,5,-1.0,8,0,0,2013-02-07 03:54:36,2013-03-14 07:25:50,False,False,False,False,False,True,False
41,25 - 45,Low,3,-1.0,1,0,0,2013-04-13 07:21:37,2013-04-14 02:55:27,False,True,False,False,False,True,True
47,Greater than 45,High,20,-1.0,9,0,0,2014-02-02 11:48:26,2014-02-04 03:57:20,False,False,False,False,False,True,False
29,25 - 45,Medium,2,-1.0,5,0,0,2013-04-04 11:24:09,2013-04-06 08:01:53,False,False,False,False,False,True,False
21,Less than 25,Low,0,-1.0,3,1,1,2014-03-25 03:55:09,2014-03-27 03:42:00,False,True,False,False,False,True,False
24,Less than 25,Medium,1,0.0,5,1,1,2013-08-12 03:10:53,2013-08-12 08:45:43,False,False,False,False,False,False,True
38,25 - 45,Low,0,-1.0,1,0,0,2013-05-13 02:11:53,2013-05-14 04:30:04,False,False,True,False,False,True,True
34,25 - 45,Low,2,-1.0,3,0,0,2013-01-25 06:05:27,2013-01-26 09:13:23,False,True,False,False,False,False,False
39,25 - 45,Low,1,-1.0,4,0,0,2014-02-10 10:59:01,2014-02-14 09:09:06,False,True,False,False,False,True,True
45,Greater than 45,Medium,20,-1.0,7,1,0,2013-02-04 07:35:17,2013-03-23 05:13:19,False,False,False,False,False,True,True
42,25 - 45,Low,0,-1.0,1,0,0,2013-11-19 08:34:22,2013-11-20 09:27:32,False,True,False,False,False,True,False
34,25 - 45,Medium,5,0.0,6,0,0,2013-08-09 01:05:06,2013-08-09 08:05:00,False,False,False,False,False,True,False
22,Less than 25,Low,0,-1.0,3,0,0,2014-02-04 01:35:10,2014-02-13 10:41:37,False,False,False,False,False,True,False
24,Less than 25,High,0,-1.0,10,0,0,2013-10-24 01:30:17,2013-10-24 09:21:19,False,True,False,False,False,False,True
24,Less than 25,Medium,0,-1.0,6,0,0,2014-03-21 10:17:24,2014-03-22 10:10:59,False,False,False,False,True,True,False
26,25 - 45,Medium,0,-1.0,7,0,0,2013-02-14 12:24:49,2013-02-15 07:56:24,False,False,False,False,True,True,False
25,25 - 45,Medium,0,0.0,5,0,0,2013-04-20 02:39:55,2013-04-20 07:15:12,False,True,False,False,False,True,False
24,Less than 25,High,8,0.0,8,0,0,2013-04-25 02:04:02,2013-04-25 01:19:35,False,False,True,False,False,True,False
41,25 - 45,Low,1,-4.0,1,0,0,2013-05-31 11:16:29,2013-06-01 08:01:12,False,False,True,False,False,True,True
66,Greater than 45,Low,1,-1.0,1,0,0,2013-09-19 10:18:25,2013-09-20 08:42:02,False,True,False,False,False,True,False
30,25 - 45,Low,1,0.0,2,0,0,2013-03-31 04:29:09,2013-03-31 07:30:43,False,True,False,False,False,False,False
33,25 - 45,Low,0,-1.0,2,0,0,2013-04-18 03:40:20,2013-06-11 01:18:17,False,True,False,False,False,True,False
27,25 - 45,Low,1,-3.0,2,0,0,2013-11-01 07:50:16,2013-11-04 10:41:00,False,False,False,False,False,True,False
35,25 - 45,Low,2,-1.0,1,0,0,2013-12-08 06:16:15,2013-12-09 01:38:42,False,True,False,False,False,True,True
22,Less than 25,Medium,0,0.0,7,0,0,2013-08-24 02:29:37,2013-08-24 08:38:38,False,False,False,False,False,False,False
25,25 - 45,Low,0,0.0,3,0,0,2013-12-08 01:39:45,2013-12-08 01:45:29,False,True,False,False,False,True,False
22,Less than 25,High,3,0.0,9,0,0,2013-04-04 07:34:43,2014-02-21 10:11:50,False,False,False,False,False,True,False
28,25 - 45,Low,0,-1.0,3,1,1,2013-03-17 06:10:24,2013-03-19 11:32:14,False,False,False,False,False,False,False
40,25 - 45,Low,2,-1.0,1,0,0,2013-02-14 09:23:00,2013-02-15 12:12:17,False,False,False,False,False,False,False
46,Greater than 45,Low,0,-1.0,1,0,0,2013-02-26 07:01:42,2013-02-27 07:50:29,False,False,False,False,False,True,False
38,25 - 45,Low,1,-1.0,1,0,0,2013-12-20 07:46:00,2013-12-24 12:11:14,False,False,True,False,False,True,False
24,Less than 25,Low,1,0.0,2,1,1,2013-01-22 12:22:03,2013-01-22 01:49:40,False,False,False,False,False,True,True
21,Less than 25,Medium,0,-1.0,5,0,0,2013-12-11 11:08:04,2013-12-12 08:41:41,False,False,False,False,False,True,False
60,Greater than 45,Low,1,-1.0,1,0,0,2013-12-21 09:55:31,2013-12-22 01:18:00,False,False,False,False,False,True,False
36,25 - 45,Low,4,-13.0,2,0,0,2014-01-31 07:43:56,2014-02-01 01:57:00,False,False,False,False,False,False,False
20,Less than 25,Low,0,-1.0,4,0,0,2014-02-10 07:08:16,2014-02-11 11:50:51,False,False,False,False,False,False,False
25,25 - 45,Low,0,-1.0,3,0,0,2013-12-16 06:31:26,2013-12-18 05:45:00,False,True,False,False,False,False,True
21,Less than 25,Medium,1,-1.0,5,1,1,2013-10-30 04:56:29,2013-11-10 09:03:31,False,False,False,False,False,True,False
57,Greater than 45,Low,0,-5.0,1,0,0,2013-02-22 09:42:37,2013-02-23 07:56:35,False,True,False,False,False,False,True
43,25 - 45,Medium,5,-1.0,5,0,0,2013-03-29 11:13:36,2013-03-30 04:31:13,False,True,False,False,False,True,False
49,Greater than 45,Low,4,-1.0,1,0,0,2013-08-26 09:16:39,2013-08-27 06:57:19,False,False,False,False,False,True,True
53,Greater than 45,Low,0,0.0,1,0,0,2013-11-18 04:04:43,2013-11-18 02:15:16,False,True,False,False,False,True,True
29,25 - 45,Low,0,-1.0,2,0,0,2013-10-18 10:11:46,2013-12-30 06:13:11,False,False,False,False,False,True,False
30,25 - 45,Low,5,-1.0,4,1,1,2013-01-29 08:02:14,2013-01-30 09:05:26,False,False,False,False,False,True,False
29,25 - 45,High,0,-1.0,9,0,0,2013-11-16 08:17:51,2013-11-17 08:20:01,False,False,False,False,False,True,False
22,Less than 25,Low,0,-2.0,4,0,0,2013-12-07 01:04:19,2013-12-07 02:19:36,False,True,False,False,False,True,False
43,25 - 45,Low,0,0.0,1,0,0,2013-02-20 01:44:52,2013-02-20 06:58:59,False,True,False,False,False,True,True
48,Greater than 45,Low,0,-1.0,1,0,0,2013-01-12 06:40:25,2013-01-13 09:03:52,False,False,False,False,False,True,False
43,25 - 45,Low,1,-1.0,1,0,0,2013-09-26 07:30:58,2013-09-27 07:56:36,False,True,False,False,False,True,True
26,25 - 45,Low,1,-1.0,1,0,0,2013-09-08 08:06:42,2013-10-10 10:15:22,False,False,False,False,False,True,True
25,25 - 45,Low,0,-1.0,2,0,0,2014-02-04 05:25:58,2014-02-04 08:29:26,False,True,False,False,False,True,True
29,25 - 45,Low,2,-1.0,4,0,0,2013-05-07 03:17:19,2013-05-10 09:37:44,False,False,False,False,False,True,True
62,Greater than 45,Low,2,-4.0,1,0,0,2013-01-12 01:16:30,2013-01-15 07:17:11,False,True,False,False,False,True,False
24,Less than 25,Low,1,-1.0,2,0,0,2014-01-02 08:32:23,2014-01-03 01:34:37,False,False,False,False,False,True,False
35,25 - 45,Low,2,-1.0,2,0,0,2013-04-16 01:34:39,2013-04-17 06:59:17,False,False,False,False,False,False,False
41,25 - 45,Low,0,-1.0,1,0,0,2014-01-30 06:22:27,2014-01-31 10:00:17,False,False,True,False,False,False,False
24,Less than 25,Low,1,-1.0,3,1,1,2014-08-24 05:19:36,2014-08-25 01:11:27,False,False,False,False,False,True,False
51,Greater than 45,Low,1,-1.0,1,0,0,2013-12-26 04:15:54,2013-12-27 07:50:46,False,False,True,False,False,True,True
39,25 - 45,Medium,0,-1.0,5,0,0,2013-01-06 10:10:12,2013-01-08 05:21:24,False,True,False,False,False,True,True
25,25 - 45,Low,4,-1.0,3,1,1,2014-11-18 07:32:19,2014-11-27 08:30:00,False,False,False,False,False,True,True
36,25 - 45,Low,2,-17.0,1,0,0,2013-03-23 03:00:12,2013-03-24 02:12:19,False,True,False,False,False,True,True
33,25 - 45,Medium,0,0.0,6,1,1,2013-04-19 03:25:56,2013-04-19 07:26:13,False,True,False,False,False,True,False
20,Less than 25,High,0,0.0,10,1,1,2014-11-22 04:56:51,2014-11-22 08:49:03,False,False,False,False,False,True,False
20,Less than 25,Low,0,0.0,4,0,0,2013-11-23 05:18:46,2013-11-23 09:23:39,False,True,False,False,False,False,False
37,25 - 45,Low,4,-1.0,3,0,0,2013-03-29 01:17:49,2013-03-30 08:27:14,False,False,False,False,False,True,False
23,Less than 25,High,4,-27.0,9,0,0,2013-08-24 04:52:55,2013-09-20 11:57:40,False,False,True,False,False,True,False
49,Greater than 45,Low,0,-1.0,1,0,0,2013-05-09 09:53:21,2013-05-10 10:01:06,False,False,False,False,True,False,True
40,25 - 45,Low,0,0.0,2,0,0,2013-08-23 04:51:28,2013-08-23 07:18:31,False,True,False,False,False,False,False
40,25 - 45,High,0,-1.0,8,1,1,2014-11-19 03:55:33,2014-12-19 01:16:35,False,True,False,False,False,True,True
35,25 - 45,Low,1,-1.0,2,0,0,2013-05-28 03:54:12,2013-05-29 04:20:25,False,True,False,False,False,True,False
21,Less than 25,Medium,0,-1.0,5,0,0,2013-05-13 07:56:26,2013-05-15 01:24:31,False,False,False,False,False,True,False
27,25 - 45,Medium,1,-1.0,5,0,0,2014-03-18 07:44:35,2014-03-20 12:10:34,False,False,False,False,False,True,True
60,Greater than 45,Medium,0,0.0,7,0,0,2013-03-20 03:59:30,2013-04-02 11:35:13,False,True,False,False,False,False,False
30,25 - 45,Low,0,-1.0,1,0,0,2014-03-03 02:22:21,2014-03-04 10:10:53,False,False,False,False,False,True,False
32,25 - 45,Medium,6,0.0,7,0,0,2014-02-06 04:39:20,2014-02-06 08:49:20,False,True,False,False,False,True,True
28,25 - 45,Medium,9,-1.0,5,0,0,2013-08-15 12:50:23,2013-08-17 04:14:04,False,False,False,False,False,True,True
22,Less than 25,Medium,1,-1.0,7,0,0,2013-05-15 10:31:31,2014-01-07 05:52:28,False,True,False,False,False,True,False
77,Greater than 45,Low,0,0.0,1,0,0,2013-10-02 02:55:47,2013-10-02 01:23:59,False,False,False,False,False,True,True
34,25 - 45,Low,5,-1.0,3,1,0,2013-04-16 01:11:17,2013-04-17 05:45:35,False,False,False,False,False,False,False
26,25 - 45,Low,5,-1.0,4,0,0,2013-03-26 06:03:04,2013-03-29 04:56:00,False,False,False,False,False,True,False
23,Less than 25,Low,0,-1.0,4,0,0,2013-02-08 06:33:18,2013-02-11 08:47:47,False,False,False,False,False,True,False
28,25 - 45,Low,0,0.0,2,0,0,2013-04-24 12:33:13,2013-04-24 08:20:16,False,True,False,False,False,True,False
29,25 - 45,Medium,0,0.0,6,0,0,2013-04-13 07:45:58,2013-04-14 07:39:52,False,False,False,False,False,True,True
23,Less than 25,Medium,0,0.0,5,0,0,2014-01-17 12:26:03,2014-02-18 12:46:42,False,False,False,False,False,True,True
31,25 - 45,Low,0,-1.0,3,0,0,2013-02-18 02:32:16,2013-02-19 06:53:35,False,False,False,False,True,True,True
39,25 - 45,Medium,0,-2.0,6,0,0,2013-06-18 07:12:57,2013-06-19 06:12:35,False,True,False,False,False,False,True
20,Less than 25,Medium,0,-1.0,6,0,0,2014-02-01 09:21:02,2014-02-02 07:48:18,False,False,False,False,False,True,False
45,Greater than 45,Low,2,-1.0,1,0,0,2013-02-24 11:48:29,2013-02-25 06:52:51,False,True,False,False,False,True,False
22,Less than 25,Low,0,-1.0,3,0,0,2013-04-29 09:03:27,2013-04-30 01:01:44,False,False,True,False,False,True,True
26,25 - 45,High,6,0.0,8,0,0,2013-05-26 03:26:17,2013-06-05 10:17:58,False,False,False,False,False,True,True
45,Greater than 45,High,38,-1.0,8,1,1,2014-07-05 06:23:46,2014-11-03 09:34:22,False,False,False,False,False,True,False
29,25 - 45,Low,0,0.0,2,0,0,2013-10-14 05:56:17,2013-10-14 02:00:55,False,False,True,False,False,True,False
42,25 - 45,Low,0,0.0,1,0,0,2013-03-25 12:03:45,2013-03-25 09:43:32,False,False,False,False,False,True,True
28,25 - 45,Low,3,-1.0,3,0,0,2013-05-21 07:48:21,2013-07-11 02:10:57,False,True,False,False,False,True,False
29,25 - 45,High,8,0.0,9,1,1,2013-05-16 02:40:09,2013-05-17 08:22:55,False,False,False,False,False,True,True
24,Less than 25,Medium,0,-1.0,6,0,0,2013-10-19 07:55:40,2013-10-20 08:37:38,False,False,False,False,False,False,True
47,Greater than 45,Low,0,0.0,1,0,0,2013-08-25 04:06:09,2013-08-26 07:32:33,False,False,True,False,False,False,True
33,25 - 45,Low,3,0.0,3,0,0,2013-12-22 01:14:52,2013-12-22 07:48:32,False,True,False,False,False,True,True
29,25 - 45,High,1,-1.0,10,0,0,2013-03-18 01:24:18,2013-03-29 06:02:35,False,True,False,False,False,True,True
28,25 - 45,Medium,5,-1.0,5,1,1,2013-10-11 10:21:51,2014-03-31 09:15:58,False,False,False,False,False,True,False
41,25 - 45,Low,7,-2.0,3,1,0,2013-03-22 10:17:54,2013-03-24 02:12:36,False,False,False,False,False,True,True
47,Greater than 45,Low,0,-1.0,1,0,0,2014-02-11 08:50:50,2014-02-12 08:19:27,False,True,False,False,False,True,True
54,Greater than 45,Low,2,-26.0,1,0,0,2013-12-21 05:27:36,2013-12-22 01:10:00,False,False,False,False,False,True,True
41,25 - 45,Low,0,0.0,2,0,0,2013-02-18 01:26:20,2013-02-18 06:29:40,False,True,False,False,False,True,False
35,25 - 45,Low,3,-1.0,3,1,0,2013-04-24 01:51:08,2013-04-25 08:08:25,False,True,False,False,False,True,True
34,25 - 45,High,0,-1.0,9,1,1,2013-11-17 02:12:32,2013-11-19 10:37:14,False,False,False,False,False,True,False
21,Less than 25,High,1,-1.0,8,0,0,2013-11-22 12:16:41,2014-03-11 01:05:27,False,False,False,False,False,True,False
49,Greater than 45,Low,0,0.0,1,0,0,2013-03-18 12:03:32,2013-03-18 02:06:52,False,True,False,False,False,True,True
22,Less than 25,Low,1,0.0,4,0,0,2013-04-20 12:32:51,2013-04-22 09:19:28,False,False,False,False,False,True,False
83,Greater than 45,Low,0,0.0,1,0,0,2013-01-06 02:36:31,2013-01-07 01:32:52,False,False,True,False,False,True,True
26,25 - 45,Low,2,-1.0,2,1,0,2013-12-13 03:52:22,2013-12-22 01:52:00,False,False,False,False,False,True,False
21,Less than 25,Medium,1,-18.0,7,1,1,2013-11-02 01:59:31,2013-11-03 01:26:39,False,False,False,False,False,True,True
74,Greater than 45,Low,0,-1.0,1,0,0,2013-11-06 11:55:36,2013-11-07 02:32:47,False,False,False,False,False,False,False
34,25 - 45,Medium,4,0.0,6,0,0,2013-01-25 01:41:29,2013-01-25 01:58:16,False,False,False,False,False,True,True
38,25 - 45,Medium,8,-1.0,7,0,0,2013-02-02 12:18:07,2013-02-04 03:00:05,False,False,False,False,False,True,True
33,25 - 45,Medium,1,0.0,5,0,0,2013-11-23 12:34:52,2013-11-25 10:32:35,False,False,False,False,False,True,False
22,Less than 25,Medium,2,-1.0,6,0,0,2014-03-22 11:52:10,2014-03-23 08:29:09,False,False,False,False,False,True,False
35,25 - 45,Medium,2,0.0,5,1,1,2014-06-07 03:26:40,2014-06-08 03:06:00,False,True,False,False,False,True,False
44,25 - 45,Low,4,-1.0,3,0,0,2013-04-07 07:17:55,2013-04-08 07:34:18,False,True,False,False,False,True,False
28,25 - 45,Low,1,0.0,1,1,1,2014-03-01 02:22:04,2014-03-01 10:22:26,False,False,False,False,False,True,False
47,Greater than 45,Low,3,-1.0,2,0,0,2014-01-04 11:28:11,2014-01-06 11:05:06,False,False,False,False,False,True,False
43,25 - 45,Medium,4,-1.0,5,0,0,2013-04-05 10:35:56,2013-05-23 07:05:55,False,True,False,False,False,True,False
70,Greater than 45,Low,0,-1.0,1,0,0,2013-03-03 05:55:08,2013-03-04 07:31:12,False,False,False,False,False,True,True
22,Less than 25,Medium,0,-1.0,6,0,0,2013-03-27 07:30:55,2013-03-28 08:32:07,False,False,True,False,False,True,False
21,Less than 25,High,0,0.0,8,1,1,2013-05-10 02:20:24,2013-05-14 05:41:25,False,True,False,False,False,True,False
42,25 - 45,Low,1,-1.0,2,0,0,2013-10-21 06:00:21,2013-10-22 01:59:31,False,False,False,False,False,False,False
56,Greater than 45,Low,3,-1.0,1,0,0,2014-02-03 06:27:36,2014-02-04 01:31:30,False,True,False,False,False,False,False
30,25 - 45,Low,0,0.0,3,0,0,2014-01-31 01:38:00,2014-01-31 01:25:37,False,False,False,False,False,False,True
29,25 - 45,Low,0,-1.0,2,0,0,2013-02-04 10:30:41,2013-02-06 08:54:44,False,False,False,False,True,True,False
33,25 - 45,Low,0,-1.0,2,0,0,2013-05-27 09:13:22,2013-05-28 01:06:08,False,False,True,False,False,True,True
31,25 - 45,Low,0,-1.0,2,0,0,2013-12-09 07:40:01,2013-12-18 09:34:07,False,False,False,False,True,True,True
36,25 - 45,Low,0,0.0,2,0,0,2013-02-22 01:45:11,2013-02-23 02:08:52,False,True,False,False,False,False,False
24,Less than 25,Medium,0,-1.0,7,1,0,2013-03-10 08:01:47,2013-03-11 06:44:38,False,False,False,False,False,False,True
30,25 - 45,Low,4,-5.0,3,0,0,2013-03-01 09:18:41,2013-03-02 01:22:32,False,False,False,False,False,False,False
23,Less than 25,Medium,2,-1.0,7,1,1,2013-04-24 03:10:43,2013-04-30 07:30:08,False,False,False,False,False,True,False
23,Less than 25,Medium,0,-1.0,7,1,0,2013-05-04 10:05:51,2013-05-05 06:07:57,False,False,False,False,False,False,False
21,Less than 25,Low,0,-1.0,4,0,0,2013-09-29 07:16:56,2013-09-30 08:59:07,False,False,False,False,False,True,False
25,25 - 45,High,4,-1.0,9,1,1,2014-02-26 05:42:51,2014-08-15 03:57:35,False,False,False,False,False,True,False
28,25 - 45,High,7,-1.0,10,1,1,2014-07-04 08:01:25,2014-07-05 08:26:16,False,False,False,False,False,True,False
42,25 - 45,Low,0,0.0,1,0,0,2013-08-16 03:31:01,2013-08-16 09:14:20,False,True,False,False,False,True,True
20,Less than 25,Low,0,-1.0,4,1,0,2013-10-01 05:18:33,2013-10-02 07:35:45,False,False,False,False,False,True,True
28,25 - 45,Medium,2,-1.0,7,0,0,2013-09-10 11:51:18,2013-09-11 01:36:16,False,True,False,False,False,True,False
23,Less than 25,Medium,1,-1.0,6,1,1,2013-12-15 04:22:32,2014-04-14 11:42:17,False,False,False,False,False,True,False
25,25 - 45,Low,1,-1.0,2,0,0,2013-04-07 08:23:40,2013-04-08 07:34:25,False,False,False,False,False,True,False
23,Less than 25,Low,0,0.0,4,0,0,2013-04-03 02:54:54,2013-04-03 09:43:32,False,False,False,False,False,True,False
27,25 - 45,Low,2,-1.0,4,0,0,2013-02-20 06:36:20,2013-02-21 01:30:47,False,False,True,False,False,True,True
47,Greater than 45,Low,3,0.0,3,0,0,2013-03-25 03:26:29,2013-03-25 07:55:24,False,False,False,False,False,True,False
34,25 - 45,Medium,1,-1.0,7,0,0,2013-08-08 04:09:24,2013-09-28 07:19:04,False,True,False,False,False,True,False
42,25 - 45,Low,1,0.0,2,0,0,2013-02-13 12:16:53,2013-12-03 10:21:52,False,True,False,False,False,True,False
23,Less than 25,Low,2,-1.0,2,0,0,2013-12-12 11:10:00,2013-12-13 08:47:02,False,True,False,False,False,True,False
21,Less than 25,High,0,-1.0,9,0,0,2013-03-21 06:33:48,2013-03-23 07:11:35,False,False,False,False,False,True,False
28,25 - 45,High,3,-1.0,8,1,1,2013-12-27 05:37:54,2014-06-10 10:33:46,False,False,True,False,False,True,False
41,25 - 45,Low,0,0.0,1,0,0,2013-10-04 02:06:11,2014-03-30 04:15:17,False,False,False,False,False,True,False
52,Greater than 45,High,9,-1.0,8,1,1,2013-04-07 05:45:06,2013-05-16 03:57:24,False,False,False,False,False,True,True
22,Less than 25,Medium,0,-1.0,7,1,1,2013-01-31 10:40:18,2013-02-03 09:00:10,False,True,False,False,False,True,False
29,25 - 45,Low,0,0.0,2,0,0,2013-01-16 12:44:00,2013-01-16 06:49:32,False,True,False,False,False,True,True
46,Greater than 45,Low,0,-1.0,1,0,0,2013-12-25 09:48:26,2013-12-26 01:21:51,True,False,False,False,False,True,True
50,Greater than 45,Low,5,29.0,2,0,0,2013-10-25 12:48:33,2013-11-26 02:04:24,False,False,False,False,False,True,False
46,Greater than 45,Low,0,-1.0,1,1,0,2013-04-25 05:09:02,2013-04-27 04:59:30,False,True,False,False,False,True,False
33,25 - 45,Low,0,-1.0,1,0,0,2014-03-08 01:34:03,2014-03-09 10:21:45,False,False,False,False,True,True,True
53,Greater than 45,Medium,20,-3.0,5,0,0,2013-10-15 06:39:17,2013-10-18 10:33:48,False,False,False,False,False,True,False
34,25 - 45,Medium,15,-6.0,7,0,0,2013-04-20 04:52:17,2013-04-26 10:39:19,False,False,False,False,False,True,False
38,25 - 45,Medium,37,-1.0,7,1,1,2014-03-31 08:38:47,2014-05-01 05:20:12,False,False,False,False,False,True,True
36,25 - 45,Low,12,-26.0,1,0,0,2014-02-28 03:37:21,2014-03-13 10:56:28,False,True,False,False,False,True,False
28,25 - 45,Low,0,-1.0,2,0,0,2013-04-04 03:19:29,2013-04-06 12:28:11,False,False,True,False,False,False,False
74,Greater than 45,Low,2,-1.0,1,0,0,2013-03-06 11:28:06,2013-03-16 01:41:01,False,True,False,False,False,True,False
32,25 - 45,High,9,-1.0,9,0,0,2014-02-18 06:56:00,2014-02-19 02:08:42,False,False,False,False,False,True,False
41,25 - 45,High,7,-1.0,9,0,0,2013-03-26 04:40:53,2013-05-23 06:25:48,False,False,False,False,False,True,False
53,Greater than 45,Low,0,-3.0,1,0,0,2013-09-01 09:05:41,2013-09-02 08:16:10,False,False,False,False,False,True,True
26,25 - 45,Low,5,-1.0,4,1,1,2014-09-08 04:18:58,2014-10-13 09:23:06,False,True,False,False,False,True,False
26,25 - 45,Low,1,-1.0,2,0,0,2013-04-17 01:39:09,2013-04-18 07:32:53,False,True,False,False,False,True,True
53,Greater than 45,Low,5,-1.0,4,0,0,2013-02-01 11:18:12,2013-11-26 06:43:53,False,False,False,False,False,True,False
28,25 - 45,Low,0,-1.0,3,1,1,2014-11-13 11:57:15,2014-11-14 01:49:54,False,True,False,False,False,True,False
21,Less than 25,Low,1,-1.0,3,0,0,2013-04-17 03:21:05,2013-04-18 07:22:12,False,True,False,False,False,True,False
49,Greater than 45,Low,0,0.0,1,0,0,2013-11-16 02:12:56,2013-11-16 08:03:22,False,True,False,False,False,True,False
37,25 - 45,Low,1,-1.0,2,0,0,2013-01-25 10:39:04,2013-01-26 08:15:41,False,True,False,False,False,True,True
36,25 - 45,Low,5,-1.0,4,0,0,2013-12-11 05:02:29,2013-12-12 01:44:46,False,False,False,False,False,True,False
38,25 - 45,Low,0,0.0,1,0,0,2013-08-09 01:10:56,2013-08-10 03:49:00,False,False,True,False,False,True,True
30,25 - 45,Low,2,-1.0,4,0,0,2013-09-04 08:06:26,2013-09-05 07:57:54,False,True,False,False,False,True,False
69,Greater than 45,Medium,0,-1.0,5,0,0,2013-01-18 04:01:25,2013-01-19 01:25:00,False,True,False,False,False,True,False
49,Greater than 45,Low,1,-1.0,1,0,0,2014-02-03 05:28:44,2014-02-04 01:31:25,False,False,False,False,False,False,False
25,25 - 45,Low,1,-1.0,3,0,0,2013-03-21 07:26:42,2013-03-22 10:25:37,False,False,False,False,True,True,False
24,Less than 25,Low,1,-1.0,4,0,0,2013-10-01 03:10:38,2013-10-02 07:32:09,False,False,False,False,False,True,True
52,Greater than 45,Low,0,-1.0,1,0,0,2013-11-13 12:48:26,2013-11-14 08:11:15,True,False,False,False,False,True,False
23,Less than 25,Low,1,-6.0,3,0,0,2013-02-27 09:17:36,2013-02-28 07:44:18,False,False,False,False,False,False,False
29,25 - 45,High,0,-1.0,10,0,0,2014-02-12 09:29:02,2014-02-14 05:18:35,False,False,False,False,False,False,False
28,25 - 45,Low,4,-1.0,2,1,1,2013-11-19 09:37:06,2013-11-20 08:36:56,False,False,False,False,False,True,True
35,25 - 45,Low,7,-23.0,4,1,1,2013-09-09 02:47:53,2013-09-09 07:07:40,False,False,False,False,False,True,False
31,25 - 45,High,4,-1.0,8,1,1,2013-12-07 04:12:04,2013-12-31 08:45:57,False,False,False,False,False,True,False
54,Greater than 45,Low,0,-1.0,1,0,0,2013-04-01 12:29:20,2013-04-02 12:43:55,False,False,False,False,False,True,True
28,25 - 45,Low,0,0.0,1,0,0,2013-08-07 02:46:35,2013-08-07 07:56:41,False,False,False,False,False,True,True
43,25 - 45,High,15,-1.0,9,1,1,2013-05-17 09:20:47,2013-05-18 07:39:32,False,False,False,False,False,True,True
61,Greater than 45,Low,0,-1.0,1,0,0,2013-07-09 08:23:34,2013-07-10 01:55:35,False,False,False,False,True,True,True
36,25 - 45,Low,1,-1.0,3,1,1,2014-04-29 07:18:20,2014-04-30 01:35:33,False,False,False,False,False,False,False
20,Less than 25,Medium,0,-1.0,7,1,1,2014-11-08 01:54:07,2014-11-09 06:36:07,False,False,False,False,False,True,False
38,25 - 45,Low,1,-1.0,1,0,0,2013-04-15 11:18:52,2013-04-16 09:12:28,False,False,False,False,False,False,False
21,Less than 25,High,1,-1.0,10,1,1,2014-07-27 08:09:50,2014-08-02 04:56:49,False,False,False,False,False,True,False
30,25 - 45,Low,0,-1.0,2,0,0,2013-01-22 06:24:52,2013-02-01 09:53:21,False,False,False,False,True,True,False
23,Less than 25,High,0,0.0,8,1,1,2013-12-15 05:17:34,2013-12-18 06:00:00,False,True,False,False,False,True,True
40,25 - 45,High,5,16.0,10,0,0,2013-08-03 02:48:08,2013-09-27 10:30:43,False,True,False,False,False,False,False
45,Greater than 45,Low,0,-1.0,3,0,0,2013-02-18 01:05:12,2013-02-19 06:50:04,False,False,False,False,True,True,True
30,25 - 45,High,2,-1.0,8,1,1,2014-03-20 05:32:13,2014-03-21 03:29:29,False,False,False,False,False,True,False
26,25 - 45,Low,0,-1.0,1,0,0,2013-10-06 06:10:59,2013-10-07 02:03:13,False,False,True,False,False,True,True
69,Greater than 45,Low,5,-3.0,3,0,0,2013-10-14 10:12:12,2013-10-15 10:25:43,False,True,False,False,False,False,False
35,25 - 45,Low,3,0.0,4,0,0,2013-09-16 02:49:07,2013-09-16 07:49:06,False,True,False,False,False,False,False
49,Greater than 45,Low,1,-16.0,3,0,0,2014-01-05 12:24:06,2014-01-18 09:56:35,False,True,False,False,False,True,False
56,Greater than 45,Low,4,-1.0,1,0,0,2013-02-13 04:09:26,2013-02-15 05:28:41,False,False,False,False,False,True,False
21,Less than 25,Medium,0,-1.0,5,0,0,2013-03-30 09:16:53,2013-04-02 09:21:59,False,False,False,False,False,True,True
33,25 - 45,Low,0,-2.0,2,0,0,2013-06-02 04:46:03,2013-06-03 02:11:03,False,False,True,False,False,False,False
55,Greater than 45,Low,0,-1.0,1,1,1,2013-02-22 10:17:18,2013-02-23 09:04:28,False,False,False,False,False,True,True
46,Greater than 45,Low,1,-1.0,3,0,0,2013-09-23 12:47:13,2013-10-04 01:57:13,False,True,False,False,False,True,False
64,Greater than 45,Low,1,-8.0,1,0,0,2013-08-05 12:41:27,2013-08-13 02:27:19,False,False,True,False,False,True,False
23,Less than 25,Low,0,-3.0,4,0,0,2014-02-21 05:05:49,2014-02-21 08:12:19,False,True,False,False,False,True,True
27,25 - 45,Low,1,0.0,3,0,0,2013-02-06 03:25:28,2013-02-07 03:05:17,False,False,True,False,False,True,False
69,Greater than 45,Medium,22,-1.0,5,0,0,2014-02-05 05:31:46,2014-02-06 09:10:18,False,False,False,False,False,True,True
21,Less than 25,Low,0,-1.0,3,0,0,2014-01-26 03:55:36,2014-01-27 08:34:04,False,False,False,False,False,True,False
34,25 - 45,Low,5,0.0,4,0,0,2013-05-22 01:22:00,2013-05-23 03:30:07,False,False,True,False,False,False,False
26,25 - 45,Medium,0,-1.0,6,0,0,2013-08-25 01:25:15,2013-08-25 05:58:19,False,False,True,False,False,True,False
22,Less than 25,Medium,0,0.0,7,1,1,2014-10-29 01:41:40,2014-10-29 07:55:17,False,False,False,False,False,False,True
35,25 - 45,Low,5,-1.0,4,1,1,2013-02-08 01:19:12,2013-09-21 04:54:31,False,False,False,False,False,True,False
53,Greater than 45,Medium,13,-1.0,5,0,0,2013-01-22 09:49:03,2013-01-24 05:38:32,False,False,False,False,False,True,True
51,Greater than 45,Low,0,-3.0,1,0,0,2014-03-21 10:24:01,2014-03-22 01:21:00,False,False,True,False,False,False,True
61,Greater than 45,Medium,15,-10.0,6,0,0,2013-11-11 09:56:16,2013-11-12 02:06:02,False,True,False,False,False,False,False
42,25 - 45,Medium,1,0.0,6,1,1,2014-03-27 02:19:13,2014-04-02 05:22:52,False,False,False,False,False,True,True
40,25 - 45,Low,0,0.0,1,0,0,2013-02-20 06:23:55,2013-02-21 08:02:45,False,False,False,False,False,True,False
34,25 - 45,Medium,4,0.0,5,0,0,2013-01-11 01:39:37,2013-01-12 03:08:33,False,True,False,False,False,True,False
62,Greater than 45,Low,0,0.0,1,0,0,2013-01-08 12:33:09,2013-01-08 09:41:28,False,False,True,False,False,True,True
31,25 - 45,Low,2,-1.0,2,0,0,2013-02-25 08:42:56,2013-02-26 06:47:03,False,False,False,False,False,True,False
60,Greater than 45,Low,0,-1.0,1,0,0,2013-05-01 04:33:58,2013-05-02 04:44:03,False,True,False,False,False,True,True
50,Greater than 45,Low,0,0.0,1,0,0,2013-01-27 03:37:16,2013-01-28 02:50:27,False,False,False,False,False,True,False
56,Greater than 45,Low,1,0.0,2,0,0,2013-03-16 03:33:00,2013-04-20 05:57:09,False,True,False,False,False,True,False
32,25 - 45,Medium,0,-1.0,7,0,0,2013-04-10 09:50:36,2013-04-12 06:00:18,False,False,False,False,False,True,True
23,Less than 25,Medium,1,0.0,5,0,0,2014-01-29 12:59:29,2014-01-29 07:47:45,False,False,False,False,False,False,True
30,25 - 45,Medium,7,-18.0,7,0,0,2013-10-11 07:33:17,2013-10-29 05:43:13,False,True,False,False,False,False,True
34,25 - 45,Low,1,-1.0,1,0,0,2013-11-19 05:25:02,2013-11-21 09:38:50,False,False,False,False,False,False,False
20,Less than 25,High,0,-1.0,8,1,1,2014-10-29 03:32:22,2014-11-20 08:32:38,False,False,False,False,True,True,False
57,Greater than 45,Low,0,0.0,1,0,0,2013-05-04 12:03:36,2013-06-01 05:43:28,False,True,False,False,False,True,False
32,25 - 45,Low,3,-1.0,4,0,0,2013-05-25 06:05:51,2013-08-19 09:19:45,False,True,False,False,False,True,False
24,Less than 25,Medium,0,-1.0,5,0,0,2013-09-04 07:48:04,2013-09-06 08:35:11,False,False,False,False,False,True,False
23,Less than 25,Low,0,0.0,3,0,0,2013-01-16 03:21:38,2013-01-18 06:02:43,False,True,False,False,False,True,True
28,25 - 45,High,9,-12.0,9,1,1,2013-07-25 10:07:15,2013-08-06 10:33:38,False,False,False,False,False,False,True
24,Less than 25,Low,0,0.0,4,0,0,2013-09-04 01:32:50,2013-09-04 01:46:03,False,False,True,False,False,False,True
52,Greater than 45,Low,3,-25.0,1,0,0,2013-11-01 03:19:41,2013-11-01 07:54:46,False,True,False,False,False,False,True
32,25 - 45,Medium,11,-2.0,6,1,1,2014-12-17 02:03:04,2014-12-18 08:41:05,False,False,False,False,False,True,False
52,Greater than 45,Low,0,-1.0,1,0,0,2013-08-01 10:03:28,2013-08-02 02:00:46,False,False,False,False,False,False,False
32,25 - 45,Low,0,-1.0,1,0,0,2013-12-26 06:54:13,2013-12-27 09:23:36,False,False,False,False,True,True,False
28,25 - 45,Low,0,-6.0,3,0,0,2013-08-31 09:26:46,2013-09-01 05:23:23,False,True,False,False,False,False,True
25,25 - 45,Medium,5,-1.0,7,0,0,2013-12-07 11:35:44,2013-12-08 07:59:31,False,False,False,False,False,False,False
30,25 - 45,Low,0,-1.0,2,0,0,2013-09-24 03:13:59,2013-09-24 08:14:17,False,True,False,False,False,True,True
41,25 - 45,Low,0,-2.0,3,0,0,2013-07-13 07:47:49,2013-07-14 01:34:09,False,False,True,False,False,True,False
23,Less than 25,Low,0,-2.0,4,0,0,2013-08-05 09:00:16,2013-08-06 01:36:03,False,False,True,False,False,False,True
31,25 - 45,Low,0,-1.0,2,0,0,2013-08-16 06:01:59,2013-08-16 06:08:13,False,False,False,False,False,True,False
55,Greater than 45,Low,0,-1.0,1,0,0,2014-03-21 08:37:59,2014-03-22 01:21:06,False,False,True,False,False,False,False
49,Greater than 45,Low,2,-1.0,2,0,0,2013-10-01 06:01:14,2013-10-02 03:31:06,False,True,False,False,False,False,False
39,25 - 45,Low,1,-1.0,2,0,0,2013-01-13 11:17:44,2013-01-14 06:32:32,False,False,True,False,False,True,True
21,Less than 25,Medium,0,-1.0,5,1,1,2014-02-21 04:58:53,2014-02-27 12:46:17,False,False,False,False,True,True,False
44,25 - 45,Low,2,-2.0,4,0,0,2014-01-25 12:28:35,2014-01-25 04:53:46,False,True,False,False,False,True,True
31,25 - 45,Low,1,-1.0,4,0,0,2014-01-04 07:13:06,2014-01-05 08:45:51,False,False,False,False,False,True,True
22,Less than 25,Medium,1,-1.0,5,1,0,2014-01-12 05:58:48,2014-01-14 10:17:25,False,False,True,False,False,False,False
33,25 - 45,Low,0,-1.0,2,0,0,2014-01-16 08:14:14,2014-01-18 01:21:05,False,False,False,False,False,False,True
24,Less than 25,Low,0,-1.0,4,0,0,2013-12-13 03:13:07,2013-12-14 07:19:53,False,False,False,False,False,False,False
37,25 - 45,Low,0,0.0,4,0,0,2013-01-24 01:57:20,2013-01-29 05:24:05,False,False,False,False,False,False,True
31,25 - 45,Low,0,-1.0,1,0,0,2013-12-29 08:40:23,2013-12-30 08:05:20,False,True,False,False,False,True,True
61,Greater than 45,Medium,4,-1.0,6,0,0,2013-10-17 04:38:42,2014-02-13 04:11:09,False,True,False,False,False,True,False
24,Less than 25,Medium,1,0.0,7,0,0,2014-01-11 04:54:38,2014-01-11 07:57:07,False,False,False,False,False,True,False
21,Less than 25,Medium,0,0.0,7,0,0,2013-10-27 02:30:11,2013-10-27 08:17:23,False,False,True,False,False,True,False
59,Greater than 45,Low,0,0.0,1,0,0,2013-04-29 01:03:48,2013-04-29 06:46:09,False,True,False,False,False,True,True
20,Less than 25,High,4,14.0,10,1,1,2013-12-19 04:03:39,2014-12-30 06:19:19,False,False,False,False,False,True,False
50,Greater than 45,Low,0,-1.0,1,0,0,2013-12-01 05:20:31,2013-12-02 09:13:00,False,True,False,False,False,True,True
26,25 - 45,Low,0,-1.0,2,0,0,2013-04-25 01:57:38,2013-04-26 07:29:04,False,False,False,False,True,True,True
31,25 - 45,Low,3,-1.0,3,0,0,2013-10-13 03:10:18,2013-10-14 02:35:46,False,False,True,False,False,True,False
26,25 - 45,High,9,-1.0,8,1,1,2014-03-05 09:51:09,2014-03-08 01:29:05,False,False,False,False,False,True,False
29,25 - 45,High,3,-1.0,8,1,1,2013-12-06 03:58:46,2014-02-04 09:32:08,False,False,False,False,False,True,True
39,25 - 45,Low,1,-3.0,3,0,0,2014-02-07 01:11:10,2014-02-07 09:15:23,False,True,False,False,False,True,False
54,Greater than 45,Low,0,-1.0,1,0,0,2013-02-22 10:36:11,2013-02-24 02:27:44,False,False,False,False,False,True,False
33,25 - 45,Medium,8,-1.0,6,1,0,2013-01-30 11:49:24,2013-02-01 09:53:16,False,False,False,False,False,True,False
67,Greater than 45,Low,0,-1.0,1,0,0,2013-04-28 05:37:37,2013-04-29 06:49:40,False,True,False,False,False,True,True
29,25 - 45,Low,2,-1.0,3,0,0,2013-08-18 07:04:42,2013-09-14 08:47:48,False,False,False,False,False,True,False
24,Less than 25,Medium,5,-1.0,6,0,0,2013-03-22 03:39:01,2013-03-27 12:03:14,False,False,False,False,True,True,True
26,25 - 45,Low,1,0.0,2,1,1,2014-02-13 02:31:02,2014-03-01 09:14:16,False,True,False,False,False,True,False
30,25 - 45,Medium,0,0.0,5,0,0,2013-03-18 03:34:14,2013-03-18 06:25:19,False,False,False,False,False,True,False
21,Less than 25,Medium,0,0.0,6,0,0,2013-01-01 04:17:22,2013-01-02 01:14:43,False,False,False,False,False,False,True
21,Less than 25,Medium,0,-1.0,5,0,0,2013-05-01 07:42:32,2013-06-20 11:32:07,False,False,False,False,False,True,False
58,Greater than 45,Low,1,-1.0,1,1,1,2013-12-31 06:12:18,2014-01-01 01:31:02,False,True,False,False,False,True,False
53,Greater than 45,Low,0,-2.0,1,0,0,2013-09-11 08:14:19,2013-09-12 06:57:04,False,True,False,False,False,False,True
21,Less than 25,Medium,0,-1.0,5,0,0,2013-09-07 11:52:57,2013-09-09 02:51:42,False,False,True,False,False,True,False
26,25 - 45,Low,2,-7.0,3,0,0,2013-05-03 04:10:54,2013-05-10 12:24:16,False,False,False,False,False,True,False
22,Less than 25,Medium,1,0.0,5,0,0,2013-12-05 12:27:40,2013-12-14 11:44:15,False,True,False,False,False,True,True
23,Less than 25,Medium,0,0.0,7,0,0,2013-11-26 03:42:42,2013-11-27 01:18:05,False,False,False,False,False,False,True
48,Greater than 45,Low,0,0.0,1,0,0,2014-01-14 04:43:41,2014-01-15 03:21:55,False,True,False,False,False,False,True
32,25 - 45,Low,0,-1.0,2,0,0,2014-02-15 03:23:21,2014-02-16 02:27:00,False,False,False,False,False,False,False
57,Greater than 45,Low,3,0.0,1,0,0,2013-04-27 06:02:34,2013-04-29 01:41:38,False,False,False,False,False,True,False
33,25 - 45,High,0,-1.0,9,0,0,2013-09-05 03:46:16,2013-09-12 08:10:49,False,False,False,False,False,False,True
31,25 - 45,Medium,0,0.0,7,0,0,2013-04-10 01:53:18,2013-04-10 01:49:18,False,False,False,False,False,True,False
43,25 - 45,Low,4,0.0,2,0,0,2013-05-05 03:19:14,2013-05-07 10:46:44,False,True,False,False,False,True,True
25,25 - 45,Low,0,-1.0,3,0,0,2013-12-03 01:28:45,2014-01-06 09:00:31,False,False,False,False,False,True,False
50,Greater than 45,Low,7,-1.0,4,0,0,2013-12-11 07:36:50,2013-12-12 09:27:58,False,False,False,False,False,False,True
79,Greater than 45,Low,1,-22.0,1,0,0,2013-07-07 09:04:26,2013-07-08 12:17:21,False,True,False,False,False,True,True
29,25 - 45,High,13,0.0,10,1,1,2014-12-08 12:41:35,2014-12-10 05:10:10,False,False,False,False,False,True,False
29,25 - 45,Medium,0,-1.0,5,0,0,2013-03-08 03:17:45,2013-04-19 08:34:18,False,False,False,False,False,True,True
52,Greater than 45,Low,3,-1.0,2,0,0,2013-01-28 09:52:03,2013-01-29 08:32:48,False,True,False,False,False,True,True
53,Greater than 45,Low,0,0.0,1,0,0,2013-10-23 02:26:06,2013-10-24 06:18:43,False,True,False,False,False,False,False
32,25 - 45,Low,5,0.0,1,0,0,2013-12-01 12:02:58,2013-12-01 09:53:20,False,False,False,False,False,False,False
23,Less than 25,Medium,6,-18.0,7,0,0,2013-11-28 11:32:18,2013-12-16 06:10:23,False,False,False,False,False,False,True
48,Greater than 45,Low,1,-1.0,1,0,0,2014-03-16 08:38:24,2014-03-17 01:44:33,False,False,False,False,False,True,False
32,25 - 45,High,4,-7.0,10,1,1,2014-04-16 09:55:10,2014-04-23 05:27:00,False,False,False,False,False,False,False
35,25 - 45,Low,0,-1.0,1,0,0,2014-03-12 03:20:25,2014-03-14 09:36:01,False,False,False,False,True,True,False
35,25 - 45,Low,0,-1.0,1,0,0,2013-01-12 01:36:43,2013-01-13 01:22:39,False,False,False,False,False,True,False
26,25 - 45,Medium,0,-1.0,6,0,0,2013-01-16 04:30:06,2013-01-17 03:36:21,False,True,False,False,False,False,False
24,Less than 25,High,4,-1.0,8,0,0,2013-03-09 08:48:08,2013-03-10 07:11:28,False,True,False,False,False,True,True
48,Greater than 45,Low,1,0.0,1,0,0,2013-02-21 12:21:36,2013-02-22 01:04:45,False,True,False,False,False,False,True
20,Less than 25,Medium,0,-1.0,7,1,1,2014-01-01 07:41:04,2014-01-02 08:43:28,False,False,False,False,False,False,True
24,Less than 25,Low,0,-2.0,3,0,0,2013-07-24 10:44:57,2013-07-25 08:44:12,False,False,False,False,False,False,False
20,Less than 25,Low,0,-3.0,4,0,0,2013-12-27 01:47:20,2013-12-27 08:51:11,False,True,False,False,False,True,False
54,Greater than 45,Low,0,-1.0,1,0,0,2013-02-20 08:56:34,2013-03-20 07:19:46,False,False,False,False,True,True,False
31,25 - 45,Medium,0,-1.0,6,0,0,2013-11-22 09:00:54,2013-11-24 09:02:53,False,False,False,False,False,True,False
22,Less than 25,Low,8,-1.0,4,1,1,2014-12-30 02:15:57,2015-02-07 09:14:51,False,False,False,False,False,True,False
33,25 - 45,Low,1,-1.0,2,0,0,2013-05-04 05:57:06,2013-05-24 09:08:46,False,True,False,False,False,True,False
25,25 - 45,High,2,0.0,10,0,0,2013-05-22 02:20:05,2013-11-19 05:29:00,False,True,False,False,False,False,False
40,25 - 45,Low,3,-1.0,1,1,1,2013-03-18 09:29:31,2013-03-19 01:52:29,False,True,False,False,False,False,False
38,25 - 45,Low,3,-21.0,4,0,0,2013-09-19 02:22:11,2013-09-19 08:08:14,False,False,True,False,False,True,False
35,25 - 45,High,1,-1.0,9,1,1,2014-09-03 11:08:09,2014-11-22 04:31:47,False,False,False,False,False,True,True
26,25 - 45,Medium,1,0.0,7,0,0,2013-02-09 04:50:20,2013-02-11 05:17:53,False,False,False,False,False,False,False
47,Greater than 45,Low,3,-1.0,2,0,0,2013-02-04 09:30:49,2013-02-08 09:07:37,False,False,False,False,True,True,True
34,25 - 45,Low,3,-1.0,1,0,0,2013-08-01 08:24:27,2013-08-02 01:23:50,False,False,False,False,False,True,False
46,Greater than 45,Medium,2,-1.0,6,0,0,2013-03-24 07:46:10,2013-03-25 08:04:20,False,False,False,False,False,True,True
30,25 - 45,Low,1,-1.0,2,0,0,2013-03-18 11:22:54,2013-03-19 06:38:59,False,False,False,False,False,True,True
31,25 - 45,Medium,3,0.0,5,0,0,2013-03-26 03:40:52,2013-03-27 02:26:05,False,False,False,False,False,True,False
23,Less than 25,Low,2,-1.0,2,0,0,2013-05-28 11:49:22,2013-05-29 02:04:51,False,False,False,False,False,True,False
23,Less than 25,Low,0,-1.0,3,0,0,2013-12-30 11:58:41,2014-02-14 10:05:11,False,False,True,False,False,True,False
42,25 - 45,Low,1,0.0,2,0,0,2013-05-06 02:34:41,2013-05-06 07:48:39,False,False,False,False,False,True,False
63,Greater than 45,Low,0,-1.0,1,0,0,2013-05-25 11:32:19,2013-05-26 08:33:03,False,True,False,False,False,True,False
27,25 - 45,Low,1,-2.0,1,0,0,2013-10-02 03:21:20,2013-10-04 12:05:39,False,False,False,False,False,True,False
26,25 - 45,Low,1,-1.0,3,1,0,2013-03-17 01:16:50,2013-03-24 03:44:00,False,False,False,False,False,True,True
24,Less than 25,Medium,2,-1.0,6,1,1,2014-08-09 08:59:23,2014-08-10 09:28:19,False,False,False,False,False,False,False
20,Less than 25,Low,1,-22.0,4,0,0,2014-01-28 12:36:10,2014-01-29 01:59:17,False,False,False,False,False,True,True
23,Less than 25,Medium,3,-1.0,7,1,1,2013-03-06 08:25:02,2013-03-15 10:13:53,False,False,False,False,False,True,True
58,Greater than 45,Low,2,-23.0,1,0,0,2013-04-06 08:22:37,2013-04-07 12:56:04,False,True,False,False,False,False,True
58,Greater than 45,Low,0,0.0,1,0,0,2013-10-03 02:20:47,2013-10-03 07:55:20,False,True,False,False,False,True,True
63,Greater than 45,Low,6,-1.0,3,0,0,2013-04-21 11:10:45,2013-05-16 06:46:14,False,False,False,False,False,True,False
29,25 - 45,Low,0,-1.0,1,0,0,2013-04-07 09:28:07,2013-04-08 07:50:27,False,True,False,False,False,True,True
29,25 - 45,High,2,0.0,9,0,0,2013-02-09 12:03:25,2013-07-19 12:35:09,False,False,False,False,False,True,False
41,25 - 45,Low,2,-3.0,1,0,0,2013-05-31 08:17:28,2013-06-01 08:45:39,False,True,False,False,False,True,True
54,Greater than 45,Low,2,0.0,2,0,0,2013-09-15 01:38:34,2013-12-21 04:45:56,False,True,False,False,False,True,False
38,25 - 45,Medium,12,-1.0,5,0,0,2013-05-02 09:10:49,2013-05-03 07:35:53,False,True,False,False,False,True,False
51,Greater than 45,Low,3,-1.0,4,0,0,2013-02-15 09:25:26,2013-02-22 07:32:22,False,True,False,False,False,True,False
28,25 - 45,Low,2,-1.0,2,1,0,2013-01-15 07:30:10,2013-05-20 09:16:44,False,False,False,False,False,True,False
54,Greater than 45,Low,0,0.0,1,1,1,2013-03-04 03:35:08,2013-03-04 07:18:36,False,False,False,False,False,True,True
42,25 - 45,Low,1,-10.0,1,0,0,2013-10-20 12:32:39,2013-10-20 06:19:35,False,False,False,False,False,False,False
43,25 - 45,Low,0,0.0,1,1,1,2013-08-02 01:25:54,2013-08-02 07:52:49,False,True,False,False,False,False,True
43,25 - 45,Medium,6,0.0,7,0,0,2013-01-19 02:59:22,2013-01-19 06:49:07,False,False,False,False,False,False,False
45,Greater than 45,Low,2,-1.0,1,0,0,2013-01-25 07:53:49,2013-03-13 12:29:31,False,False,True,False,False,True,False
34,25 - 45,High,10,22.0,9,1,1,2014-09-18 11:18:42,2014-10-02 09:03:17,False,True,False,False,False,False,False
52,Greater than 45,Low,0,-1.0,1,0,0,2013-11-04 11:09:47,2013-11-06 01:57:40,False,False,True,False,False,True,False
20,Less than 25,Low,0,-1.0,2,0,0,2013-12-05 11:38:15,2013-12-06 12:40:41,False,True,False,False,False,True,False
26,25 - 45,High,0,-1.0,8,0,0,2013-02-06 10:27:22,2013-02-07 08:07:33,False,False,False,False,False,True,False
27,25 - 45,High,9,-1.0,10,1,1,2013-02-05 11:27:02,2015-04-16 06:28:26,False,False,False,False,False,True,False
25,25 - 45,Low,0,0.0,1,0,0,2013-12-20 03:36:29,2013-12-20 02:06:03,False,False,False,False,True,True,True
32,25 - 45,Low,8,-2.0,4,1,0,2013-07-27 10:35:38,2013-07-29 11:27:25,False,True,False,False,False,True,False
27,25 - 45,Low,0,-1.0,2,0,0,2013-03-25 12:25:41,2013-03-28 05:58:56,False,False,False,False,False,True,True
26,25 - 45,Low,1,-1.0,1,1,1,2014-10-04 09:26:00,2014-10-05 01:23:01,False,False,False,False,False,True,False
50,Greater than 45,Low,0,-1.0,1,0,0,2014-02-22 01:33:06,2014-02-24 02:04:00,False,False,False,False,False,True,False
23,Less than 25,Medium,2,-1.0,7,1,1,2013-09-18 08:45:23,2013-10-03 12:14:36,False,True,False,False,False,True,False
21,Less than 25,Medium,0,-1.0,7,0,0,2014-02-01 03:12:15,2014-02-03 08:44:42,False,False,False,False,False,True,False
42,25 - 45,Low,0,-1.0,2,0,0,2014-03-17 10:13:17,2014-03-18 01:20:01,False,True,False,False,False,False,True
22,Less than 25,Low,0,-1.0,3,0,0,2014-03-20 06:54:43,2014-03-21 08:13:07,False,False,False,False,False,True,False
24,Less than 25,Medium,0,-1.0,5,0,0,2013-12-13 03:20:31,2013-12-14 01:25:18,False,True,False,False,False,False,False
22,Less than 25,Medium,1,-1.0,6,0,0,2013-01-14 04:29:03,2013-01-15 01:53:43,False,True,False,False,False,True,False
23,Less than 25,High,4,-1.0,9,1,1,2013-09-22 01:06:45,2013-09-24 04:25:18,False,True,False,False,False,True,True
27,25 - 45,Low,3,-1.0,3,0,0,2014-02-07 04:46:22,2014-02-10 10:45:34,False,True,False,False,False,True,True
49,Greater than 45,Low,1,-1.0,1,0,0,2013-09-09 05:23:57,2013-09-10 09:54:48,False,True,False,False,False,False,False
24,Less than 25,Low,1,-1.0,3,1,1,2013-12-14 08:26:15,2013-12-15 09:06:30,False,True,False,False,False,True,False
24,Less than 25,High,11,-15.0,10,1,1,2013-03-12 11:19:44,2013-03-13 01:53:48,False,False,True,False,False,True,False
39,25 - 45,Low,1,-1.0,1,1,0,2013-04-14 12:35:29,2013-04-28 04:07:31,False,False,False,False,False,True,False
23,Less than 25,Medium,2,-1.0,7,0,0,2013-01-14 07:27:31,2013-02-28 08:04:57,False,False,False,False,True,True,True
27,25 - 45,High,0,-1.0,8,1,1,2013-11-12 08:49:59,2014-01-12 07:13:33,False,False,False,False,False,True,False
48,Greater than 45,Medium,0,-1.0,7,0,0,2013-12-29 08:36:14,2014-01-09 09:02:40,False,True,False,False,False,True,False
28,25 - 45,Low,1,0.0,4,1,1,2014-02-16 12:19:08,2014-02-20 12:30:39,False,True,False,False,False,True,False
51,Greater than 45,Low,0,-1.0,1,0,0,2013-03-10 12:30:54,2013-03-12 09:49:53,False,True,False,False,False,True,True
39,25 - 45,High,22,-1.0,10,1,1,2014-02-08 09:20:45,2014-02-12 09:20:16,False,False,False,False,False,False,False
23,Less than 25,Low,1,0.0,4,0,0,2013-11-04 05:37:01,2013-11-05 03:43:13,False,False,False,False,False,True,False
51,Greater than 45,Low,4,-26.0,1,0,0,2014-01-04 08:25:00,2014-01-05 01:49:50,False,True,False,False,False,True,True
29,25 - 45,High,12,-1.0,10,1,1,2014-02-21 09:47:22,2014-02-27 09:02:04,False,False,False,False,False,True,False
30,25 - 45,Medium,3,-1.0,7,0,0,2013-04-28 04:58:10,2013-11-20 09:13:09,False,False,False,False,False,True,True
43,25 - 45,Low,0,-2.0,1,0,0,2013-03-30 11:02:54,2013-03-31 02:41:31,False,True,False,False,False,False,True
31,25 - 45,High,0,0.0,10,1,1,2013-11-30 05:18:06,2013-11-30 01:05:02,False,False,True,False,False,True,False
24,Less than 25,Medium,1,26.0,6,1,1,2013-11-04 03:09:22,2013-11-05 01:19:17,False,False,False,False,False,False,False
35,25 - 45,Medium,7,-1.0,6,1,1,2013-02-05 09:43:24,2013-02-07 09:37:23,False,False,False,False,False,False,False
43,25 - 45,High,7,-21.0,8,0,0,2013-11-20 09:22:12,2013-11-29 01:21:20,False,True,False,False,False,False,False
30,25 - 45,High,4,-1.0,9,1,1,2013-04-14 09:47:43,2013-04-15 07:07:32,False,False,False,False,True,True,True
54,Greater than 45,Low,0,0.0,1,0,0,2013-10-19 12:42:06,2013-10-19 08:14:50,False,True,False,False,False,True,True
25,25 - 45,High,2,0.0,8,0,0,2013-02-07 03:40:18,2013-02-19 08:46:34,False,True,False,False,False,True,True
39,25 - 45,Low,10,-1.0,4,1,1,2014-01-11 09:59:10,2014-01-12 02:30:18,False,False,True,False,False,False,False
26,25 - 45,Medium,6,-1.0,6,0,0,2013-08-21 12:18:44,2013-08-23 04:24:07,False,False,False,False,False,True,False
53,Greater than 45,Low,0,-1.0,2,0,0,2013-04-20 04:59:18,2013-05-01 05:05:32,False,True,False,False,False,True,False
33,25 - 45,Low,0,-1.0,1,0,0,2014-02-25 04:14:26,2014-03-04 02:26:37,False,True,False,False,False,True,False
47,Greater than 45,Medium,3,0.0,5,0,0,2013-04-15 06:04:22,2013-06-17 08:28:27,False,True,False,False,False,True,True
32,25 - 45,Low,0,-1.0,1,0,0,2013-04-29 06:48:57,2013-04-30 02:02:05,False,False,False,False,True,False,True
20,Less than 25,Medium,0,-1.0,5,1,1,2014-01-30 01:49:49,2014-01-31 01:46:52,False,False,False,False,False,True,False
58,Greater than 45,Low,0,-1.0,1,0,0,2013-05-20 12:10:00,2013-05-20 12:19:32,False,True,False,False,False,False,True
25,25 - 45,Medium,0,-1.0,5,0,0,2013-08-03 01:49:54,2013-09-16 07:24:51,False,False,False,False,False,False,True
45,Greater than 45,Low,0,-1.0,1,0,0,2013-04-18 04:57:29,2013-05-01 09:03:25,False,False,True,False,False,True,False
51,Greater than 45,Low,0,-1.0,1,0,0,2013-01-17 04:06:24,2013-01-17 08:06:48,False,True,False,False,False,False,True
24,Less than 25,Low,0,0.0,4,1,0,2013-01-07 03:32:06,2013-01-08 02:56:38,False,False,False,False,False,True,False
24,Less than 25,Medium,0,0.0,5,0,0,2013-09-22 05:21:34,2013-09-23 02:00:15,False,True,False,False,False,False,False
28,25 - 45,High,2,-1.0,8,0,0,2013-11-24 03:03:07,2013-11-27 08:15:41,False,False,True,False,False,True,False
31,25 - 45,Low,2,-1.0,1,0,0,2013-05-16 11:28:32,2013-05-18 04:21:53,False,False,False,False,False,True,False
55,Greater than 45,Low,0,-1.0,1,0,0,2013-12-29 06:37:02,2013-12-31 10:29:24,False,True,False,False,False,True,False
50,Greater than 45,High,24,0.0,8,1,1,2013-01-07 02:25:09,2013-02-08 11:34:13,False,False,False,False,False,True,True
71,Greater than 45,Low,3,-1.0,1,0,0,2013-11-07 05:56:13,2013-11-07 09:04:13,False,True,False,False,False,True,True
40,25 - 45,High,15,-1.0,9,1,1,2013-02-01 05:27:23,2013-04-14 11:31:39,False,False,False,False,False,True,False
27,25 - 45,Medium,6,-1.0,6,1,1,2014-05-14 02:14:46,2014-06-17 10:56:58,False,True,False,False,False,True,False
27,25 - 45,Low,0,0.0,1,0,0,2013-09-08 04:52:18,2013-09-09 01:35:06,False,False,False,False,False,True,True
32,25 - 45,Low,8,-1.0,4,0,0,2013-02-03 06:34:52,2013-02-07 11:43:19,False,False,False,False,False,True,False
22,Less than 25,High,2,-1.0,9,0,0,2013-10-14 09:45:50,2013-10-17 09:23:49,False,False,False,False,False,False,False
26,25 - 45,Low,8,-1.0,4,0,0,2013-08-19 03:18:18,2013-08-21 05:06:23,False,True,False,False,False,True,False
41,25 - 45,Low,1,0.0,1,0,0,2013-05-08 10:07:34,2013-05-10 11:57:26,False,True,False,False,False,True,False
26,25 - 45,Medium,3,-1.0,5,1,0,2013-04-28 09:29:51,2013-04-29 08:39:30,False,False,False,False,False,False,False
33,25 - 45,Low,0,-1.0,1,0,0,2014-02-03 01:54:41,2014-02-04 01:11:16,False,False,False,False,False,True,False
22,Less than 25,Medium,1,-1.0,7,0,0,2013-08-21 06:28:25,2013-08-23 04:24:26,False,False,False,False,False,True,True
24,Less than 25,Low,0,0.0,2,0,0,2014-03-15 01:13:11,2014-03-16 08:35:16,False,False,False,False,False,True,True
26,25 - 45,Medium,2,-1.0,6,1,0,2013-01-29 07:52:58,2013-01-30 01:21:46,False,True,False,False,False,True,False
40,25 - 45,Low,1,-1.0,1,0,0,2013-08-28 06:36:56,2013-08-29 07:57:29,False,False,False,False,False,True,True
25,25 - 45,Low,0,-1.0,2,1,1,2014-12-12 07:29:14,2014-12-13 07:28:15,False,True,False,False,False,True,False
38,25 - 45,Medium,3,0.0,5,0,0,2013-04-13 01:46:54,2013-04-14 07:38:52,False,False,False,False,False,True,False
38,25 - 45,Medium,9,-1.0,5,1,1,2014-08-05 07:00:13,2014-08-07 05:07:25,False,False,False,False,False,True,False
64,Greater than 45,Medium,20,-1.0,7,0,0,2013-12-25 10:09:07,2013-12-27 11:47:33,False,False,False,False,False,True,False
23,Less than 25,Low,0,-2.0,4,0,0,2013-09-01 06:04:07,2013-09-02 08:50:01,False,True,False,False,False,True,True
23,Less than 25,Low,0,-1.0,4,0,0,2013-04-05 06:15:45,2013-04-06 10:23:30,False,False,False,False,False,True,False
28,25 - 45,Low,1,0.0,2,0,0,2013-05-14 02:30:57,2013-05-14 07:42:24,False,False,False,False,True,False,False
27,25 - 45,Low,0,0.0,4,0,0,2013-04-12 01:52:14,2013-04-24 04:49:29,False,True,False,False,False,True,False
52,Greater than 45,Low,6,-13.0,1,0,0,2013-01-30 12:51:16,2013-02-06 09:57:29,False,True,False,False,False,False,False
26,25 - 45,Low,0,0.0,4,0,0,2013-09-23 06:12:00,2013-09-23 08:25:00,False,False,False,False,False,True,True
29,25 - 45,Low,0,-1.0,2,0,0,2013-10-26 05:21:11,2013-10-28 03:08:35,False,True,False,False,False,False,True
22,Less than 25,Medium,3,-1.0,6,1,0,2013-04-25 03:56:18,2013-08-31 05:22:10,False,False,False,False,False,True,False
25,25 - 45,Low,0,-1.0,2,0,0,2013-05-10 09:11:37,2013-05-11 07:06:19,False,False,False,False,False,False,True
25,25 - 45,High,24,-1.0,10,1,1,2014-08-18 10:49:05,2014-08-19 07:37:38,False,False,False,False,True,True,False
20,Less than 25,Low,0,-1.0,4,0,0,2013-11-08 04:19:33,2013-11-09 02:11:07,False,False,False,False,False,True,False
28,25 - 45,Low,1,-1.0,2,0,0,2013-12-20 11:13:53,2013-12-21 08:55:44,False,True,False,False,False,True,True
28,25 - 45,Low,1,0.0,4,1,0,2013-05-27 12:20:56,2013-06-12 10:12:20,False,False,False,False,False,True,False
40,25 - 45,Low,0,0.0,3,0,0,2013-02-01 02:35:40,2013-02-01 01:46:17,False,False,True,False,False,True,True
25,25 - 45,Low,1,0.0,3,0,0,2013-04-23 02:54:38,2013-06-04 09:05:42,False,True,False,False,False,True,True
51,Greater than 45,Low,2,0.0,1,0,0,2013-08-06 04:40:40,2013-08-29 04:07:37,False,True,False,False,False,True,False
23,Less than 25,Medium,0,-1.0,6,0,0,2013-03-12 06:19:34,2013-03-13 08:18:42,False,False,False,False,False,False,True
63,Greater than 45,Low,1,-26.0,1,0,0,2014-01-10 09:45:32,2014-01-25 05:08:15,False,False,True,False,False,True,False
39,25 - 45,Low,1,-1.0,4,0,0,2013-03-06 11:23:53,2013-03-11 09:00:57,False,False,False,False,False,True,True
34,25 - 45,Low,1,-21.0,2,0,0,2013-01-16 10:16:43,2013-02-01 05:50:36,False,False,False,False,False,False,True
23,Less than 25,Low,0,0.0,4,0,0,2014-02-10 04:37:45,2014-02-10 08:40:32,False,False,True,False,False,True,True
22,Less than 25,Medium,0,0.0,7,0,0,2013-04-13 06:02:46,2013-04-24 09:03:40,False,False,False,False,False,True,False
25,25 - 45,Medium,0,-1.0,5,0,0,2013-10-03 12:19:47,2013-10-03 08:07:28,False,True,False,False,False,True,False
54,Greater than 45,Low,0,-1.0,1,0,0,2013-12-24 11:18:23,2013-12-31 04:10:32,False,True,False,False,False,True,False
41,25 - 45,Medium,1,0.0,5,0,0,2013-11-29 02:47:41,2014-01-30 11:45:51,False,True,False,False,False,True,False
48,Greater than 45,Medium,2,0.0,6,0,0,2013-04-01 06:58:00,2013-04-02 12:49:07,False,False,False,False,False,True,False
22,Less than 25,Low,1,-3.0,4,0,0,2014-01-04 01:34:33,2014-01-04 01:28:25,False,False,False,False,False,False,True
36,25 - 45,Low,1,-1.0,2,0,0,2013-05-05 07:03:21,2013-05-06 09:22:37,False,False,False,False,False,False,True
20,Less than 25,Medium,0,-1.0,5,0,0,2013-10-20 10:25:19,2013-10-21 07:52:13,False,False,False,False,True,True,True
27,25 - 45,High,27,0.0,10,1,1,2013-02-27 05:59:45,2013-02-27 07:50:16,False,False,False,False,False,True,True
28,25 - 45,Medium,5,-1.0,7,1,1,2013-05-11 06:12:53,2013-06-06 09:39:09,False,True,False,False,False,True,True
21,Less than 25,High,0,-1.0,8,1,1,2013-12-18 01:10:47,2014-01-21 11:37:54,False,False,False,False,False,True,False
39,25 - 45,Low,3,-1.0,2,0,0,2013-03-21 03:33:14,2013-03-22 09:40:17,False,False,False,False,False,True,False
40,25 - 45,Low,0,-1.0,1,0,0,2013-04-03 04:56:38,2013-04-23 03:20:28,True,False,False,False,False,True,False
50,Greater than 45,Low,2,0.0,3,0,0,2013-02-09 02:34:06,2013-02-10 02:41:17,False,True,False,False,False,True,False
52,Greater than 45,Low,1,-1.0,1,0,0,2014-02-23 02:25:36,2014-02-24 01:35:35,False,False,False,False,False,True,False
47,Greater than 45,Low,0,-2.0,2,0,0,2013-04-17 11:16:09,2013-04-18 08:01:15,False,False,False,False,False,False,True
25,25 - 45,Medium,4,-1.0,5,1,1,2013-04-08 05:49:48,2013-05-10 05:42:55,False,False,False,False,False,True,False
40,25 - 45,Medium,5,0.0,7,1,1,2014-07-29 01:35:57,2014-08-28 10:17:57,False,False,False,False,False,True,False
35,25 - 45,Low,2,0.0,3,1,0,2013-01-07 02:38:57,2013-01-07 09:00:03,False,True,False,False,False,True,True
24,Less than 25,Low,0,-1.0,2,0,0,2014-02-06 01:25:28,2014-02-08 12:00:39,False,False,False,False,False,False,True
57,Greater than 45,Low,1,-26.0,1,0,0,2013-05-17 10:57:12,2013-05-18 04:35:45,False,True,False,False,False,True,False
55,Greater than 45,Low,0,-1.0,1,0,0,2013-08-11 06:49:45,2013-08-12 09:32:58,False,True,False,False,False,False,True
21,Less than 25,High,1,-1.0,8,0,0,2013-09-20 07:24:36,2013-09-21 08:53:45,False,False,False,False,False,True,False
46,Greater than 45,Low,3,-1.0,4,0,0,2013-04-30 04:31:44,2013-05-14 09:41:21,False,True,False,False,False,True,False
24,Less than 25,Low,0,0.0,3,0,0,2013-03-22 12:42:13,2013-03-22 01:31:13,False,False,False,False,False,True,False
42,25 - 45,Low,0,0.0,1,0,0,2013-10-13 01:34:58,2013-10-19 08:32:01,False,True,False,False,False,True,True
29,25 - 45,High,5,0.0,8,0,0,2013-02-23 02:42:31,2013-02-24 03:36:20,False,False,False,False,False,True,False
33,25 - 45,Low,0,-1.0,1,0,0,2013-03-11 04:18:14,2013-03-12 01:14:05,False,False,True,False,False,True,True
45,Greater than 45,Low,6,0.0,4,0,0,2014-01-14 02:25:13,2014-01-15 11:05:21,False,False,False,False,False,True,False
30,25 - 45,Low,0,-1.0,1,0,0,2014-03-30 06:21:42,2014-03-31 01:49:16,False,False,False,False,False,True,True
43,25 - 45,Low,0,-1.0,1,0,0,2013-07-31 03:08:47,2013-08-02 04:52:57,False,True,False,False,False,True,False
33,25 - 45,Medium,9,-28.0,7,1,1,2014-10-27 12:30:23,2014-11-11 02:19:27,False,False,False,False,False,True,True
36,25 - 45,Low,2,0.0,2,0,0,2014-02-06 06:31:29,2014-02-07 04:00:17,False,False,False,False,False,True,False
21,Less than 25,Low,1,-10.0,3,0,0,2013-08-26 06:22:19,2013-08-28 11:07:09,False,False,False,False,False,True,False
25,25 - 45,Low,0,0.0,4,0,0,2013-05-22 01:26:39,2013-05-24 08:30:15,False,True,False,False,False,False,True
31,25 - 45,High,4,0.0,8,0,0,2013-04-19 12:52:18,2013-04-20 07:47:51,False,False,False,False,False,False,False
50,Greater than 45,Low,1,-1.0,1,0,0,2014-01-31 11:01:58,2014-02-01 10:10:12,False,False,False,False,False,True,False
26,25 - 45,Low,0,-1.0,2,0,0,2013-03-05 09:28:44,2013-03-06 07:12:03,False,True,False,False,False,True,True
39,25 - 45,Low,0,0.0,2,0,0,2013-01-10 02:12:21,2013-01-10 07:13:09,False,True,False,False,False,True,True
29,25 - 45,Medium,4,-1.0,6,1,1,2013-04-11 11:52:52,2013-04-18 11:54:40,False,True,False,False,False,True,True
32,25 - 45,Low,1,-15.0,1,0,0,2013-05-30 04:25:33,2013-06-14 11:57:29,False,False,False,False,True,True,False
32,25 - 45,Low,2,-1.0,2,0,0,2013-08-09 11:28:35,2013-08-11 03:36:21,False,False,False,False,False,True,True
31,25 - 45,Low,7,-1.0,4,0,0,2013-10-26 05:44:07,2013-10-27 08:13:55,False,False,False,False,False,True,True
29,25 - 45,Low,4,-1.0,2,1,1,2013-05-03 05:09:54,2013-05-06 08:52:35,False,False,False,False,True,True,False
23,Less than 25,Low,0,-1.0,4,0,0,2014-02-14 02:04:23,2014-02-16 03:42:24,False,False,False,False,False,False,True
45,Greater than 45,Low,1,-1.0,1,0,0,2013-05-28 01:09:38,2013-05-30 01:19:38,False,False,False,False,True,False,False
45,Greater than 45,Low,0,-1.0,1,0,0,2013-08-18 09:01:18,2013-08-19 08:01:53,False,False,False,False,True,False,True
57,Greater than 45,Low,0,0.0,1,0,0,2013-05-27 01:52:05,2013-05-28 01:12:21,False,False,False,False,False,True,True
27,25 - 45,Low,0,0.0,2,0,0,2013-05-01 05:32:30,2013-05-02 12:23:41,False,False,False,False,False,False,True
24,Less than 25,High,6,0.0,9,1,1,2014-04-16 02:28:47,2014-04-19 11:22:18,False,True,False,False,False,False,False
34,25 - 45,Low,0,-1.0,1,0,0,2014-01-25 09:03:48,2014-01-26 06:20:03,False,False,False,False,False,False,False
42,25 - 45,Low,2,-1.0,3,0,0,2013-01-24 11:48:41,2013-02-28 05:30:45,False,False,False,False,False,False,True
42,25 - 45,Low,0,0.0,1,0,0,2013-11-19 03:21:39,2013-11-19 08:57:44,False,True,False,False,False,False,True
31,25 - 45,Medium,5,-1.0,6,1,0,2013-03-10 08:28:08,2013-03-13 12:29:20,False,False,False,False,True,True,False
65,Greater than 45,Low,0,-1.0,1,0,0,2014-02-23 10:06:57,2014-02-24 09:55:50,False,False,False,False,False,False,False
27,25 - 45,Low,2,-1.0,4,0,0,2013-09-08 08:07:45,2013-09-11 08:26:49,False,False,False,False,False,True,False
33,25 - 45,Low,2,-1.0,4,0,0,2013-11-04 06:37:56,2013-11-05 08:59:00,False,False,False,False,False,True,True
48,Greater than 45,Low,6,-26.0,2,0,0,2013-11-07 12:05:05,2013-11-13 09:53:57,False,True,False,False,False,True,False
28,25 - 45,Low,2,3.0,3,1,1,2013-01-28 03:35:04,2013-01-30 07:33:30,False,True,False,False,False,True,False
47,Greater than 45,Low,1,0.0,1,0,0,2013-10-13 02:20:11,2013-10-14 07:54:28,True,False,False,False,False,True,True
25,25 - 45,High,5,-1.0,9,0,0,2013-04-13 10:35:00,2013-04-15 04:04:55,False,False,False,False,False,True,True
34,25 - 45,Low,0,0.0,1,0,0,2014-01-25 09:11:58,2014-01-26 02:13:57,False,False,False,False,True,False,True
36,25 - 45,Low,0,-3.0,1,0,0,2013-12-06 05:42:25,2013-12-07 02:22:24,False,False,False,False,False,True,False
49,Greater than 45,Low,3,-1.0,4,0,0,2013-03-08 08:30:08,2013-03-09 08:10:58,False,False,False,False,False,True,False
30,25 - 45,Medium,2,-1.0,7,0,0,2013-01-29 08:26:44,2013-01-30 08:54:42,False,False,False,False,False,True,True
34,25 - 45,Medium,5,-13.0,6,0,0,2013-03-14 10:36:21,2013-03-16 12:30:05,False,False,False,False,False,True,True
21,Less than 25,Low,0,16.0,4,1,1,2014-08-24 05:26:00,2014-09-24 04:08:57,False,False,False,False,False,True,False
25,25 - 45,High,5,-1.0,9,1,1,2013-11-06 11:10:50,2013-11-21 09:35:41,False,True,False,False,False,True,True
22,Less than 25,Low,0,-7.0,4,0,0,2013-06-20 10:32:45,2013-06-26 09:05:59,False,False,False,False,False,False,False
58,Greater than 45,Low,1,-1.0,1,0,0,2013-03-29 11:57:12,2013-03-31 03:36:36,False,True,False,False,False,True,False
21,Less than 25,High,0,-1.0,9,0,0,2013-08-17 05:45:53,2013-08-18 06:27:56,False,False,False,False,False,True,True
28,25 - 45,High,11,-1.0,10,0,0,2013-11-01 07:35:10,2013-11-27 07:48:37,False,False,False,False,False,True,False
39,25 - 45,Low,0,-1.0,1,0,0,2013-09-16 07:16:33,2013-10-04 09:01:33,False,False,False,False,False,True,False
61,Greater than 45,Low,0,-4.0,1,0,0,2013-05-31 09:09:37,2013-06-01 08:30:27,False,True,False,False,False,True,True
45,Greater than 45,Low,2,-1.0,2,0,0,2013-02-22 12:35:53,2013-02-23 08:32:59,False,True,False,False,False,True,True
51,Greater than 45,Medium,0,-1.0,5,0,0,2013-01-26 10:20:37,2013-01-28 08:30:53,False,True,False,False,False,False,False
35,25 - 45,Low,1,-1.0,2,0,0,2014-03-09 10:01:46,2014-03-10 09:42:18,False,False,False,False,False,True,True
46,Greater than 45,Medium,0,-1.0,5,0,0,2013-12-09 06:27:49,2014-02-26 01:03:40,False,True,False,False,False,True,False
34,25 - 45,High,11,0.0,8,1,1,2013-04-22 11:11:43,2013-04-23 07:29:12,False,False,False,False,False,True,False
23,Less than 25,High,0,-1.0,8,1,1,2013-04-23 06:47:37,2013-04-25 08:21:03,False,False,False,False,False,True,False
47,Greater than 45,Low,5,-1.0,2,0,0,2013-04-01 10:51:38,2013-04-06 07:54:08,False,True,False,False,False,True,True
37,25 - 45,Low,4,-1.0,4,0,0,2013-08-09 11:34:29,2013-08-10 06:58:49,False,False,True,False,False,True,True
25,25 - 45,Low,1,-14.0,2,0,0,2013-08-22 09:32:29,2013-08-31 06:13:28,False,False,False,False,False,True,False
51,Greater than 45,Low,2,-1.0,1,0,0,2013-02-19 03:55:09,2013-02-20 07:10:16,False,False,False,False,True,True,False
28,25 - 45,High,1,-1.0,9,0,0,2013-01-01 06:27:15,2013-02-09 02:24:08,False,False,False,False,False,False,False
20,Less than 25,Low,1,-1.0,4,0,0,2014-02-11 03:24:41,2014-02-12 02:37:51,False,True,False,False,False,True,False
26,25 - 45,High,2,-1.0,9,1,1,2014-05-24 08:49:20,2014-05-25 08:41:34,False,True,False,False,False,True,False
29,25 - 45,Medium,0,-3.0,7,0,0,2013-03-08 03:07:49,2013-03-08 08:40:55,False,True,False,False,False,False,False
66,Greater than 45,Low,0,-1.0,1,0,0,2013-02-22 01:47:24,2013-02-23 08:24:24,False,True,False,False,False,True,True
54,Greater than 45,Low,1,-7.0,2,0,0,2013-05-06 04:01:50,2013-05-10 08:38:25,False,True,False,False,False,False,True
25,25 - 45,Low,2,0.0,2,0,0,2013-11-27 12:32:45,2013-11-27 02:52:06,False,False,False,False,True,True,False
27,25 - 45,High,4,0.0,9,1,1,2014-03-11 05:19:53,2014-03-11 08:47:22,False,False,False,False,False,True,False
41,25 - 45,Low,0,0.0,1,0,0,2013-12-03 12:26:01,2013-12-03 08:36:18,False,True,False,False,False,True,True
55,Greater than 45,Low,1,-1.0,1,0,0,2013-04-18 08:53:43,2013-04-19 07:50:03,False,False,False,False,False,False,False
26,25 - 45,Medium,1,-13.0,6,0,0,2013-02-06 10:37:48,2013-02-15 07:52:31,False,True,False,False,False,False,False
24,Less than 25,High,0,-1.0,9,0,0,2014-03-10 02:01:58,2014-03-11 10:42:11,False,False,False,False,False,True,False
27,25 - 45,Low,1,-1.0,1,0,0,2014-03-02 07:59:01,2014-03-03 02:03:23,False,False,True,False,False,True,True
49,Greater than 45,Low,2,-1.0,1,0,0,2013-09-26 10:20:24,2013-09-27 01:35:34,False,False,False,False,True,True,False
21,Less than 25,Low,1,-1.0,4,0,0,2013-10-09 04:32:43,2013-10-10 05:30:24,False,False,False,False,False,True,True
25,25 - 45,Low,1,0.0,2,0,0,2014-03-11 05:37:31,2014-03-11 08:37:39,False,False,False,False,False,True,False
21,Less than 25,Low,0,-1.0,4,0,0,2013-02-05 07:50:29,2013-02-06 02:23:08,False,True,False,False,False,True,False
23,Less than 25,Low,2,-1.0,4,0,0,2013-08-03 07:10:36,2013-08-04 08:13:39,False,False,False,False,True,True,True
24,Less than 25,Low,0,-1.0,2,0,0,2014-02-14 01:26:06,2014-02-15 08:43:50,False,False,False,False,False,True,False
21,Less than 25,Medium,2,-1.0,6,0,0,2013-11-06 07:01:58,2013-11-08 09:11:46,False,True,False,False,False,True,False
22,Less than 25,Medium,3,-1.0,7,0,0,2013-09-30 09:47:34,2013-10-01 02:07:40,False,False,False,False,False,True,False
53,Greater than 45,Low,0,0.0,1,1,1,2013-01-24 03:10:35,2013-01-25 12:12:01,False,False,False,False,False,True,True
54,Greater than 45,High,11,-1.0,8,0,0,2013-03-27 05:20:57,2013-03-28 07:45:04,False,False,False,False,False,True,False
42,25 - 45,Low,1,-3.0,1,0,0,2014-03-28 10:46:35,2014-03-29 09:04:01,False,False,True,False,False,True,True
20,Less than 25,Low,0,-1.0,4,1,0,2013-11-14 06:08:57,2013-11-15 08:54:29,False,False,False,False,False,True,False
33,25 - 45,Medium,0,-1.0,7,0,0,2013-02-18 06:09:43,2013-02-19 01:30:31,False,False,False,False,False,True,True
26,25 - 45,Low,0,-1.0,2,0,0,2013-05-27 07:12:07,2013-05-28 01:57:43,False,False,True,False,False,True,False
53,Greater than 45,Medium,13,-1.0,7,0,0,2013-04-03 04:57:52,2013-07-03 10:10:58,False,False,False,False,False,True,False
35,25 - 45,Low,0,-1.0,1,0,0,2014-03-02 08:33:08,2014-03-03 09:10:46,False,True,False,False,False,True,True
55,Greater than 45,Low,1,-1.0,1,0,0,2013-11-20 08:04:03,2013-11-21 08:17:32,False,True,False,False,False,True,True
23,Less than 25,High,0,-1.0,10,0,0,2014-01-09 02:16:17,2014-01-10 08:41:42,False,False,False,False,True,False,True
29,25 - 45,Medium,2,-1.0,6,0,0,2013-05-05 10:38:59,2013-06-12 05:40:10,False,False,False,False,False,True,False
59,Greater than 45,Low,8,-1.0,4,1,0,2013-04-10 05:27:44,2013-04-15 09:13:23,False,False,False,False,False,True,False
48,Greater than 45,High,25,-1.0,10,1,1,2014-03-18 03:28:44,2014-03-24 11:54:07,False,False,False,False,False,True,False
34,25 - 45,Low,0,-1.0,1,1,1,2014-02-28 07:07:16,2014-03-01 09:05:07,False,False,False,False,False,False,True
54,Greater than 45,Low,6,0.0,1,0,0,2013-03-15 01:04:54,2013-03-16 01:02:43,False,True,False,False,False,True,False
48,Greater than 45,Low,0,-1.0,1,0,0,2013-04-10 12:13:15,2013-04-11 01:05:57,False,True,False,False,False,False,True
53,Greater than 45,Low,0,-1.0,1,0,0,2013-01-12 11:41:12,2013-01-13 12:56:59,False,True,False,False,False,True,True
19,Less than 25,High,0,-1.0,8,1,1,2014-07-06 03:06:43,2014-07-07 07:43:34,False,False,False,False,False,False,True
48,Greater than 45,Low,2,-1.0,2,0,0,2013-09-25 12:51:27,2013-09-26 08:42:11,False,True,False,False,False,True,True
32,25 - 45,Medium,6,-1.0,7,1,1,2013-10-11 05:38:14,2013-10-15 07:11:17,False,False,False,False,False,True,False
22,Less than 25,Low,0,-1.0,4,0,0,2013-05-21 04:56:17,2013-05-22 07:40:50,False,False,False,False,False,True,False
37,25 - 45,Low,0,-1.0,1,1,0,2013-02-16 07:22:50,2013-02-18 02:10:02,False,False,False,False,False,True,True
29,25 - 45,Low,4,-26.0,4,0,0,2013-10-19 05:44:44,2013-10-20 05:26:25,False,False,False,False,False,True,True
48,Greater than 45,Medium,12,-24.0,6,0,0,2013-03-16 12:22:49,2013-03-16 01:38:12,False,False,False,False,False,True,True
39,25 - 45,Low,0,-1.0,1,0,0,2013-01-27 10:35:20,2013-01-28 06:46:53,False,False,False,False,False,True,True
57,Greater than 45,Low,0,-1.0,4,0,0,2013-05-17 03:48:40,2013-05-18 08:14:16,False,True,False,False,False,False,True
44,25 - 45,Low,0,-1.0,1,0,0,2013-10-20 01:02:00,2013-10-21 07:40:50,False,False,True,False,False,True,True
56,Greater than 45,Medium,4,-1.0,7,0,0,2013-02-14 07:01:45,2013-03-03 04:41:34,False,False,False,False,False,True,False
44,25 - 45,Low,0,-1.0,3,0,0,2014-03-17 11:17:35,2014-03-20 03:27:00,False,False,False,False,False,True,False
43,25 - 45,Low,0,0.0,2,0,0,2014-03-11 04:14:22,2014-03-11 08:42:40,False,True,False,False,False,False,True
30,25 - 45,Low,0,-1.0,1,0,0,2013-01-24 01:38:57,2013-01-25 07:33:52,False,False,False,False,True,True,False
35,25 - 45,Low,2,0.0,1,0,0,2014-02-06 12:45:53,2014-02-06 09:34:19,False,False,False,False,False,True,False
28,25 - 45,Low,0,-1.0,1,0,0,2014-02-01 07:34:55,2014-02-02 07:48:16,False,False,False,False,False,True,False
53,Greater than 45,Low,1,-10.0,1,0,0,2013-06-07 03:20:17,2013-06-08 05:43:33,False,True,False,False,False,True,True
36,25 - 45,Low,6,-25.0,4,0,0,2013-03-25 01:15:03,2013-03-25 08:01:36,False,True,False,False,False,True,False
56,Greater than 45,Low,6,-1.0,1,0,0,2013-05-07 09:00:57,2013-05-08 06:44:34,False,True,False,False,False,True,False
28,25 - 45,Low,2,0.0,3,1,1,2013-10-04 01:55:36,2013-10-05 07:07:26,False,True,False,False,False,True,True
21,Less than 25,Medium,3,-1.0,7,1,1,2013-05-15 08:46:36,2013-05-16 08:50:20,False,True,False,False,False,False,True
28,25 - 45,Low,0,-1.0,1,0,0,2013-12-09 07:48:15,2013-12-11 04:09:56,False,True,False,False,False,True,True
52,Greater than 45,Low,0,-1.0,1,0,0,2013-01-15 03:54:42,2013-01-16 04:51:43,False,True,False,False,False,True,False
28,25 - 45,Low,2,-1.0,3,1,1,2013-03-03 10:29:13,2013-03-05 09:58:12,False,False,True,False,False,True,False
44,25 - 45,Low,0,-1.0,1,0,0,2013-02-22 01:00:39,2013-02-23 08:11:29,False,False,False,False,False,False,True
32,25 - 45,Medium,0,-1.0,5,0,0,2013-03-07 11:30:49,2013-03-08 02:03:41,False,False,False,False,False,True,True
48,Greater than 45,Low,1,-8.0,1,0,0,2013-02-17 12:27:13,2013-02-23 08:12:19,False,False,True,False,False,True,True
26,25 - 45,Medium,1,-1.0,6,0,0,2013-09-07 04:24:40,2013-09-08 06:08:45,False,True,False,False,False,False,True
33,25 - 45,Medium,7,-6.0,6,0,0,2013-11-02 07:20:05,2013-11-03 01:50:08,False,True,False,False,False,False,True
23,Less than 25,Medium,0,0.0,7,0,0,2013-02-10 12:53:04,2013-02-11 07:30:44,False,False,False,False,False,True,False
52,Greater than 45,Low,7,-1.0,2,0,0,2013-04-19 11:43:36,2013-04-20 08:15:31,False,True,False,False,False,True,True
42,25 - 45,Low,7,-1.0,1,0,0,2013-12-22 09:32:59,2013-12-23 01:56:25,False,False,False,False,False,True,False
39,25 - 45,Medium,6,0.0,5,0,0,2013-01-19 02:54:51,2013-01-20 01:40:51,False,False,False,False,False,False,False
49,Greater than 45,Low,0,0.0,1,0,0,2013-03-23 12:39:51,2013-03-23 07:51:22,False,True,False,False,False,False,False
24,Less than 25,High,0,-3.0,8,0,0,2013-02-01 09:51:10,2013-02-02 01:42:28,False,False,True,False,False,True,True
45,Greater than 45,Low,0,-1.0,1,0,0,2013-01-01 11:17:23,2013-01-02 07:35:39,False,False,False,False,False,True,True
23,Less than 25,High,3,-1.0,8,1,1,2013-01-26 07:15:26,2013-02-21 09:21:04,False,True,False,False,False,True,True
27,25 - 45,Medium,8,-1.0,5,1,1,2014-07-19 11:52:29,2014-08-14 05:28:51,False,False,False,False,False,True,False
43,25 - 45,Low,1,-1.0,2,1,1,2013-02-10 09:37:38,2013-04-16 07:46:56,False,True,False,False,False,True,False
29,25 - 45,Low,0,-1.0,1,0,0,2013-12-17 09:14:03,2013-12-18 01:06:10,False,False,False,False,False,True,False
21,Less than 25,High,1,-1.0,8,0,0,2014-03-21 01:15:52,2014-03-23 04:21:27,False,False,False,False,False,True,False
23,Less than 25,High,0,0.0,9,0,0,2013-04-07 03:08:55,2013-04-08 08:21:53,False,True,False,False,False,True,False
21,Less than 25,Low,0,-1.0,4,0,0,2013-12-06 11:23:29,2013-12-07 01:44:43,False,False,False,False,False,True,False
45,Greater than 45,Low,6,-1.0,1,1,1,2013-01-12 05:43:00,2013-09-11 04:51:56,False,False,True,False,False,True,False
24,Less than 25,Low,0,-1.0,2,0,0,2013-12-11 11:10:23,2013-12-12 08:41:07,False,False,False,False,False,True,False
29,25 - 45,Medium,5,-1.0,6,0,0,2013-05-17 02:34:56,2014-01-30 06:26:52,False,False,False,False,True,True,False
34,25 - 45,Low,0,-1.0,3,1,0,2013-05-21 11:08:14,2013-05-22 07:36:48,False,True,False,False,False,True,False
39,25 - 45,High,13,-1.0,8,1,1,2013-09-24 05:14:32,2013-09-26 04:15:46,False,False,False,False,False,True,False
26,25 - 45,Medium,4,0.0,6,0,0,2013-03-06 12:02:54,2013-03-06 09:47:10,False,False,True,False,False,True,False
30,25 - 45,High,7,-1.0,9,0,0,2013-11-05 01:13:15,2013-11-06 08:26:17,False,False,True,False,False,True,False
55,Greater than 45,Low,1,-1.0,1,1,1,2013-11-07 06:14:28,2013-11-08 09:33:29,False,True,False,False,False,True,False
30,25 - 45,Low,0,0.0,1,0,0,2014-02-06 04:06:20,2014-02-06 08:57:25,False,True,False,False,False,True,True
41,25 - 45,Low,0,-1.0,1,0,0,2013-11-02 04:53:44,2013-11-03 12:58:20,False,True,False,False,False,True,False
23,Less than 25,Low,0,-1.0,3,0,0,2013-01-09 05:06:14,2013-01-11 03:18:41,False,False,False,False,False,True,False
45,Greater than 45,Low,1,0.0,1,0,0,2014-01-01 03:58:45,2014-01-02 12:15:31,False,True,False,False,False,True,True
58,Greater than 45,Low,1,-1.0,1,0,0,2013-05-18 08:22:32,2013-07-18 08:18:26,False,False,False,False,False,True,False
26,25 - 45,Low,1,-1.0,4,0,0,2013-09-29 03:52:04,2013-09-30 03:51:12,False,True,False,False,False,True,True
33,25 - 45,Medium,7,0.0,7,1,1,2013-01-03 12:47:06,2013-03-23 05:13:54,False,False,False,False,False,True,False
51,Greater than 45,Low,0,0.0,1,0,0,2013-12-01 12:17:36,2013-12-01 12:33:39,False,True,False,False,False,True,True
39,25 - 45,Low,5,-21.0,3,0,0,2013-07-29 05:42:49,2013-08-17 01:21:33,False,True,False,False,False,True,False
45,Greater than 45,Low,0,0.0,1,0,0,2013-10-19 05:10:30,2013-10-20 08:38:16,False,True,False,False,False,False,True
67,Greater than 45,Low,0,-1.0,1,0,0,2013-01-27 07:23:13,2013-01-29 05:24:01,False,False,False,False,False,False,False
47,Greater than 45,Low,2,-25.0,1,0,0,2013-07-14 06:16:40,2013-07-15 09:09:22,False,True,False,False,False,True,True
38,25 - 45,Low,4,0.0,3,0,0,2014-02-06 12:36:29,2014-02-06 09:10:10,False,False,False,False,False,True,False
28,25 - 45,Low,0,-1.0,3,0,0,2013-10-20 09:56:04,2013-10-21 09:59:59,False,False,False,False,False,False,True
40,25 - 45,Low,0,-2.0,2,0,0,2014-01-04 01:41:51,2014-01-05 08:41:28,False,False,True,False,False,True,True
22,Less than 25,Medium,1,-1.0,5,0,0,2014-02-27 05:17:46,2014-02-28 01:22:35,False,False,False,False,False,True,False
49,Greater than 45,Medium,12,-24.0,5,0,0,2013-02-08 10:08:21,2013-03-02 01:59:17,False,True,False,False,False,True,True
51,Greater than 45,Medium,3,0.0,7,0,0,2014-01-22 12:07:26,2014-01-22 08:34:55,False,False,False,False,False,True,False
52,Greater than 45,Low,2,-1.0,1,0,0,2013-05-08 02:05:44,2013-05-09 09:08:14,False,True,False,False,False,True,True
28,25 - 45,Low,1,-1.0,2,0,0,2014-02-26 10:21:54,2014-02-27 08:12:01,False,False,False,False,False,True,False
24,Less than 25,Low,0,-3.0,3,0,0,2013-07-15 11:39:27,2013-07-16 01:15:42,False,False,False,False,False,True,False
30,25 - 45,Low,2,0.0,1,1,1,2014-12-19 04:46:47,2014-12-20 08:52:23,False,True,False,False,False,False,True
53,Greater than 45,Low,1,-1.0,1,0,0,2013-12-21 05:26:48,2013-12-22 01:41:48,False,True,False,False,False,False,True
33,25 - 45,Low,0,0.0,1,0,0,2014-03-03 03:25:46,2014-03-03 08:38:42,False,False,False,False,False,True,True
56,Greater than 45,High,9,0.0,8,0,0,2014-01-07 12:09:17,2014-01-08 04:07:24,False,False,False,False,False,True,True
23,Less than 25,Medium,1,0.0,6,1,1,2013-04-05 06:11:22,2013-04-06 05:17:31,False,False,False,False,False,True,False
22,Less than 25,Low,0,-2.0,4,0,0,2013-06-01 10:56:01,2013-06-02 02:04:54,False,False,True,False,False,False,True
22,Less than 25,Medium,4,-12.0,6,0,0,2014-01-10 05:28:07,2014-01-11 01:47:04,False,False,False,False,False,True,True
63,Greater than 45,Low,2,-3.0,1,0,0,2013-12-09 08:43:05,2013-12-12 10:30:31,False,True,False,False,False,True,False
22,Less than 25,Medium,0,-1.0,5,0,0,2013-01-04 05:04:08,2013-01-06 05:48:14,False,True,False,False,False,False,True
51,Greater than 45,Low,0,-1.0,1,0,0,2013-01-17 06:26:46,2013-01-18 08:47:55,False,False,False,False,False,True,True
23,Less than 25,Medium,1,0.0,5,0,0,2013-04-24 02:27:23,2013-04-24 08:08:08,False,False,False,False,False,True,False
28,25 - 45,Low,2,-1.0,4,0,0,2013-02-07 04:53:39,2013-02-20 07:44:08,False,True,False,False,False,True,True
39,25 - 45,Low,1,-1.0,2,1,1,2013-09-22 10:25:30,2013-09-23 01:52:27,False,False,False,False,True,True,False
57,Greater than 45,Low,1,-1.0,2,0,0,2013-05-12 10:44:04,2013-05-13 01:07:10,False,False,True,False,False,False,True
44,25 - 45,Low,4,-1.0,2,0,0,2013-07-31 07:09:10,2013-08-02 04:53:29,False,True,False,False,False,True,False
20,Less than 25,High,0,-1.0,10,1,1,2013-09-13 10:01:25,2013-09-14 06:55:45,False,True,False,False,False,True,True
54,Greater than 45,Low,0,0.0,1,0,0,2014-02-02 12:09:29,2014-02-02 07:50:16,False,False,False,False,True,True,False
54,Greater than 45,Low,0,0.0,1,0,0,2013-04-07 03:17:08,2013-04-09 07:14:08,False,False,True,False,False,True,False
47,Greater than 45,Low,0,-1.0,1,0,0,2014-02-16 06:32:47,2014-02-17 01:03:05,False,False,False,False,True,True,True
26,25 - 45,Low,0,-1.0,2,0,0,2014-03-04 04:15:31,2014-03-05 01:44:19,False,True,False,False,False,True,True
22,Less than 25,Low,1,-1.0,3,0,0,2013-12-30 10:48:07,2013-12-31 09:49:50,False,True,False,False,False,False,False
52,Greater than 45,High,7,-1.0,9,1,1,2013-04-23 04:49:37,2013-08-19 02:59:15,False,False,False,False,False,True,False
58,Greater than 45,Low,2,-1.0,3,0,0,2013-02-22 07:47:53,2013-02-24 02:27:52,False,True,False,False,False,True,False
25,25 - 45,Low,4,0.0,4,0,0,2013-11-03 02:47:28,2013-11-04 07:59:32,False,False,True,False,False,True,False
28,25 - 45,Low,0,0.0,3,0,0,2014-03-14 03:35:23,2014-03-27 08:45:42,False,True,False,False,False,True,True
40,25 - 45,Medium,15,-1.0,7,1,1,2014-01-06 11:02:48,2014-03-13 06:17:07,False,False,False,False,False,False,False
25,25 - 45,Low,0,0.0,2,1,1,2014-09-08 03:42:10,2014-09-11 03:44:41,False,True,False,False,False,True,False
51,Greater than 45,Low,1,-12.0,1,0,0,2013-10-09 10:39:23,2013-10-16 05:04:21,False,False,True,False,False,True,False
32,25 - 45,High,22,0.0,9,1,1,2013-10-20 01:59:29,2013-10-20 08:13:18,False,False,False,False,False,True,False
21,Less than 25,High,0,-1.0,8,1,1,2013-04-09 07:15:24,2013-04-10 08:13:56,False,True,False,False,False,True,False
33,25 - 45,Medium,8,0.0,5,0,0,2014-01-03 06:25:02,2014-01-06 01:29:56,False,False,False,False,False,True,False
24,Less than 25,Medium,0,-1.0,6,0,0,2013-05-19 07:00:07,2013-06-12 01:57:48,False,True,False,False,False,False,True
21,Less than 25,High,0,-2.0,9,1,1,2013-07-27 11:47:49,2013-07-28 05:43:39,False,True,False,False,False,True,False
40,25 - 45,Low,6,-1.0,4,0,0,2013-05-01 09:47:42,2013-05-02 04:48:43,False,True,False,False,False,True,False
56,Greater than 45,Low,1,-1.0,1,0,0,2014-03-22 11:04:24,2014-03-26 09:44:27,False,True,False,False,False,True,True
50,Greater than 45,Low,3,-1.0,2,0,0,2013-11-22 07:53:52,2013-12-04 05:08:47,False,True,False,False,False,True,False
47,Greater than 45,Medium,14,-1.0,6,0,0,2013-08-14 05:27:06,2013-09-14 05:54:00,False,False,False,False,False,True,True
35,25 - 45,High,13,-1.0,10,0,0,2013-02-20 04:28:30,2013-02-21 02:00:22,False,False,False,False,False,True,False
21,Less than 25,Low,0,-1.0,3,0,0,2013-12-30 11:33:39,2013-12-31 07:58:02,False,True,False,False,False,True,True
22,Less than 25,Low,0,-1.0,3,0,0,2013-03-29 06:04:18,2013-03-30 04:10:47,False,False,False,False,False,True,False
51,Greater than 45,Low,2,0.0,1,0,0,2014-03-17 06:13:55,2014-03-17 08:07:49,False,False,True,False,False,False,True
31,25 - 45,Medium,19,-1.0,7,1,1,2013-09-23 07:54:43,2013-09-24 07:47:19,False,False,True,False,False,True,False
44,25 - 45,Low,0,-1.0,1,0,0,2013-10-19 10:50:50,2013-10-20 02:20:06,False,False,False,False,False,True,False
39,25 - 45,Low,0,-3.0,3,0,0,2013-02-01 03:49:12,2013-02-02 01:43:29,False,False,False,False,False,True,True
51,Greater than 45,Low,0,-1.0,4,1,1,2014-05-22 04:51:07,2014-05-23 08:08:14,False,False,False,False,False,True,False
48,Greater than 45,Low,0,0.0,1,0,0,2013-01-02 02:49:09,2013-01-02 07:16:44,False,False,False,False,False,False,True
52,Greater than 45,Low,2,-1.0,1,0,0,2013-03-04 10:07:00,2013-03-07 11:56:36,False,False,True,False,False,True,True
22,Less than 25,Low,0,-1.0,2,0,0,2014-02-10 10:29:08,2014-02-11 01:22:50,False,False,True,False,False,False,True
38,25 - 45,Low,0,0.0,1,0,0,2013-08-29 05:44:52,2013-08-30 03:36:06,False,False,False,False,False,False,True
28,25 - 45,Medium,3,-16.0,5,0,0,2013-10-22 07:20:56,2013-11-07 12:54:50,False,False,False,False,False,False,False
30,25 - 45,High,8,-1.0,9,1,1,2013-01-22 06:49:44,2013-01-23 01:35:06,False,False,False,False,False,True,True
51,Greater than 45,Low,1,-18.0,1,0,0,2013-01-27 07:54:35,2013-02-13 09:34:33,False,False,True,False,False,True,False
32,25 - 45,Low,0,-6.0,2,0,0,2013-12-28 04:21:31,2014-01-03 05:33:42,False,False,True,False,False,True,True
20,Less than 25,High,8,-1.0,10,1,1,2013-11-03 07:03:06,2013-11-04 08:10:42,False,False,False,False,True,True,False
20,Less than 25,High,0,-1.0,10,1,1,2014-03-26 09:51:33,2014-04-07 08:56:16,False,False,False,False,False,True,True
27,25 - 45,High,1,-1.0,9,0,0,2014-01-01 04:41:12,2014-01-02 08:10:32,False,True,False,False,False,True,False
20,Less than 25,Medium,0,-1.0,5,1,1,2013-10-02 05:50:22,2013-10-03 08:15:24,False,False,False,False,True,True,False
41,25 - 45,Medium,3,-1.0,5,0,0,2013-08-20 06:27:59,2013-08-21 09:19:32,False,True,False,False,False,False,False
24,Less than 25,Low,0,-1.0,2,0,0,2014-01-13 09:13:09,2014-01-15 08:37:12,False,False,False,False,True,True,False
30,25 - 45,Low,1,-1.0,2,0,0,2014-01-22 11:51:48,2014-01-24 08:52:16,False,False,False,False,False,True,True
25,25 - 45,High,2,-1.0,9,0,0,2013-01-07 07:36:11,2013-10-08 11:00:00,False,False,False,False,False,True,False
22,Less than 25,Medium,3,-1.0,7,0,0,2013-02-13 05:57:01,2013-05-30 09:53:38,False,False,False,False,False,True,False
35,25 - 45,High,13,-1.0,8,1,1,2014-05-18 04:05:09,2014-05-19 01:47:37,False,False,False,False,False,True,False
46,Greater than 45,Low,4,-1.0,4,0,0,2014-01-06 07:12:43,2014-01-07 01:36:40,False,False,False,False,False,False,False
31,25 - 45,Medium,0,-1.0,5,0,0,2014-02-20 09:46:47,2014-03-31 09:04:43,False,True,False,False,False,True,True
40,25 - 45,Low,1,-1.0,2,0,0,2013-02-11 10:39:48,2013-02-13 10:03:55,False,True,False,False,False,True,False
67,Greater than 45,Low,0,-3.0,1,0,0,2014-01-24 10:44:46,2014-01-25 04:52:46,False,True,False,False,False,False,True
31,25 - 45,Low,1,-1.0,1,0,0,2013-09-03 07:13:09,2013-09-04 12:44:15,False,False,False,False,False,True,False
32,25 - 45,High,11,-1.0,10,0,0,2013-09-19 02:19:06,2014-02-07 08:54:45,False,True,False,False,False,True,False
23,Less than 25,Low,2,-1.0,4,1,0,2013-02-05 11:15:36,2013-02-07 09:22:57,False,False,False,False,True,True,False
48,Greater than 45,Low,1,0.0,1,0,0,2013-01-31 02:01:00,2013-02-01 05:20:16,False,False,True,False,False,True,True
24,Less than 25,Low,0,0.0,2,0,0,2013-05-07 03:24:59,2013-05-08 03:17:44,False,True,False,False,False,True,True
23,Less than 25,Low,1,-1.0,2,0,0,2013-11-21 07:44:23,2013-11-22 05:14:14,False,True,False,False,False,True,True
31,25 - 45,Medium,1,-1.0,6,0,0,2013-09-21 07:38:34,2014-01-16 12:08:33,False,False,True,False,False,True,True
23,Less than 25,High,0,-1.0,9,0,0,2013-01-19 07:06:05,2013-01-20 12:29:47,False,True,False,False,False,True,True
37,25 - 45,Low,0,-1.0,3,0,0,2014-01-05 06:54:49,2014-01-07 03:15:44,False,True,False,False,False,True,True
39,25 - 45,Low,1,-1.0,2,0,0,2013-03-06 10:19:56,2013-03-07 01:54:02,False,False,False,False,False,False,False
31,25 - 45,High,10,-3.0,8,0,0,2014-02-07 03:57:04,2014-02-08 09:36:26,False,False,False,False,False,False,False
43,25 - 45,Low,0,-1.0,1,0,0,2013-04-30 03:49:28,2013-05-01 10:14:34,False,False,False,False,False,False,True
58,Greater than 45,Low,3,-18.0,1,0,0,2014-02-01 02:52:11,2014-02-19 11:14:31,False,False,False,False,False,False,True
25,25 - 45,Low,0,-1.0,3,1,0,2013-03-16 09:16:46,2013-03-17 02:17:18,False,False,False,False,False,True,True
57,Greater than 45,Low,6,-23.0,2,0,0,2013-09-02 03:00:19,2013-09-03 07:50:44,False,True,False,False,False,True,False
35,25 - 45,Low,7,-1.0,4,0,0,2013-05-09 11:20:35,2013-06-07 09:22:48,False,False,False,False,False,True,False
27,25 - 45,Low,1,-1.0,1,0,0,2013-11-25 12:24:22,2013-11-26 08:18:25,False,False,False,False,False,True,True
55,Greater than 45,Low,0,-1.0,1,0,0,2014-01-20 03:07:14,2014-01-21 01:35:53,False,False,True,False,False,False,True
25,25 - 45,Low,1,-1.0,4,1,1,2013-01-03 09:57:32,2013-01-04 01:36:49,False,False,False,False,False,True,False
35,25 - 45,Medium,9,-1.0,6,0,0,2013-11-25 04:37:30,2013-11-26 08:46:49,False,False,False,False,False,True,False
35,25 - 45,Medium,4,0.0,5,0,0,2013-05-09 02:12:42,2013-05-10 12:01:27,False,False,False,False,False,True,True
31,25 - 45,Medium,0,0.0,7,0,0,2014-01-22 12:19:55,2014-01-22 08:35:10,False,True,False,False,False,True,False
34,25 - 45,Low,2,0.0,3,1,0,2013-04-27 02:33:25,2013-04-27 07:29:37,False,False,True,False,False,True,True
67,Greater than 45,Low,1,-1.0,3,0,0,2013-04-05 11:40:27,2013-04-06 01:11:53,False,True,False,False,False,True,False
46,Greater than 45,Low,0,0.0,1,0,0,2013-02-11 06:08:31,2013-02-11 07:34:54,False,True,False,False,False,False,False
32,25 - 45,Low,4,0.0,3,0,0,2013-03-08 12:04:54,2013-03-08 02:03:36,False,False,False,False,True,True,False
40,25 - 45,Low,0,-1.0,2,0,0,2013-03-08 09:44:15,2013-03-09 01:22:15,False,True,False,False,False,True,False
28,25 - 45,Low,1,-1.0,3,1,1,2014-03-02 04:53:07,2014-03-03 08:04:38,False,False,False,False,True,True,False
30,25 - 45,High,0,0.0,8,0,0,2013-02-13 04:01:09,2013-02-13 08:39:18,False,True,False,False,False,False,True
26,25 - 45,High,0,-6.0,9,0,0,2013-09-13 01:13:58,2013-09-19 11:14:04,False,False,False,False,False,False,True
21,Less than 25,Medium,1,-1.0,5,0,0,2013-11-11 09:30:11,2013-11-27 05:46:00,False,False,False,False,False,True,True
57,Greater than 45,Low,19,-1.0,3,0,0,2014-03-21 06:27:23,2014-03-22 08:09:32,False,False,False,False,False,True,False
23,Less than 25,High,3,-1.0,9,0,0,2013-01-30 10:05:42,2013-03-05 01:14:58,False,False,False,False,False,True,False
31,25 - 45,Low,1,-14.0,1,0,0,2013-10-22 11:46:11,2013-11-05 11:20:18,False,False,False,False,False,True,False
37,25 - 45,Medium,3,-1.0,7,0,0,2014-01-08 07:01:21,2014-02-05 10:16:46,False,False,False,False,False,False,False
51,Greater than 45,Low,17,0.0,4,0,0,2013-10-23 02:05:52,2013-10-23 07:52:30,False,False,False,False,False,True,True
30,25 - 45,High,4,-1.0,10,0,0,2013-09-26 07:37:18,2013-11-19 09:00:53,False,False,False,False,False,True,True
21,Less than 25,Low,0,-1.0,4,0,0,2013-12-26 06:13:31,2013-12-27 07:35:30,False,False,False,False,False,False,True
21,Less than 25,Medium,0,-3.0,5,0,0,2013-07-12 04:10:13,2013-07-13 01:26:10,False,False,True,False,False,True,False
34,25 - 45,Low,0,-1.0,1,0,0,2013-01-28 01:41:49,2013-05-24 07:34:24,False,True,False,False,False,True,False
36,25 - 45,Low,0,-1.0,1,0,0,2013-11-19 06:28:12,2013-12-14 04:30:00,False,True,False,False,False,True,False
26,25 - 45,Low,0,-1.0,4,0,0,2013-12-20 03:42:01,2013-12-21 01:56:09,False,False,False,False,False,False,False
22,Less than 25,Medium,1,-23.0,6,0,0,2013-06-09 02:13:11,2013-06-11 01:19:51,False,True,False,False,False,False,False
25,25 - 45,Medium,0,0.0,5,0,0,2013-10-28 04:36:41,2013-10-29 02:20:00,False,True,False,False,False,False,False
35,25 - 45,High,22,0.0,10,1,1,2013-01-22 04:07:47,2013-01-24 05:56:12,False,False,False,False,False,True,False
39,25 - 45,Low,0,-1.0,1,0,0,2013-05-23 08:14:20,2013-05-24 11:46:12,False,False,False,False,True,False,False
25,25 - 45,Low,0,0.0,4,0,0,2013-08-11 04:08:29,2013-08-12 02:12:13,False,True,False,False,False,False,True
27,25 - 45,High,11,-1.0,8,0,0,2013-08-25 08:21:11,2013-08-30 04:19:35,False,False,False,False,False,True,False
27,25 - 45,Medium,8,0.0,7,1,1,2013-08-30 12:08:49,2013-08-31 04:11:35,False,False,False,False,False,True,True
34,25 - 45,Medium,4,-1.0,5,0,0,2013-03-31 07:55:05,2013-04-01 03:57:54,False,True,False,False,False,True,False
29,25 - 45,Low,0,-1.0,3,0,0,2013-04-16 11:04:17,2013-06-03 09:05:35,False,False,False,False,True,False,False
57,Greater than 45,Medium,8,-1.0,5,1,1,2013-07-31 05:54:37,2013-11-08 03:35:51,False,False,False,False,False,True,False
42,25 - 45,Medium,0,-1.0,5,0,0,2013-10-18 10:21:40,2013-10-19 08:50:58,False,False,False,False,False,True,False
28,25 - 45,Low,0,-1.0,2,0,0,2013-04-25 09:33:39,2013-04-26 08:16:52,False,True,False,False,False,False,True
38,25 - 45,Low,2,-1.0,1,0,0,2013-08-10 01:32:23,2013-08-11 07:07:19,False,True,False,False,False,True,True
30,25 - 45,Low,4,0.0,2,0,0,2013-03-05 04:44:39,2013-03-05 01:41:22,False,False,False,False,False,True,False
21,Less than 25,Medium,1,-1.0,7,0,0,2014-01-27 07:40:16,2014-01-28 01:36:11,False,False,False,False,False,True,False
24,Less than 25,Low,0,-2.0,4,0,0,2013-09-30 07:53:28,2013-10-01 02:11:36,False,True,False,False,False,False,False
36,25 - 45,Low,0,-1.0,2,0,0,2014-01-10 10:17:29,2014-01-11 01:14:10,False,True,False,False,False,False,True
40,25 - 45,Low,2,-1.0,1,0,0,2013-03-22 11:22:26,2013-03-24 05:59:53,False,True,False,False,False,True,True
21,Less than 25,High,2,0.0,10,1,0,2013-02-16 04:51:02,2013-03-15 07:24:41,False,True,False,False,False,True,True
40,25 - 45,Low,0,-1.0,2,0,0,2013-01-17 05:59:00,2013-01-18 08:48:30,False,False,False,False,False,True,False
21,Less than 25,Low,0,-3.0,4,0,0,2013-07-12 04:13:33,2013-07-13 01:37:10,False,False,False,False,False,True,False
23,Less than 25,High,4,-1.0,10,0,0,2013-08-14 05:29:49,2013-08-16 10:55:19,False,False,False,False,True,True,False
22,Less than 25,Low,0,-1.0,3,0,0,2013-08-20 05:01:29,2013-08-21 07:51:21,False,False,False,False,True,True,False
38,25 - 45,Low,1,-1.0,1,0,0,2013-10-20 09:39:34,2013-10-24 09:18:44,False,False,False,False,False,True,True
23,Less than 25,High,1,-1.0,10,1,1,2013-02-22 03:33:10,2013-02-24 02:27:32,False,False,False,False,False,True,False
35,25 - 45,Low,0,-1.0,2,0,0,2014-01-31 03:23:35,2014-02-01 10:09:54,False,False,True,False,False,True,True
37,25 - 45,Low,6,0.0,3,0,0,2013-03-24 03:36:52,2013-03-25 07:15:05,False,False,False,False,False,True,False
32,25 - 45,High,9,-1.0,8,1,0,2013-07-31 06:29:02,2013-11-20 04:58:00,False,False,False,False,False,True,False
26,25 - 45,Medium,1,-1.0,5,0,0,2013-09-06 07:37:43,2013-09-08 01:45:38,False,False,False,False,False,False,False
21,Less than 25,Low,0,0.0,4,0,0,2014-03-10 04:22:06,2014-03-12 11:18:43,False,False,False,False,False,True,False
25,25 - 45,Medium,7,-1.0,6,0,0,2013-09-25 01:18:58,2013-10-13 04:17:21,False,False,False,False,False,True,False
36,25 - 45,Medium,2,-2.0,5,0,0,2013-10-16 05:52:30,2013-10-17 05:04:11,False,False,False,False,False,False,True
21,Less than 25,High,1,-25.0,8,0,0,2014-02-14 11:46:56,2014-02-15 08:32:02,False,False,True,False,False,True,False
25,25 - 45,Low,1,0.0,3,0,0,2013-08-07 04:39:32,2013-08-07 08:25:38,False,False,False,False,False,True,False
38,25 - 45,High,15,-1.0,9,0,0,2013-02-18 09:26:05,2013-02-20 03:43:56,False,False,False,False,False,True,False
30,25 - 45,Medium,1,-1.0,5,0,0,2013-02-19 11:27:33,2013-03-13 05:49:26,False,False,False,False,False,True,False
32,25 - 45,High,0,-1.0,9,0,0,2013-08-16 11:16:03,2013-08-17 09:02:19,False,False,False,False,False,True,True
56,Greater than 45,Low,0,-2.0,1,0,0,2013-09-01 11:41:31,2013-09-02 08:47:35,False,True,False,False,False,True,False
39,25 - 45,Low,0,-1.0,1,0,0,2014-01-12 07:47:58,2014-01-13 02:23:05,False,True,False,False,False,True,True
33,25 - 45,Low,9,0.0,4,0,0,2013-04-14 01:37:01,2013-04-14 07:07:32,False,True,False,False,False,True,False
32,25 - 45,High,1,-1.0,10,0,0,2013-10-13 09:56:52,2014-02-05 11:25:55,False,False,False,False,False,True,True
64,Greater than 45,Low,0,-1.0,4,0,0,2013-08-16 07:03:11,2013-08-20 07:40:15,False,False,False,False,False,True,False
54,Greater than 45,Low,2,-29.0,4,1,1,2013-01-07 01:25:56,2013-02-05 11:05:26,False,True,False,False,False,True,False
38,25 - 45,Medium,1,0.0,6,0,0,2013-01-04 12:48:45,2013-01-19 09:25:50,False,True,False,False,False,True,True
27,25 - 45,Medium,5,-1.0,5,0,0,2013-02-11 11:48:35,2013-02-12 08:12:58,False,False,False,False,False,True,True
28,25 - 45,High,6,0.0,10,1,1,2013-05-25 04:58:09,2013-08-14 04:16:37,False,False,False,False,False,True,False
31,25 - 45,Low,3,-1.0,2,1,1,2014-05-15 08:47:49,2014-05-17 03:47:54,False,True,False,False,False,True,True
27,25 - 45,Low,0,0.0,1,0,0,2013-09-27 01:08:40,2013-09-28 01:42:06,False,False,False,False,False,True,True
40,25 - 45,Low,0,-1.0,1,0,0,2013-12-14 05:59:05,2013-12-15 09:12:57,False,False,False,False,True,False,False
45,Greater than 45,Low,7,-1.0,1,0,0,2014-01-28 06:11:38,2014-01-29 08:29:49,False,False,False,False,False,True,False
44,25 - 45,Low,5,0.0,2,0,0,2014-03-03 10:15:24,2014-03-10 10:03:52,False,True,False,False,False,True,False
25,25 - 45,High,3,-1.0,8,1,1,2013-08-14 07:48:42,2013-08-15 07:42:50,False,False,False,False,False,True,False
30,25 - 45,High,1,-1.0,8,0,0,2013-01-11 02:26:13,2013-01-12 04:40:26,False,True,False,False,False,True,False
22,Less than 25,Medium,0,0.0,6,0,0,2013-03-13 01:52:20,2013-03-13 02:19:25,False,False,False,False,False,True,True
48,Greater than 45,Low,1,-21.0,1,0,0,2013-08-21 04:29:00,2013-09-11 11:37:03,False,False,False,False,True,True,False
49,Greater than 45,Low,8,-24.0,2,0,0,2013-03-19 06:42:18,2013-04-12 07:58:01,False,True,False,False,False,True,False
43,25 - 45,Low,8,-1.0,2,0,0,2014-03-05 03:32:15,2014-03-06 08:44:10,False,False,False,False,False,True,True
36,25 - 45,Medium,4,-1.0,5,0,0,2013-09-24 01:15:18,2013-09-26 04:16:06,False,False,False,False,False,True,True
53,Greater than 45,Low,0,-1.0,1,0,0,2013-04-14 09:55:04,2013-04-15 07:44:31,False,True,False,False,False,True,True
39,25 - 45,Low,0,-1.0,1,1,1,2013-09-04 11:36:38,2013-09-06 04:07:01,False,True,False,False,False,False,False
33,25 - 45,Low,2,-5.0,3,0,0,2013-05-16 02:28:47,2013-05-20 12:42:46,False,False,True,False,False,True,True
48,Greater than 45,Low,0,0.0,1,0,0,2013-08-06 03:46:18,2013-08-06 07:43:53,False,True,False,False,False,True,True
22,Less than 25,Low,0,-1.0,3,0,0,2013-01-09 08:21:48,2013-01-10 01:28:55,False,False,False,False,False,True,False
32,25 - 45,Low,0,-7.0,1,0,0,2013-04-09 03:37:17,2013-04-10 02:15:00,False,True,False,False,False,True,False
63,Greater than 45,High,3,-1.0,9,0,0,2013-03-11 01:34:23,2013-10-17 05:14:49,False,False,False,False,False,True,True
44,25 - 45,Low,4,0.0,4,0,0,2013-01-06 04:51:37,2013-01-07 10:41:46,False,True,False,False,False,True,True
37,25 - 45,Low,11,-1.0,4,0,0,2014-01-21 07:19:02,2014-01-23 04:03:56,False,False,False,False,False,True,False
27,25 - 45,Low,0,-1.0,3,0,0,2013-01-09 04:23:59,2013-01-14 03:21:25,False,True,False,False,False,True,False
31,25 - 45,High,9,0.0,8,1,1,2013-01-13 03:26:50,2013-05-10 01:28:33,False,True,False,False,False,True,False
34,25 - 45,Low,1,0.0,1,0,0,2013-10-07 05:48:19,2013-10-30 09:57:10,False,False,False,False,False,True,False
36,25 - 45,Low,1,-1.0,2,0,0,2013-12-14 05:59:59,2013-12-15 09:13:09,False,False,False,False,False,False,False
55,Greater than 45,Low,0,-1.0,1,0,0,2013-03-10 12:30:14,2013-03-11 02:00:14,False,True,False,False,False,True,True
41,25 - 45,Low,8,-1.0,4,0,0,2013-03-08 11:20:25,2013-03-10 01:38:59,False,False,False,False,False,True,False
41,25 - 45,Medium,0,-1.0,7,0,0,2014-01-17 10:36:32,2014-01-18 01:22:01,False,False,False,False,False,True,False
47,Greater than 45,Low,0,-1.0,1,0,0,2014-03-30 07:29:05,2014-03-31 08:24:40,False,False,True,False,False,True,True
25,25 - 45,Medium,1,-1.0,5,0,0,2014-03-04 08:15:39,2014-03-05 08:39:30,False,True,False,False,False,True,False
22,Less than 25,High,0,-1.0,9,0,0,2013-02-05 04:14:37,2013-02-21 05:24:06,False,False,False,False,True,True,False
28,25 - 45,High,5,-1.0,10,0,0,2013-01-05 09:01:27,2013-05-22 06:02:36,False,False,False,False,False,True,False
22,Less than 25,High,1,-1.0,9,0,0,2013-07-31 02:58:40,2013-08-01 09:55:06,False,True,False,False,False,True,False
60,Greater than 45,Low,4,-1.0,1,0,0,2013-11-25 05:03:19,2013-11-26 08:38:12,False,False,False,False,True,True,False
39,25 - 45,Low,0,0.0,1,0,0,2013-04-07 02:47:23,2013-04-07 06:33:09,False,False,True,False,False,True,False
27,25 - 45,Low,1,0.0,2,1,0,2013-02-27 12:25:38,2013-02-27 02:41:09,False,False,False,False,False,True,False
34,25 - 45,Low,5,-1.0,4,0,0,2014-01-19 03:20:12,2014-01-20 07:58:57,False,True,False,False,False,True,True
27,25 - 45,Low,0,-1.0,2,0,0,2013-12-12 02:19:40,2013-12-13 02:51:00,False,False,False,False,False,True,False
34,25 - 45,Low,11,-1.0,4,0,0,2014-01-23 01:51:15,2014-01-24 11:07:09,False,True,False,False,False,True,False
34,25 - 45,Low,5,0.0,2,1,0,2013-02-02 03:10:41,2013-02-03 07:07:09,False,True,False,False,False,True,False
47,Greater than 45,Medium,1,-1.0,5,0,0,2013-11-12 11:13:35,2013-11-13 01:03:30,False,True,False,False,False,True,True
52,Greater than 45,Low,2,-5.0,1,0,0,2013-06-26 02:12:03,2013-06-29 04:23:12,False,False,False,False,False,True,False
22,Less than 25,Low,0,-1.0,4,1,1,2013-04-19 11:29:08,2013-04-20 01:45:16,False,False,False,False,False,True,False
28,25 - 45,Low,0,-1.0,3,0,0,2013-04-24 06:15:34,2013-04-26 04:51:42,False,True,False,False,False,True,False
68,Greater than 45,Low,5,-4.0,2,0,0,2013-10-17 11:55:00,2013-10-18 07:57:32,False,False,False,False,False,False,False
40,25 - 45,Low,3,-1.0,2,0,0,2013-10-22 09:03:15,2013-10-23 09:05:27,False,False,False,False,True,False,False
21,Less than 25,Medium,2,-12.0,6,1,0,2013-04-12 02:01:58,2013-04-24 10:40:53,False,False,False,False,False,False,False
55,Greater than 45,Medium,11,-1.0,7,0,0,2013-05-02 03:15:21,2013-06-28 09:30:37,False,True,False,False,False,True,True
24,Less than 25,High,14,-1.0,10,1,1,2013-05-17 05:23:41,2013-11-13 05:58:39,False,False,False,False,False,True,False
21,Less than 25,Low,0,-2.0,4,0,0,2013-11-20 04:12:09,2013-11-21 07:53:21,False,True,False,False,False,False,False
26,25 - 45,Low,2,-1.0,2,0,0,2014-01-17 04:03:50,2014-01-20 08:01:13,False,True,False,False,False,True,False
75,Greater than 45,Low,5,-1.0,1,0,0,2013-07-31 04:54:07,2013-08-01 07:43:39,False,False,False,False,False,False,False
29,25 - 45,Low,0,-1.0,3,0,0,2013-02-24 05:30:21,2013-02-25 02:06:05,False,True,False,False,False,True,False
28,25 - 45,Low,1,-3.0,1,0,0,2013-05-14 04:20:05,2013-05-17 10:53:34,False,True,False,False,False,True,False
28,25 - 45,High,9,-1.0,8,1,0,2013-01-02 02:13:50,2013-02-08 01:06:38,True,False,False,False,False,True,False
36,25 - 45,Low,0,-1.0,1,0,0,2013-11-12 03:12:05,2013-11-19 05:29:28,False,False,False,False,True,True,False
28,25 - 45,Medium,4,0.0,5,0,0,2013-04-05 01:20:12,2013-04-05 01:32:17,False,False,False,False,False,True,False
36,25 - 45,Low,1,0.0,3,0,0,2014-01-01 03:20:24,2014-01-02 12:43:01,False,False,True,False,False,False,True
37,25 - 45,Low,1,-1.0,1,0,0,2014-03-17 06:38:54,2014-03-19 10:23:01,False,False,True,False,False,True,False
55,Greater than 45,Low,0,-1.0,1,0,0,2013-12-01 08:17:45,2013-12-02 01:55:29,False,True,False,False,False,True,True
26,25 - 45,Medium,1,-24.0,6,0,0,2013-06-01 05:12:35,2013-06-02 01:56:35,False,False,False,False,True,False,True
44,25 - 45,Low,0,-1.0,1,1,1,2014-01-24 05:19:29,2014-01-26 09:50:54,False,True,False,False,False,True,True
22,Less than 25,Low,0,0.0,4,0,0,2013-10-30 02:46:16,2013-10-30 09:15:53,False,False,False,False,False,True,False
33,25 - 45,Low,0,-1.0,1,0,0,2014-02-16 11:09:24,2014-02-17 01:44:55,False,True,False,False,False,False,True
40,25 - 45,High,15,-1.0,8,0,0,2013-04-10 11:19:32,2013-06-04 05:08:34,False,False,False,False,False,True,False
31,25 - 45,Low,0,0.0,2,0,0,2013-09-11 02:25:29,2013-09-12 05:28:48,False,False,False,False,False,False,False
46,Greater than 45,Low,0,0.0,1,0,0,2013-09-07 12:48:05,2013-09-07 09:24:33,False,True,False,False,False,False,True
21,Less than 25,High,2,-3.0,9,1,1,2013-10-18 01:25:21,2013-10-18 08:21:29,False,True,False,False,False,True,False
43,25 - 45,Low,1,-1.0,1,0,0,2013-01-24 06:36:58,2013-01-25 07:32:50,False,True,False,False,False,True,False
29,25 - 45,Medium,2,-1.0,6,0,0,2013-01-06 10:04:53,2013-01-07 09:20:44,False,False,False,False,False,True,False
37,25 - 45,Low,0,-1.0,3,0,0,2013-09-22 07:58:55,2013-09-25 02:31:32,False,False,False,False,False,True,True
30,25 - 45,Low,1,-27.0,3,0,0,2013-08-14 03:54:15,2013-08-14 08:26:49,False,True,False,False,False,False,True
39,25 - 45,Low,1,-1.0,1,0,0,2013-09-29 04:31:28,2013-09-30 08:43:42,False,True,False,False,False,True,False
24,Less than 25,Medium,2,-1.0,7,1,1,2013-01-14 11:05:52,2013-01-26 12:04:24,False,False,False,False,False,True,True
25,25 - 45,High,9,-1.0,10,1,1,2014-03-27 10:17:55,2014-04-03 09:27:42,False,True,False,False,False,True,True
47,Greater than 45,Low,0,-1.0,1,0,0,2013-04-29 09:40:41,2013-04-30 01:06:20,False,True,False,False,False,True,True
46,Greater than 45,Low,9,-1.0,4,0,0,2013-10-23 11:12:17,2013-10-28 12:40:39,False,False,False,False,False,True,False
67,Greater than 45,Low,0,0.0,1,0,0,2013-04-27 03:49:46,2013-06-08 05:44:21,False,True,False,False,False,True,True
30,25 - 45,Low,0,0.0,4,0,0,2013-01-19 02:18:46,2013-03-16 11:21:32,False,True,False,False,False,True,True
22,Less than 25,Medium,2,0.0,7,1,0,2013-09-24 12:16:02,2013-10-08 05:22:15,False,False,False,False,False,True,False
31,25 - 45,Medium,3,-1.0,5,0,0,2013-12-01 08:31:46,2014-02-01 04:56:59,False,False,False,False,False,False,False
42,25 - 45,Low,3,-1.0,1,0,0,2013-01-02 09:17:36,2013-01-03 11:24:54,False,False,False,False,False,True,False
26,25 - 45,Low,4,0.0,4,1,1,2013-09-23 12:36:24,2013-09-26 08:28:31,False,True,False,False,False,True,False
27,25 - 45,Low,0,-1.0,2,0,0,2013-01-12 04:24:36,2013-01-13 12:41:13,False,False,False,False,False,True,True
55,Greater than 45,Low,0,-1.0,1,1,1,2013-10-09 05:20:59,2013-11-08 10:11:50,False,True,False,False,False,True,True
30,25 - 45,Low,7,-1.0,3,0,0,2013-10-09 06:16:32,2013-10-10 05:30:06,False,False,False,False,False,True,False
38,25 - 45,Medium,11,-1.0,6,0,0,2013-08-02 09:45:18,2013-08-20 10:59:27,False,False,False,False,False,True,False
43,25 - 45,Medium,2,0.0,7,0,0,2013-01-12 12:58:49,2013-01-12 07:44:29,False,False,False,False,False,True,False
52,Greater than 45,Low,1,-28.0,1,0,0,2013-01-23 11:28:00,2013-01-24 05:00:54,False,False,False,False,False,False,False
24,Less than 25,High,0,-1.0,10,0,0,2013-03-30 10:27:46,2013-04-15 09:08:38,False,True,False,False,False,True,False
39,25 - 45,Low,0,-1.0,2,0,0,2013-11-07 02:45:39,2013-11-07 09:01:07,False,True,False,False,False,False,True
54,Greater than 45,Low,1,-1.0,1,0,0,2013-02-15 11:29:24,2013-02-16 01:02:04,False,True,False,False,False,True,False
62,Greater than 45,Low,0,-1.0,1,0,0,2013-03-29 11:06:18,2013-03-30 08:00:38,False,True,False,False,False,True,False
29,25 - 45,Low,2,-26.0,4,0,0,2013-01-11 06:07:32,2013-01-12 04:14:13,False,False,True,False,False,True,True
28,25 - 45,Medium,5,-1.0,6,0,0,2013-03-16 04:56:02,2013-03-17 08:00:45,False,False,False,False,False,True,True
38,25 - 45,Low,1,-23.0,1,0,0,2013-12-18 11:16:17,2013-12-20 06:03:00,False,True,False,False,False,False,True
41,25 - 45,Low,5,-1.0,1,0,0,2013-11-25 07:40:00,2013-11-26 10:02:41,False,True,False,False,False,True,False
44,25 - 45,Medium,16,-1.0,7,0,0,2013-01-25 06:55:19,2013-04-17 04:51:55,False,True,False,False,False,True,True
27,25 - 45,Low,0,0.0,2,0,0,2013-03-23 07:09:29,2013-03-24 07:23:23,False,True,False,False,False,True,True
38,25 - 45,Low,2,0.0,2,0,0,2013-01-22 02:44:16,2013-02-19 08:46:07,False,True,False,False,False,True,True
24,Less than 25,Medium,2,-1.0,6,0,0,2013-05-03 04:07:08,2013-06-05 01:25:37,False,True,False,False,False,True,False
33,25 - 45,Low,4,-1.0,3,0,0,2014-03-22 02:06:49,2014-03-23 09:32:47,False,False,False,False,False,True,True
25,25 - 45,Low,0,-1.0,2,1,1,2013-03-20 03:26:30,2013-04-09 08:53:54,False,False,False,False,True,True,False
38,25 - 45,Low,1,-1.0,3,0,0,2013-05-21 04:55:10,2013-05-22 03:30:14,False,False,False,False,True,True,False
24,Less than 25,High,6,-1.0,9,0,0,2013-11-22 08:34:45,2013-11-23 10:16:31,False,True,False,False,False,True,False
49,Greater than 45,Low,1,-1.0,1,0,0,2013-03-22 10:06:06,2013-03-24 09:17:51,False,False,False,False,False,True,True
29,25 - 45,Low,0,0.0,2,0,0,2013-02-16 04:44:47,2013-02-17 01:53:27,False,True,False,False,False,True,True
33,25 - 45,Low,2,-29.0,2,0,0,2013-03-17 11:15:34,2013-03-18 01:35:54,False,True,False,False,False,False,False
23,Less than 25,High,5,-1.0,9,1,1,2013-03-06 05:57:50,2013-03-11 05:35:56,False,False,False,False,False,True,False
45,Greater than 45,Low,1,-1.0,4,0,0,2013-09-29 01:24:57,2013-10-05 09:22:55,False,False,False,False,False,False,False
28,25 - 45,Low,0,0.0,2,1,1,2013-01-24 12:35:09,2013-01-27 08:05:49,False,True,False,False,False,True,True
32,25 - 45,Low,1,-15.0,1,0,0,2013-10-03 04:03:00,2013-10-06 02:04:04,False,False,True,False,False,True,False
25,25 - 45,Medium,0,-1.0,6,0,0,2013-04-08 11:29:18,2013-04-09 08:33:10,False,True,False,False,False,False,False
21,Less than 25,Medium,1,-1.0,5,0,0,2014-03-02 01:50:25,2014-03-03 08:36:38,False,False,False,False,False,True,True
27,25 - 45,Low,0,-1.0,2,0,0,2013-05-07 11:30:29,2013-05-09 04:30:45,False,True,False,False,False,True,True
43,25 - 45,Low,0,-1.0,1,0,0,2013-04-04 07:55:57,2013-05-15 08:09:02,False,False,False,False,False,True,False
24,Less than 25,High,0,0.0,8,0,0,2013-04-07 02:55:12,2013-04-08 10:05:58,False,False,False,False,False,True,False
50,Greater than 45,Low,0,-1.0,1,0,0,2014-02-24 09:23:08,2014-02-25 09:04:38,False,True,False,False,False,True,False
27,25 - 45,Medium,8,-1.0,5,0,0,2013-02-21 07:20:51,2013-04-30 10:43:29,False,True,False,False,False,True,False
37,25 - 45,Low,0,0.0,1,0,0,2014-03-24 03:20:57,2014-03-24 09:09:10,False,False,True,False,False,True,True
40,25 - 45,Low,0,-1.0,1,0,0,2013-01-05 08:58:58,2013-01-06 01:15:19,False,False,False,False,True,True,True
44,25 - 45,Low,1,-3.0,1,0,0,2013-08-16 09:32:39,2013-08-17 06:40:59,False,True,False,False,False,False,False
25,25 - 45,Low,1,-1.0,3,0,0,2013-08-02 02:03:01,2013-08-06 05:30:27,False,False,False,False,False,False,False
39,25 - 45,High,7,0.0,8,1,1,2013-03-31 02:37:57,2013-03-31 06:29:12,False,False,False,False,False,True,False
39,25 - 45,Low,1,-4.0,1,0,0,2014-01-24 01:00:03,2014-01-25 02:10:46,False,True,False,False,False,True,False
31,25 - 45,Medium,9,-1.0,7,0,0,2013-02-28 10:35:31,2013-03-01 08:06:02,False,False,False,False,False,True,False
28,25 - 45,Low,2,-1.0,4,0,0,2013-12-16 10:24:07,2013-12-17 01:08:11,False,False,False,False,False,True,False
32,25 - 45,Low,0,0.0,1,1,1,2014-12-17 01:46:31,2014-12-17 08:04:44,False,False,False,False,False,False,True
42,25 - 45,Low,1,-2.0,2,0,0,2013-02-20 01:05:27,2013-02-21 07:53:53,False,False,False,False,True,True,False
33,25 - 45,Low,0,0.0,3,0,0,2013-03-24 07:30:48,2013-05-03 09:30:14,False,False,False,False,False,True,False
55,Greater than 45,Medium,0,-1.0,5,0,0,2013-02-04 07:14:30,2013-02-05 07:13:24,False,True,False,False,False,True,False
49,Greater than 45,Low,4,-11.0,1,0,0,2013-09-23 10:48:21,2013-09-29 02:37:04,False,True,False,False,False,True,False
59,Greater than 45,Low,0,-1.0,1,0,0,2013-08-21 04:14:52,2013-08-22 08:38:16,False,True,False,False,False,True,False
52,Greater than 45,Low,0,0.0,1,0,0,2013-12-30 05:17:53,2013-12-31 07:54:52,False,False,False,False,False,True,False
56,Greater than 45,Low,1,0.0,1,0,0,2013-01-03 01:16:58,2013-01-03 01:37:26,False,False,False,False,False,True,True
40,25 - 45,Low,5,-1.0,3,0,0,2013-03-11 11:28:31,2013-03-12 01:07:39,False,True,False,False,False,True,False
21,Less than 25,High,0,-1.0,8,0,0,2013-03-19 06:14:41,2013-03-20 08:19:04,False,False,False,False,False,True,False
59,Greater than 45,Low,1,-1.0,1,0,0,2013-01-08 07:37:28,2013-01-09 12:43:37,False,False,False,False,False,True,False
53,Greater than 45,Medium,0,-1.0,5,0,0,2013-12-24 02:24:05,2013-12-25 12:32:56,False,False,False,False,False,False,False
25,25 - 45,High,3,-1.0,10,0,0,2013-12-21 05:42:02,2013-12-22 09:11:18,False,False,False,False,False,True,False
46,Greater than 45,Low,0,0.0,2,0,0,2013-01-26 07:30:18,2013-01-27 08:32:51,False,False,False,False,False,True,True
52,Greater than 45,Low,0,-1.0,1,0,0,2013-03-11 12:45:52,2013-03-12 03:29:13,False,False,False,False,True,True,False
41,25 - 45,Low,5,-1.0,1,0,0,2013-09-11 06:57:23,2013-09-12 08:29:30,False,True,False,False,False,True,False
23,Less than 25,Medium,1,-1.0,7,0,0,2013-11-12 01:26:14,2013-11-13 01:00:19,False,False,False,False,False,True,True
45,Greater than 45,Low,1,0.0,2,0,0,2013-03-11 12:31:05,2013-03-11 01:32:29,False,True,False,False,False,True,False
26,25 - 45,Low,2,-1.0,2,0,0,2013-04-15 06:36:52,2013-04-16 01:55:52,False,False,False,False,False,True,True
37,25 - 45,Low,3,-1.0,2,0,0,2013-05-17 05:42:47,2013-05-18 07:44:03,False,False,False,False,False,True,True
39,25 - 45,Low,3,0.0,2,0,0,2013-03-24 02:38:00,2013-03-24 08:58:43,False,True,False,False,False,True,False
30,25 - 45,Low,0,-1.0,1,0,0,2013-01-18 08:26:44,2013-01-19 01:18:54,False,True,False,False,False,True,False
25,25 - 45,Medium,3,-1.0,7,0,0,2013-04-07 05:01:37,2013-04-15 02:07:02,False,True,False,False,False,True,False
30,25 - 45,Medium,8,-1.0,6,1,0,2013-03-26 11:22:35,2013-03-27 07:44:38,False,False,False,False,False,True,False
40,25 - 45,Low,0,0.0,1,0,0,2013-10-28 01:12:00,2013-10-28 07:15:34,False,False,True,False,False,True,False
32,25 - 45,Medium,24,-1.0,7,1,1,2014-11-14 10:48:40,2014-11-17 08:11:13,False,False,False,False,False,True,False
41,25 - 45,Low,0,-1.0,1,0,0,2013-04-21 11:38:31,2013-04-22 07:28:57,False,False,False,False,False,True,False
45,Greater than 45,Low,0,0.0,1,0,0,2014-02-03 03:10:19,2014-02-03 01:15:51,False,False,False,False,True,True,True
33,25 - 45,Low,1,-4.0,4,0,0,2013-03-03 01:55:16,2013-03-06 07:18:53,False,True,False,False,False,True,False
21,Less than 25,High,0,0.0,10,0,0,2013-04-24 03:00:42,2013-05-01 04:39:21,False,False,True,False,False,True,False
28,25 - 45,Medium,1,-2.0,5,0,0,2013-08-05 10:26:37,2013-08-06 01:36:07,False,True,False,False,False,False,True
37,25 - 45,High,24,-1.0,8,0,0,2013-01-20 03:28:03,2013-02-09 02:24:01,False,False,False,False,False,True,False
21,Less than 25,Medium,3,-8.0,7,0,0,2013-08-04 03:23:17,2013-08-10 01:02:53,False,True,False,False,False,True,True
56,Greater than 45,Low,3,-1.0,2,0,0,2013-03-09 06:43:22,2013-09-16 12:03:42,False,True,False,False,False,True,False
50,Greater than 45,Low,0,0.0,1,0,0,2013-05-11 03:05:18,2013-05-13 07:50:55,False,True,False,False,False,True,False
29,25 - 45,Low,0,-1.0,2,0,0,2013-04-24 05:48:18,2013-04-25 11:01:14,False,False,False,False,False,True,False
20,Less than 25,High,1,-1.0,8,1,1,2013-11-17 04:24:59,2013-11-18 07:25:07,False,False,False,False,False,True,False
27,25 - 45,Medium,13,-1.0,7,1,1,2013-09-04 07:58:16,2013-09-06 09:43:19,False,False,False,False,False,True,False
23,Less than 25,High,0,0.0,9,1,1,2013-01-03 12:02:47,2013-01-22 08:41:13,False,True,False,False,False,True,False
51,Greater than 45,Low,3,0.0,1,0,0,2013-10-10 01:07:03,2013-10-10 08:58:56,False,False,False,False,False,True,False
23,Less than 25,Medium,1,-1.0,5,0,0,2013-03-05 08:58:59,2013-03-06 07:35:04,False,False,False,False,False,True,False
46,Greater than 45,Low,2,-1.0,3,0,0,2013-02-04 07:51:30,2013-02-05 01:17:07,False,True,False,False,False,True,False
35,25 - 45,Low,4,-1.0,4,0,0,2013-09-04 01:52:20,2013-09-15 02:36:41,False,False,False,False,False,True,False
28,25 - 45,Medium,0,-2.0,6,0,0,2013-01-26 04:03:40,2013-01-27 02:03:52,False,True,False,False,False,False,True
21,Less than 25,Low,0,-1.0,4,0,0,2013-01-03 08:19:16,2013-01-07 09:42:38,False,False,False,False,True,True,True
32,25 - 45,High,7,-1.0,8,1,1,2014-03-03 10:36:05,2014-03-04 09:24:02,False,False,False,False,False,True,False
24,Less than 25,Low,1,-1.0,3,0,0,2013-04-03 11:02:12,2013-04-04 01:29:44,False,True,False,False,False,True,False
23,Less than 25,Low,1,-5.0,3,0,0,2013-04-24 07:55:53,2013-04-29 12:20:11,False,False,True,False,False,True,True
57,Greater than 45,Low,0,0.0,2,0,0,2013-10-05 03:02:31,2013-10-06 08:39:57,False,True,False,False,False,True,True
22,Less than 25,High,0,-1.0,8,0,0,2013-02-16 11:06:26,2013-04-11 08:20:14,False,False,False,False,False,True,True
48,Greater than 45,Low,10,0.0,4,0,0,2013-10-01 05:10:48,2014-03-25 08:17:12,False,False,False,False,False,True,False
22,Less than 25,High,3,0.0,10,1,1,2013-01-20 03:49:43,2013-12-05 06:38:32,False,False,False,False,False,True,False
26,25 - 45,Low,0,0.0,2,0,0,2013-11-16 04:21:20,2013-11-19 03:33:50,False,False,False,False,False,True,False
51,Greater than 45,Low,1,-17.0,1,0,0,2013-08-19 01:28:26,2013-08-26 07:15:46,False,False,False,False,False,True,False
49,Greater than 45,Low,13,-1.0,3,0,0,2013-01-31 08:34:57,2013-02-01 01:50:18,False,False,False,False,False,True,False
22,Less than 25,Medium,0,-1.0,6,0,0,2013-10-07 03:03:48,2013-10-08 08:59:33,False,False,False,False,False,False,True
28,25 - 45,Low,3,-1.0,4,0,0,2014-01-29 03:14:43,2014-03-15 05:32:38,False,True,False,False,False,False,True
24,Less than 25,Low,0,0.0,4,0,0,2013-10-17 02:19:04,2013-10-17 07:42:29,False,True,False,False,False,True,False
32,25 - 45,High,14,-1.0,9,0,0,2013-12-16 05:05:35,2013-12-17 08:47:25,False,False,False,False,False,True,False
22,Less than 25,Low,0,-1.0,3,0,0,2013-08-21 06:04:09,2013-08-22 04:45:08,False,False,False,False,False,True,False
32,25 - 45,Medium,7,-1.0,7,0,0,2013-04-05 06:42:10,2013-04-06 10:10:09,False,False,True,False,False,True,False
25,25 - 45,Medium,2,0.0,5,0,0,2013-01-04 12:58:41,2013-01-05 06:15:10,False,True,False,False,False,True,False
21,Less than 25,Medium,1,-1.0,6,0,0,2013-03-18 06:47:56,2013-04-17 05:52:36,False,False,False,False,False,True,False
35,25 - 45,Low,0,-7.0,3,0,0,2013-08-16 04:54:32,2013-08-17 07:16:37,False,False,True,False,False,True,True
32,25 - 45,High,20,0.0,10,0,0,2013-01-01 05:08:53,2013-01-02 03:08:56,False,False,True,False,False,True,False
36,25 - 45,Low,1,-1.0,2,0,0,2014-01-04 09:29:21,2014-01-05 02:30:46,False,True,False,False,False,True,True
29,25 - 45,Low,1,-1.0,4,1,1,2013-05-24 04:41:00,2013-05-25 07:37:19,False,False,False,False,False,True,False
32,25 - 45,Low,2,-27.0,4,1,1,2014-06-05 11:53:48,2014-06-06 02:23:00,False,True,False,False,False,True,False
19,Less than 25,Low,0,-1.0,4,1,1,2014-11-18 01:22:13,2014-11-19 10:10:03,False,False,False,False,False,False,True
34,25 - 45,Low,3,-6.0,2,0,0,2013-07-17 03:59:03,2013-07-22 09:39:53,False,False,True,False,False,True,True
36,25 - 45,Low,6,-1.0,4,0,0,2014-03-22 09:43:58,2014-03-23 08:40:01,False,False,False,False,False,True,True
38,25 - 45,Low,0,0.0,2,0,0,2013-03-28 01:18:25,2013-03-29 03:48:52,False,False,False,False,False,True,True
33,25 - 45,Low,0,-1.0,2,0,0,2013-03-10 04:24:37,2013-03-11 01:32:37,False,False,False,False,True,True,True
51,Greater than 45,Low,4,-28.0,1,0,0,2013-01-16 08:10:42,2013-01-18 04:32:26,False,False,False,False,False,True,False
20,Less than 25,High,4,-1.0,10,0,0,2013-08-06 10:51:36,2013-08-07 08:37:58,False,True,False,False,False,True,False
49,Greater than 45,Low,0,0.0,1,0,0,2013-01-06 03:17:29,2013-01-07 08:39:20,False,False,False,False,False,False,False
27,25 - 45,Medium,9,-1.0,7,1,1,2014-09-18 08:58:45,2014-09-19 01:56:48,False,False,False,False,False,True,False
27,25 - 45,Low,3,-22.0,1,0,0,2013-07-28 02:14:16,2013-07-28 02:01:46,False,True,False,False,False,True,True
25,25 - 45,Low,1,-1.0,3,0,0,2013-10-15 04:42:54,2013-10-16 11:36:39,False,True,False,False,False,True,False
53,Greater than 45,Low,2,-1.0,4,0,0,2013-04-11 11:19:05,2013-05-22 02:10:17,False,True,False,False,False,True,False
21,Less than 25,Medium,0,-2.0,5,0,0,2013-04-23 09:24:55,2013-04-24 01:57:08,False,False,False,False,False,False,False
27,25 - 45,Low,1,-1.0,3,0,0,2013-12-31 09:37:13,2014-01-01 08:36:34,False,True,False,False,False,True,False
22,Less than 25,Low,1,-1.0,4,0,0,2013-05-24 06:06:17,2013-05-25 07:28:17,False,False,True,False,False,True,False
26,25 - 45,High,15,-1.0,9,0,0,2014-01-21 04:59:27,2014-03-05 04:11:04,False,False,False,False,False,True,False
45,Greater than 45,Low,2,0.0,1,0,0,2013-12-10 01:55:28,2013-12-10 07:43:53,False,True,False,False,False,True,True
47,Greater than 45,Low,0,-4.0,4,0,0,2013-10-03 01:34:28,2013-10-04 09:18:53,False,False,True,False,False,True,True
32,25 - 45,Low,1,-1.0,2,0,0,2013-10-31 10:30:22,2014-02-07 04:46:55,False,False,False,False,False,True,False
37,25 - 45,Medium,5,-29.0,6,0,0,2013-01-22 04:11:17,2013-01-22 05:54:26,False,False,False,False,False,True,False
24,Less than 25,Low,0,-1.0,4,0,0,2013-04-19 06:59:47,2013-04-20 01:45:28,False,False,False,False,False,True,True
27,25 - 45,Low,2,-10.0,3,0,0,2013-08-03 10:33:08,2013-08-13 10:45:31,False,False,True,False,False,True,False
63,Greater than 45,Low,1,-9.0,1,0,0,2014-01-22 10:01:17,2014-01-28 03:54:00,False,True,False,False,False,True,True
61,Greater than 45,Low,1,-1.0,1,0,0,2013-01-12 04:10:37,2013-01-13 01:00:33,False,True,False,False,False,True,True
34,25 - 45,Medium,8,-1.0,7,1,0,2013-12-22 05:47:01,2013-12-23 08:30:29,False,False,False,False,False,True,True
48,Greater than 45,Low,1,-1.0,1,0,0,2013-03-28 08:32:43,2013-03-30 09:14:35,False,False,False,False,True,True,False
39,25 - 45,Low,3,-21.0,4,0,0,2013-05-08 10:08:57,2013-05-22 07:51:07,False,False,True,False,False,True,False
35,25 - 45,Medium,1,-30.0,5,0,0,2013-09-09 12:52:13,2013-10-08 08:55:56,False,True,False,False,False,False,True
48,Greater than 45,Medium,0,-1.0,6,1,1,2014-06-22 10:10:01,2014-07-02 03:07:22,False,False,False,False,False,False,False
28,25 - 45,Low,1,-1.0,2,0,0,2013-02-20 07:08:26,2013-02-21 02:17:32,False,False,False,False,False,False,False
30,25 - 45,Low,0,-1.0,4,0,0,2013-08-28 11:22:24,2013-09-03 10:40:45,False,True,False,False,False,True,False
25,25 - 45,Medium,3,-1.0,6,1,1,2013-02-09 11:26:36,2013-02-10 07:48:25,False,False,True,False,False,True,False
30,25 - 45,Low,1,0.0,2,0,0,2013-09-08 06:44:39,2013-09-10 03:35:08,False,False,False,False,False,True,True
38,25 - 45,Medium,9,-5.0,6,0,0,2013-08-29 04:44:36,2013-09-01 02:25:46,False,False,False,False,False,True,False
33,25 - 45,Medium,8,-1.0,5,1,1,2013-12-25 07:37:38,2013-12-26 01:30:44,False,False,False,False,False,True,True
45,Greater than 45,Low,0,-1.0,2,0,0,2013-09-07 09:24:01,2013-09-10 08:25:31,False,True,False,False,False,True,True
29,25 - 45,Low,1,-1.0,1,0,0,2013-05-27 09:11:34,2013-05-28 01:48:44,False,True,False,False,False,True,False
27,25 - 45,Medium,2,0.0,5,1,1,2013-05-24 04:38:03,2013-05-31 10:05:39,False,False,False,False,False,True,True
39,25 - 45,Medium,3,-1.0,6,0,0,2013-01-26 05:18:10,2013-01-28 06:53:55,False,False,False,False,False,False,True
30,25 - 45,Low,2,-1.0,2,0,0,2013-09-05 07:52:06,2013-09-11 08:03:44,False,False,True,False,False,True,False
30,25 - 45,Low,0,-1.0,1,0,0,2013-02-19 07:44:17,2013-02-20 06:33:35,False,False,False,False,True,True,False
37,25 - 45,Medium,4,-18.0,5,1,1,2014-06-20 08:59:53,2014-06-21 07:10:18,False,True,False,False,False,True,True
29,25 - 45,Low,1,-1.0,4,0,0,2013-05-19 04:24:50,2013-05-22 12:18:30,False,False,False,False,False,True,True
38,25 - 45,High,20,-1.0,9,1,1,2013-04-07 07:10:02,2013-04-09 05:16:12,False,False,True,False,False,False,False
35,25 - 45,Low,6,-1.0,2,1,1,2013-10-29 02:27:04,2013-10-30 08:32:44,False,False,False,False,False,False,False
36,25 - 45,Low,1,-1.0,2,1,0,2013-02-07 05:59:46,2013-02-08 02:14:56,False,True,False,False,False,True,False
24,Less than 25,Medium,2,-1.0,7,0,0,2013-05-20 04:06:09,2013-05-21 07:18:03,False,False,False,False,False,True,False
21,Less than 25,Medium,0,-1.0,6,0,0,2013-05-13 06:53:22,2013-05-14 06:24:49,False,False,False,False,True,True,True
41,25 - 45,Low,0,0.0,2,0,0,2014-01-08 01:08:31,2014-01-08 09:45:35,False,True,False,False,False,True,True
21,Less than 25,High,1,-1.0,9,0,0,2013-04-26 04:34:20,2013-04-30 05:46:51,False,False,False,False,False,False,False
35,25 - 45,Low,1,0.0,2,0,0,2013-10-03 07:44:08,2013-12-16 08:06:46,False,True,False,False,False,True,False
51,Greater than 45,Medium,1,0.0,5,0,0,2013-04-30 03:07:58,2013-04-30 07:51:46,False,False,False,False,False,True,False
24,Less than 25,Low,0,-1.0,3,0,0,2013-04-19 07:16:54,2013-04-20 07:45:15,False,False,False,False,False,True,True
25,25 - 45,Medium,1,-1.0,5,0,0,2013-10-01 08:54:04,2013-10-02 09:14:11,False,False,False,False,False,False,False
37,25 - 45,High,0,-1.0,9,0,0,2013-10-29 08:50:13,2013-10-30 08:06:26,False,False,False,False,False,True,False
33,25 - 45,Low,10,0.0,4,0,0,2013-05-20 02:19:52,2013-05-21 04:20:08,False,True,False,False,False,True,True
63,Greater than 45,Low,1,-1.0,1,0,0,2014-02-08 10:04:04,2014-02-10 08:40:22,False,False,False,False,False,True,False
21,Less than 25,Medium,0,-1.0,5,0,0,2014-03-16 09:49:27,2014-03-17 09:22:07,False,False,False,False,False,False,True
31,25 - 45,Medium,5,-1.0,5,1,0,2013-04-15 09:48:22,2013-04-16 07:51:31,False,False,False,False,False,True,True
30,25 - 45,High,13,-1.0,10,1,1,2014-06-15 06:51:59,2015-10-03 06:50:34,False,False,False,False,False,True,False
58,Greater than 45,Low,0,-1.0,1,0,0,2013-01-12 03:18:57,2013-01-13 12:41:21,False,False,False,False,False,True,True
35,25 - 45,Medium,2,-1.0,5,0,0,2013-10-13 04:47:31,2013-10-14 01:58:27,False,False,False,False,True,True,False
27,25 - 45,Medium,7,-1.0,6,0,0,2013-08-23 11:30:37,2013-08-28 03:25:56,False,False,False,False,False,True,False
30,25 - 45,Low,1,-1.0,1,0,0,2013-03-04 08:57:46,2013-03-05 06:41:10,False,False,False,False,False,True,False
59,Greater than 45,Low,4,0.0,2,0,0,2013-08-02 04:48:15,2013-08-03 04:06:59,False,False,False,False,False,True,True
58,Greater than 45,Low,3,-4.0,2,0,0,2013-07-25 12:57:53,2013-07-25 09:15:58,False,True,False,False,False,True,True
54,Greater than 45,Low,1,-1.0,3,0,0,2013-09-18 10:24:01,2013-09-19 08:42:52,False,False,False,False,False,True,False
36,25 - 45,Low,0,0.0,2,0,0,2013-04-07 02:43:54,2013-04-07 06:10:19,False,False,True,False,False,False,True
28,25 - 45,Medium,11,-1.0,6,1,1,2013-02-06 02:17:29,2013-02-08 07:30:37,False,False,False,False,False,True,False
32,25 - 45,Low,0,-1.0,1,1,1,2014-01-23 06:22:42,2014-01-29 01:56:31,False,True,False,False,False,True,False
44,25 - 45,Low,0,-1.0,2,0,0,2013-08-25 06:20:12,2013-08-27 08:52:06,False,True,False,False,False,True,True
34,25 - 45,Low,1,-1.0,2,0,0,2014-03-05 08:17:11,2014-03-07 11:03:13,False,False,False,False,False,True,True
57,Greater than 45,Medium,12,0.0,5,0,0,2013-11-11 02:40:13,2013-11-14 09:18:15,False,True,False,False,False,True,True
44,25 - 45,Low,0,-1.0,1,0,0,2013-11-10 03:52:01,2013-11-11 07:55:14,False,False,False,False,False,True,False
48,Greater than 45,Low,1,0.0,2,0,0,2013-05-28 05:20:53,2013-05-29 01:36:35,False,True,False,False,False,True,False
37,25 - 45,Low,7,-1.0,3,0,0,2013-04-16 07:54:08,2013-04-18 05:56:28,False,False,False,False,False,False,False
43,25 - 45,Medium,12,-1.0,6,0,0,2013-10-22 07:27:02,2013-12-13 11:43:06,False,True,False,False,False,True,False
37,25 - 45,Low,3,-1.0,2,1,0,2013-04-28 10:44:17,2013-04-29 06:35:59,False,False,False,False,False,True,True
35,25 - 45,Medium,4,-1.0,5,0,0,2013-01-16 10:14:25,2013-02-15 01:55:17,False,False,False,False,False,True,True
56,Greater than 45,Low,0,-1.0,2,0,0,2013-04-21 01:36:24,2013-04-22 01:00:45,False,False,False,False,False,True,True
39,25 - 45,Medium,6,-1.0,5,0,0,2014-02-01 07:53:55,2014-02-27 09:58:59,False,False,False,False,True,True,False
25,25 - 45,High,8,-1.0,10,1,1,2013-04-08 05:47:18,2013-04-10 01:26:53,False,False,False,False,False,True,True
30,25 - 45,Low,1,-1.0,3,0,0,2014-03-10 03:11:33,2014-03-11 01:26:00,False,True,False,False,False,True,False
23,Less than 25,Medium,0,-1.0,6,0,0,2013-08-10 08:22:47,2013-08-22 05:29:02,False,True,False,False,False,False,False
21,Less than 25,Medium,0,-1.0,5,0,0,2013-04-08 11:48:28,2013-04-09 02:03:42,False,True,False,False,False,True,True
24,Less than 25,Medium,3,0.0,5,0,0,2013-05-02 01:33:22,2013-05-02 04:51:19,False,True,False,False,False,True,True
31,25 - 45,High,9,0.0,8,1,1,2013-08-15 04:24:41,2013-08-16 03:24:28,False,False,False,False,False,True,False
29,25 - 45,Medium,4,-1.0,5,1,0,2014-01-03 08:50:29,2014-01-04 08:41:19,False,False,False,False,False,True,True
30,25 - 45,Low,6,-1.0,3,1,0,2013-02-15 04:08:23,2013-02-16 01:20:46,True,False,False,False,False,True,True
32,25 - 45,Medium,6,-1.0,5,1,1,2014-07-27 06:39:32,2014-08-05 07:52:03,False,False,True,False,False,True,True
34,25 - 45,Low,5,-1.0,1,0,0,2014-02-15 05:36:32,2014-02-19 07:34:06,False,False,False,False,False,True,False
38,25 - 45,Low,4,-1.0,1,1,0,2013-03-30 10:14:17,2013-03-31 06:37:54,False,False,False,False,False,True,True
25,25 - 45,Low,1,-1.0,3,0,0,2013-02-24 06:37:00,2013-02-28 08:18:55,False,False,False,False,False,False,False
33,25 - 45,Low,0,0.0,3,0,0,2013-12-19 03:05:43,2013-12-21 09:50:58,False,False,False,False,False,False,False
31,25 - 45,Low,1,-1.0,1,1,1,2014-11-21 07:23:57,2014-11-22 12:08:42,False,True,False,False,False,False,True
67,Greater than 45,Low,3,-1.0,1,0,0,2013-01-25 03:23:20,2013-01-26 09:12:07,False,True,False,False,False,True,False
37,25 - 45,Low,2,-1.0,2,0,0,2013-08-12 08:43:05,2013-08-13 08:22:25,False,True,False,False,False,True,False
30,25 - 45,Low,0,-1.0,1,0,0,2013-05-10 09:23:33,2013-05-11 06:40:57,False,True,False,False,False,True,True
37,25 - 45,Low,2,0.0,1,0,0,2013-12-03 12:48:34,2013-12-04 07:43:54,False,False,False,False,False,False,False
20,Less than 25,Low,0,-1.0,3,0,0,2014-01-10 04:49:46,2014-01-21 07:13:32,False,False,False,False,False,True,False
38,25 - 45,Low,0,-1.0,4,0,0,2013-12-12 01:10:17,2013-12-13 03:24:28,False,False,True,False,False,True,False
30,25 - 45,Low,1,-5.0,4,0,0,2013-06-14 01:37:37,2013-06-16 07:28:46,False,False,False,False,False,True,True
57,Greater than 45,Low,2,-1.0,1,0,0,2013-11-25 07:35:42,2013-11-26 02:01:58,False,True,False,False,False,False,False
23,Less than 25,High,3,-1.0,10,0,0,2013-02-23 12:49:04,2013-03-01 06:16:35,False,True,False,False,False,False,False
42,25 - 45,Low,1,-1.0,1,0,0,2013-01-28 05:40:47,2013-01-29 01:19:50,False,True,False,False,False,True,False
25,25 - 45,Medium,6,-1.0,6,1,0,2013-01-03 05:43:48,2013-01-09 05:44:20,False,False,False,False,False,True,False
47,Greater than 45,Low,0,-1.0,2,0,0,2013-05-13 09:39:07,2013-05-16 06:45:19,False,True,False,False,False,True,True
59,Greater than 45,Low,2,0.0,1,0,0,2013-04-29 01:05:52,2013-04-29 06:35:40,False,False,False,False,False,True,True
27,25 - 45,Low,0,0.0,2,0,0,2013-08-03 07:19:15,2013-08-04 07:57:02,False,False,False,False,False,True,True
25,25 - 45,High,4,-10.0,10,0,0,2013-03-05 04:57:56,2013-03-06 08:00:56,False,True,False,False,False,True,True
46,Greater than 45,Low,2,-14.0,2,0,0,2013-03-13 12:53:32,2013-03-21 02:08:03,False,True,False,False,False,True,False
38,25 - 45,Low,2,-1.0,1,0,0,2013-03-19 04:21:06,2013-03-20 09:34:48,False,False,False,False,False,True,False
55,Greater than 45,Low,0,-7.0,1,0,0,2014-03-19 11:32:30,2014-03-25 06:06:45,False,False,True,False,False,True,True
59,Greater than 45,Low,3,0.0,1,1,1,2014-05-01 04:27:00,2014-05-02 11:39:39,False,True,False,False,False,True,True
22,Less than 25,Low,0,-1.0,2,0,0,2013-08-27 05:03:28,2013-08-28 07:45:25,False,False,False,False,False,True,False
24,Less than 25,High,12,-1.0,10,0,0,2013-10-20 06:12:56,2013-11-06 09:00:54,False,False,False,False,False,True,True
42,25 - 45,Medium,3,-3.0,5,0,0,2013-02-08 09:19:36,2013-02-09 01:26:38,False,True,False,False,False,False,False
57,Greater than 45,Medium,19,-1.0,6,0,0,2013-05-18 08:31:01,2013-05-21 12:47:29,False,False,False,False,False,True,False
50,Greater than 45,Low,0,-1.0,1,0,0,2013-03-19 09:33:06,2013-03-22 05:52:21,False,True,False,False,False,True,False
34,25 - 45,Low,5,-1.0,4,0,0,2013-12-03 09:45:00,2013-12-04 08:51:32,False,False,False,False,False,True,True
29,25 - 45,Low,0,0.0,1,0,0,2014-03-10 03:51:44,2014-03-11 03:42:19,False,False,False,False,False,True,True
29,25 - 45,Low,0,-1.0,4,1,1,2014-07-19 05:05:54,2014-07-20 08:08:01,False,False,False,False,False,False,False
40,25 - 45,Low,0,0.0,1,0,0,2014-02-10 01:41:01,2014-02-10 08:22:50,False,False,True,False,False,True,True
44,25 - 45,Medium,0,-1.0,7,0,0,2013-04-16 04:51:29,2013-04-20 05:57:46,False,True,False,False,False,True,False
27,25 - 45,High,3,-1.0,9,1,1,2013-01-01 03:16:15,2013-01-10 04:12:28,False,False,False,False,False,True,False
40,25 - 45,Low,0,0.0,1,0,0,2014-03-25 12:36:32,2014-03-25 08:18:56,False,False,False,False,False,False,False
50,Greater than 45,High,11,0.0,9,0,0,2013-09-09 01:51:41,2013-09-11 04:56:45,False,False,False,False,False,True,False
47,Greater than 45,Low,1,-27.0,1,0,0,2013-12-27 08:28:22,2014-01-13 09:12:03,False,False,True,False,False,True,False
24,Less than 25,Medium,4,-1.0,7,0,0,2013-08-22 04:33:49,2013-08-27 01:19:42,False,False,False,False,False,True,False
33,25 - 45,Low,2,0.0,2,0,0,2013-10-22 04:22:46,2013-10-22 07:31:15,False,False,False,False,False,False,False
36,25 - 45,Low,0,0.0,1,0,0,2013-09-04 06:00:32,2013-09-05 05:33:52,False,True,False,False,False,True,True
44,25 - 45,Low,1,-22.0,1,1,0,2013-09-29 04:09:48,2013-09-30 12:00:01,False,True,False,False,False,True,True
27,25 - 45,Medium,3,-23.0,7,0,0,2013-09-25 04:20:19,2013-09-26 09:32:53,False,False,False,False,False,True,True
43,25 - 45,High,5,-1.0,9,0,0,2013-04-02 11:44:15,2013-04-03 02:42:40,False,False,False,False,False,True,False
41,25 - 45,High,25,-1.0,9,1,1,2013-02-05 05:31:42,2013-08-10 05:00:46,False,False,False,False,False,True,False
26,25 - 45,Medium,2,-1.0,5,0,0,2013-03-25 11:41:47,2013-03-26 01:03:38,False,True,False,False,False,True,False
28,25 - 45,High,5,-1.0,8,0,0,2013-10-10 06:23:41,2013-10-11 08:20:50,False,False,False,False,False,True,True
26,25 - 45,Low,0,-1.0,4,0,0,2013-12-09 11:19:57,2013-12-12 09:19:18,False,True,False,False,False,True,True
27,25 - 45,Low,0,-1.0,2,0,0,2013-08-03 04:44:27,2013-08-04 07:42:20,False,True,False,False,False,True,False
21,Less than 25,High,0,-1.0,8,0,0,2013-01-07 09:42:31,2013-01-09 01:05:12,False,False,False,False,False,True,False
25,25 - 45,High,2,0.0,9,0,0,2013-02-28 12:20:59,2013-03-01 04:14:50,False,False,False,False,False,True,False
23,Less than 25,Medium,0,-1.0,5,0,0,2014-02-15 11:55:36,2014-02-16 09:24:05,False,False,False,False,True,False,True
28,25 - 45,Low,2,-1.0,1,0,0,2013-11-02 05:18:38,2013-11-04 04:03:11,False,False,False,False,True,True,True
34,25 - 45,Low,2,-1.0,4,0,0,2013-10-29 05:28:11,2013-10-30 02:05:14,False,False,False,False,False,True,False
34,25 - 45,High,6,-1.0,8,1,1,2013-01-22 07:32:23,2013-02-05 07:22:29,False,False,False,False,False,True,False
52,Greater than 45,High,3,-2.0,9,0,0,2013-07-27 10:50:36,2013-07-28 02:01:45,False,True,False,False,False,True,True
26,25 - 45,Low,0,0.0,4,0,0,2013-04-27 02:42:38,2013-04-27 07:36:35,False,True,False,False,False,True,False
49,Greater than 45,Low,3,0.0,4,0,0,2013-09-24 02:46:20,2013-09-24 07:16:50,False,True,False,False,False,True,False
28,25 - 45,Low,1,-1.0,3,0,0,2013-04-02 12:18:46,2013-04-04 07:54:22,False,False,False,False,False,True,True
49,Greater than 45,Low,1,0.0,1,0,0,2013-02-10 02:43:29,2013-03-07 01:58:42,False,False,False,False,False,True,False
26,25 - 45,Low,7,0.0,4,0,0,2013-08-20 12:51:18,2013-08-22 05:25:59,False,False,True,False,False,True,True
35,25 - 45,Low,3,0.0,4,0,0,2013-09-25 01:21:21,2013-09-26 04:17:22,False,True,False,False,False,True,False
30,25 - 45,Low,1,-1.0,2,0,0,2013-03-15 11:21:37,2013-03-16 07:55:41,False,False,False,False,False,False,False
25,25 - 45,High,0,0.0,8,0,0,2013-09-19 04:53:03,2013-09-21 01:36:58,False,False,False,False,False,True,False
41,25 - 45,Low,0,0.0,1,0,0,2013-03-23 03:53:04,2013-03-24 06:30:15,False,False,False,False,False,False,True
38,25 - 45,Low,0,0.0,1,0,0,2013-09-06 01:28:27,2013-09-06 10:50:40,False,True,False,False,False,True,False
56,Greater than 45,Low,2,-1.0,3,0,0,2013-10-22 04:47:28,2013-11-07 09:55:20,False,True,False,False,False,True,True
26,25 - 45,Medium,0,-1.0,5,0,0,2014-02-19 05:20:26,2014-02-20 02:30:11,False,False,False,False,False,True,False
38,25 - 45,Medium,1,-1.0,6,1,1,2013-02-09 03:23:30,2013-02-10 08:17:31,False,True,False,False,False,False,True
26,25 - 45,Low,0,-1.0,2,0,0,2013-05-08 04:58:36,2013-05-09 07:23:44,False,False,False,False,False,True,True
35,25 - 45,Medium,1,-1.0,5,0,0,2014-01-01 11:50:43,2014-01-03 01:39:37,False,False,False,False,False,True,True
23,Less than 25,Medium,2,-1.0,5,0,0,2013-01-17 06:30:04,2013-01-18 01:51:21,False,False,True,False,False,True,False
46,Greater than 45,Low,4,0.0,4,0,0,2014-01-04 02:43:27,2014-01-05 08:14:11,False,True,False,False,False,True,False
39,25 - 45,Low,2,-1.0,1,0,0,2013-01-27 03:53:11,2013-03-15 09:27:18,False,False,False,False,False,True,True
23,Less than 25,Medium,3,0.0,5,0,0,2013-08-15 01:53:22,2013-08-21 08:27:53,False,False,False,False,False,True,True
21,Less than 25,Low,0,-1.0,4,1,1,2014-06-13 03:47:26,2014-06-14 01:59:39,False,True,False,False,False,True,True
32,25 - 45,Low,3,-1.0,2,0,0,2013-02-26 02:16:05,2013-03-28 10:47:42,False,False,False,False,False,False,False
60,Greater than 45,Low,0,-1.0,1,0,0,2013-08-07 09:07:30,2014-03-13 12:32:21,False,False,False,False,False,True,False
21,Less than 25,High,1,-1.0,9,1,1,2013-01-16 04:32:53,2013-01-17 07:40:18,False,False,False,False,False,True,False
26,25 - 45,Low,0,-1.0,2,0,0,2013-10-26 02:28:18,2013-10-27 08:36:51,False,False,False,False,False,False,True
52,Greater than 45,Low,5,-1.0,3,1,1,2013-04-02 10:32:57,2013-04-09 07:06:41,False,False,True,False,False,True,False
40,25 - 45,High,13,-1.0,9,0,0,2013-09-24 07:30:04,2013-09-25 08:13:07,False,False,False,False,False,True,False
41,25 - 45,Low,1,-1.0,2,0,0,2013-02-27 09:49:07,2013-03-01 01:59:16,False,False,False,False,False,True,True
23,Less than 25,Medium,0,-1.0,7,0,0,2013-10-28 05:52:52,2013-10-30 12:28:17,False,False,False,False,False,False,False
36,25 - 45,Low,0,0.0,1,0,0,2014-02-08 04:16:48,2014-02-09 06:28:32,False,True,False,False,False,False,True
23,Less than 25,Low,0,0.0,2,0,0,2013-03-05 03:06:29,2013-03-05 06:43:38,False,False,False,False,False,True,False
25,25 - 45,Low,0,-1.0,2,0,0,2013-09-16 02:13:27,2013-09-23 08:24:38,False,False,False,False,False,True,True
41,25 - 45,Medium,1,-6.0,6,0,0,2013-10-16 03:27:50,2013-10-22 10:32:34,False,True,False,False,False,True,False
29,25 - 45,Low,2,-2.0,3,0,0,2014-01-04 09:12:16,2014-01-06 11:05:13,False,True,False,False,False,True,False
26,25 - 45,Low,0,-1.0,2,0,0,2013-12-11 03:26:14,2013-12-13 02:54:48,False,True,False,False,False,True,False
31,25 - 45,Low,0,-5.0,3,0,0,2013-05-31 11:07:01,2013-06-01 08:46:14,False,True,False,False,False,False,True
41,25 - 45,High,9,-1.0,9,1,0,2013-02-17 06:51:32,2013-02-18 06:40:08,False,False,False,False,False,True,True
26,25 - 45,Medium,2,0.0,7,0,0,2013-01-17 05:17:57,2013-01-17 07:05:29,False,False,False,False,False,True,True
35,25 - 45,Low,4,-1.0,2,0,0,2013-09-17 07:57:04,2013-10-18 09:02:20,False,True,False,False,False,True,True
48,Greater than 45,Low,4,-1.0,3,0,0,2013-01-03 07:50:37,2013-01-04 06:15:54,False,False,False,False,False,True,False
37,25 - 45,Low,4,0.0,1,0,0,2013-02-09 12:56:56,2013-02-10 08:05:29,False,True,False,False,False,True,True
52,Greater than 45,Low,0,-1.0,1,0,0,2013-01-12 07:04:33,2013-01-13 01:52:34,False,True,False,False,False,False,True
24,Less than 25,Medium,3,0.0,5,0,0,2013-08-01 06:42:08,2013-09-06 03:32:31,False,True,False,False,False,True,False
49,Greater than 45,Low,0,-1.0,1,0,0,2013-02-24 06:39:36,2013-02-25 01:34:30,False,True,False,False,False,True,False
51,Greater than 45,Medium,3,-1.0,6,0,0,2013-03-08 12:35:15,2013-03-25 08:50:15,False,True,False,False,False,True,False
61,Greater than 45,Low,0,0.0,1,0,0,2013-03-01 05:14:32,2013-03-01 01:48:41,False,True,False,False,False,True,True
37,25 - 45,Low,1,-25.0,3,0,0,2013-01-27 04:29:27,2013-01-28 08:30:45,False,True,False,False,False,False,True
51,Greater than 45,Low,2,-1.0,1,0,0,2013-02-27 04:44:18,2013-02-28 08:01:39,False,False,False,False,False,True,True
22,Less than 25,High,3,-2.0,9,0,0,2013-10-27 04:53:42,2013-10-28 07:53:41,False,False,False,False,False,False,True
24,Less than 25,Medium,0,-1.0,5,0,0,2013-02-12 11:40:28,2013-02-13 10:02:55,False,False,False,False,False,False,True
52,Greater than 45,Low,0,-1.0,1,0,0,2013-11-15 11:16:23,2013-11-16 08:06:35,False,True,False,False,False,True,True
38,25 - 45,Low,0,-1.0,1,0,0,2014-03-15 11:22:26,2014-03-16 08:27:01,False,True,False,False,False,True,True
40,25 - 45,Medium,2,-1.0,5,0,0,2013-01-27 08:40:41,2013-05-08 05:42:39,False,False,False,False,False,False,True
42,25 - 45,Low,0,0.0,1,0,0,2013-11-14 05:48:10,2013-11-18 07:36:03,False,False,True,False,False,True,True
27,25 - 45,Medium,0,0.0,5,0,0,2013-01-06 04:31:06,2013-01-08 05:20:57,False,True,False,False,False,True,True
28,25 - 45,High,5,-1.0,8,0,0,2013-08-09 10:07:19,2013-09-13 07:58:19,False,False,False,False,False,True,False
40,25 - 45,Low,0,-1.0,1,0,0,2013-11-06 10:58:07,2013-11-07 01:55:42,False,True,False,False,False,True,True
38,25 - 45,Low,0,0.0,4,0,0,2013-02-14 05:26:52,2013-07-22 06:55:53,False,True,False,False,False,True,False
22,Less than 25,High,0,0.0,8,0,0,2013-11-12 01:16:29,2013-11-12 08:32:15,False,False,False,False,False,True,False
36,25 - 45,Medium,6,-1.0,5,0,0,2013-01-04 03:10:09,2013-03-29 10:22:04,False,False,False,False,False,True,False
29,25 - 45,Low,0,-1.0,2,0,0,2013-11-09 08:24:05,2013-11-10 02:36:02,False,False,False,False,False,True,True
22,Less than 25,Low,3,-1.0,3,0,0,2013-10-15 02:41:31,2013-10-17 04:50:35,False,False,False,False,True,True,False
26,25 - 45,Low,1,0.0,1,0,0,2014-01-21 01:53:43,2014-02-04 07:20:36,False,False,False,False,False,True,True
50,Greater than 45,Low,1,-1.0,3,0,0,2013-01-14 11:58:48,2013-01-16 08:10:14,False,True,False,False,False,True,False
32,25 - 45,High,14,-1.0,9,1,1,2013-05-09 03:22:53,2013-05-11 05:44:32,False,False,False,False,False,True,False
37,25 - 45,Low,3,0.0,2,0,0,2013-11-18 03:46:24,2013-11-19 10:18:36,False,False,False,False,False,True,False
68,Greater than 45,Low,6,-1.0,4,0,0,2013-09-21 10:10:59,2013-09-24 04:44:52,False,False,False,False,False,True,True
31,25 - 45,High,15,0.0,8,0,0,2013-05-25 12:00:10,2013-05-25 07:36:34,False,False,False,False,False,True,False
43,25 - 45,Low,8,-1.0,3,0,0,2013-01-12 12:14:44,2013-01-14 02:47:11,False,True,False,False,False,True,False
33,25 - 45,Low,2,-22.0,2,0,0,2013-09-19 09:34:52,2013-10-11 06:19:13,False,True,False,False,False,True,True
60,Greater than 45,Low,0,-1.0,1,0,0,2013-05-19 06:07:29,2013-05-20 06:56:01,False,False,True,False,False,True,False
33,25 - 45,Low,2,-1.0,4,0,0,2014-03-17 09:15:29,2014-03-31 10:02:05,False,True,False,False,False,False,False
26,25 - 45,Medium,1,0.0,5,0,0,2013-08-30 11:51:04,2013-08-31 01:57:53,False,False,True,False,False,True,False
36,25 - 45,Medium,2,-1.0,5,0,0,2013-03-10 07:15:50,2013-03-11 01:32:19,False,False,False,False,False,True,False
29,25 - 45,Low,1,-1.0,4,0,0,2014-01-05 10:19:57,2014-01-07 03:49:53,False,False,False,False,False,False,True
58,Greater than 45,Low,0,-1.0,2,0,0,2013-03-13 10:02:13,2013-03-14 02:21:27,False,False,True,False,False,True,False
26,25 - 45,High,1,-1.0,9,0,0,2013-05-05 07:23:19,2013-05-08 08:21:21,False,True,False,False,False,False,False
24,Less than 25,Low,2,-18.0,3,0,0,2013-02-14 08:04:32,2013-03-01 08:19:07,False,True,False,False,False,True,True
35,25 - 45,Medium,2,-15.0,6,0,0,2013-07-30 05:05:43,2013-08-14 02:10:10,False,False,False,False,False,False,False
33,25 - 45,Low,0,-1.0,2,0,0,2013-11-18 04:55:48,2013-11-19 01:28:31,False,False,False,False,True,False,False
23,Less than 25,High,5,24.0,8,1,1,2013-09-23 03:15:15,2013-09-24 04:26:21,False,False,False,False,False,True,False
52,Greater than 45,Low,4,-1.0,3,0,0,2014-02-02 02:24:43,2014-02-03 01:24:23,False,True,False,False,False,True,True
52,Greater than 45,Low,0,-1.0,1,0,0,2014-03-06 11:57:06,2014-03-07 08:44:57,False,False,True,False,False,True,True
41,25 - 45,High,19,-1.0,10,1,1,2014-12-25 06:50:18,2015-02-06 05:56:01,False,False,True,False,False,True,False
22,Less than 25,Medium,0,0.0,6,0,0,2013-04-24 03:08:06,2013-04-24 08:19:38,False,False,True,False,False,False,False
31,25 - 45,Medium,1,-3.0,5,0,0,2013-08-31 09:04:51,2013-09-01 02:06:30,False,True,False,False,False,True,False
53,Greater than 45,Low,1,-1.0,1,0,0,2013-02-12 11:20:43,2013-02-13 07:54:55,False,True,False,False,False,True,False
31,25 - 45,Low,7,-1.0,3,0,0,2014-03-09 04:46:09,2014-03-10 09:42:05,False,True,False,False,False,True,True
52,Greater than 45,Low,0,-1.0,1,0,0,2013-07-31 09:14:55,2013-08-01 07:36:57,False,True,False,False,False,False,True
54,Greater than 45,Low,7,0.0,3,0,0,2013-10-06 03:20:08,2013-10-06 07:36:47,False,True,False,False,False,True,False
44,25 - 45,Low,0,0.0,1,0,0,2013-01-11 02:52:46,2013-01-11 07:46:30,False,False,True,False,False,True,True
63,Greater than 45,Low,5,-1.0,1,0,0,2013-03-01 09:14:42,2013-03-05 10:01:18,False,True,False,False,False,True,True
44,25 - 45,Low,0,-1.0,1,0,0,2013-12-24 05:58:16,2013-12-25 08:38:42,False,True,False,False,False,True,False
34,25 - 45,Medium,1,-1.0,5,0,0,2013-01-09 01:08:47,2013-01-10 05:09:51,False,False,False,False,False,True,False
50,Greater than 45,Low,0,0.0,1,0,0,2013-04-22 01:45:49,2013-04-22 06:41:19,False,False,False,False,False,True,True
61,Greater than 45,Low,0,-1.0,1,0,0,2013-12-03 03:18:00,2013-12-04 09:09:14,False,True,False,False,False,False,False
28,25 - 45,Low,0,-1.0,2,0,0,2013-09-23 11:18:27,2013-09-24 09:19:53,False,False,False,False,False,False,True
36,25 - 45,High,2,-1.0,9,1,1,2014-08-24 05:47:08,2014-10-09 09:10:14,False,False,False,False,False,True,True
22,Less than 25,Low,0,-1.0,3,0,0,2013-08-23 05:49:07,2013-08-24 08:38:31,False,False,False,False,False,False,True
23,Less than 25,High,6,-1.0,8,0,0,2013-04-05 03:50:59,2013-05-09 09:31:20,False,False,True,False,False,True,True
48,Greater than 45,Low,0,-1.0,1,0,0,2014-01-29 06:04:45,2014-01-30 10:34:50,False,True,False,False,False,False,False
21,Less than 25,High,2,-1.0,8,0,0,2013-08-23 10:37:03,2013-11-11 04:30:55,False,False,False,False,False,False,False
40,25 - 45,Low,1,-1.0,1,0,0,2014-03-10 09:24:25,2014-03-12 09:09:50,False,False,False,False,False,True,False
62,Greater than 45,Low,0,-1.0,1,0,0,2013-01-09 03:17:14,2013-01-12 03:08:45,False,True,False,False,False,True,False
23,Less than 25,Low,0,-4.0,2,1,0,2013-10-05 05:06:33,2013-10-06 07:58:45,False,True,False,False,False,True,False
29,25 - 45,Low,7,-1.0,4,1,0,2013-08-15 04:47:18,2013-08-16 10:21:01,False,False,False,False,False,True,False
28,25 - 45,Low,1,0.0,2,0,0,2013-03-23 05:48:15,2013-03-24 07:18:54,False,True,False,False,False,True,True
30,25 - 45,High,9,-1.0,10,1,1,2014-11-04 08:54:31,2015-05-19 11:36:21,False,False,False,False,False,True,False
40,25 - 45,Low,0,0.0,2,0,0,2013-11-17 04:36:43,2013-11-17 07:27:46,False,True,False,False,False,False,False
65,Greater than 45,Low,0,0.0,1,0,0,2013-05-07 02:20:22,2013-05-08 03:00:01,False,True,False,False,False,False,True
24,Less than 25,High,2,-2.0,9,0,0,2014-01-07 05:06:31,2014-01-07 08:45:09,False,True,False,False,False,False,False
37,25 - 45,Low,2,-1.0,4,1,1,2013-12-09 01:26:29,2014-01-29 03:40:53,False,False,False,False,True,True,False
33,25 - 45,Low,3,-16.0,4,1,1,2013-03-03 11:33:17,2013-03-15 06:19:23,False,True,False,False,False,True,True
58,Greater than 45,Low,0,-1.0,1,0,0,2013-05-26 10:29:50,2013-05-27 06:15:59,False,True,False,False,False,True,True
21,Less than 25,High,0,-1.0,8,1,1,2013-03-21 03:09:22,2013-03-28 07:17:08,False,True,False,False,False,True,False
50,Greater than 45,Low,8,-14.0,2,0,0,2013-03-15 12:34:40,2013-03-27 09:11:27,False,True,False,False,False,True,False
43,25 - 45,Low,2,-26.0,1,0,0,2013-02-15 04:05:37,2013-02-16 05:59:32,False,True,False,False,False,True,False
24,Less than 25,Low,0,0.0,2,0,0,2013-01-23 03:55:12,2013-02-07 08:39:52,False,True,False,False,False,True,False
24,Less than 25,Medium,2,-1.0,7,0,0,2013-02-06 04:14:19,2013-02-08 08:31:47,False,True,False,False,False,False,False
30,25 - 45,Low,2,-1.0,3,0,0,2014-01-22 08:24:04,2014-03-26 09:45:11,False,True,False,False,False,True,False
35,25 - 45,Medium,0,-1.0,6,0,0,2013-05-15 03:27:43,2013-08-24 05:06:24,True,False,False,False,False,True,False
24,Less than 25,Low,0,-2.0,4,0,0,2013-05-08 11:38:39,2013-05-09 07:58:28,False,True,False,False,False,True,False
36,25 - 45,Medium,5,-1.0,5,1,1,2013-01-23 03:15:23,2013-01-24 06:43:56,False,False,False,False,False,True,True
43,25 - 45,Low,2,-1.0,3,0,0,2013-04-17 10:37:05,2013-04-23 10:16:03,False,False,False,False,False,True,False
50,Greater than 45,Medium,0,-1.0,7,0,0,2014-02-11 04:53:10,2014-03-13 10:02:48,False,True,False,False,False,True,False
27,25 - 45,Low,2,0.0,3,0,0,2013-03-28 01:22:58,2013-03-28 08:31:54,False,False,False,False,False,True,False
47,Greater than 45,Low,13,0.0,4,1,1,2013-04-14 03:00:30,2013-06-19 06:52:42,False,True,False,False,False,True,True
24,Less than 25,Medium,0,0.0,6,0,0,2013-03-25 01:31:41,2013-03-25 08:43:30,False,True,False,False,False,False,True
57,Greater than 45,Low,7,-1.0,1,1,0,2013-01-27 07:37:35,2013-06-28 05:35:04,False,True,False,False,False,True,False
55,Greater than 45,Low,0,-1.0,1,0,0,2013-12-15 07:09:08,2013-12-16 01:30:18,False,False,False,False,False,True,False
64,Greater than 45,Low,0,-1.0,1,0,0,2013-10-21 11:27:18,2013-10-22 01:59:46,False,False,False,False,True,False,False
36,25 - 45,Low,1,0.0,1,0,0,2013-01-02 12:43:11,2013-01-02 01:12:11,False,False,False,False,False,False,True
22,Less than 25,Low,0,0.0,3,1,0,2013-01-15 12:31:43,2013-01-15 01:17:47,False,False,False,False,False,True,False
24,Less than 25,Medium,0,0.0,5,0,0,2013-05-21 12:50:11,2013-05-22 05:30:40,False,True,False,False,False,False,True
29,25 - 45,Medium,2,0.0,5,1,0,2013-11-16 02:35:51,2013-11-16 07:53:22,False,False,False,False,False,True,True
51,Greater than 45,Low,4,-26.0,2,1,0,2013-09-05 09:34:45,2013-09-13 05:55:53,False,False,False,False,False,True,True
24,Less than 25,High,1,-6.0,10,0,0,2013-08-02 10:27:58,2013-08-08 11:00:55,False,False,True,False,False,True,False
39,25 - 45,High,4,-1.0,9,0,0,2013-08-09 07:48:19,2013-12-06 04:19:37,False,False,False,False,False,True,False
67,Greater than 45,Low,0,-1.0,1,0,0,2013-08-15 12:10:13,2013-08-16 09:07:07,False,True,False,False,False,True,True
39,25 - 45,Low,1,-1.0,1,0,0,2013-04-08 08:24:50,2013-04-09 02:11:07,False,False,False,False,False,False,False
47,Greater than 45,Low,1,-3.0,1,1,0,2013-07-14 11:11:51,2013-07-15 01:37:10,False,False,False,False,False,True,False
50,Greater than 45,Low,3,-1.0,3,0,0,2013-03-27 09:19:27,2013-04-10 10:26:19,False,True,False,False,False,True,False
30,25 - 45,High,0,-1.0,9,0,0,2013-02-06 01:02:38,2013-02-07 07:22:44,False,False,False,False,False,True,True
42,25 - 45,Low,0,-1.0,1,0,0,2013-09-16 06:13:55,2013-09-17 01:54:04,False,True,False,False,False,False,True
30,25 - 45,Low,1,-1.0,4,0,0,2013-02-02 05:10:03,2013-02-04 05:37:02,False,False,False,False,False,False,True
35,25 - 45,Low,5,-1.0,2,0,0,2013-01-08 02:08:35,2013-01-08 06:56:18,False,False,True,False,False,True,True
32,25 - 45,Low,0,-1.0,3,0,0,2014-01-22 12:13:03,2014-01-23 05:54:47,False,False,False,False,False,False,False
22,Less than 25,High,0,-1.0,9,0,0,2013-02-26 04:51:22,2013-02-27 09:49:12,False,True,False,False,False,False,True
33,25 - 45,Low,0,-1.0,2,0,0,2013-12-11 01:52:15,2013-12-16 11:33:44,False,True,False,False,False,True,False
56,Greater than 45,Low,0,0.0,1,0,0,2013-09-28 02:52:18,2013-10-01 07:39:52,False,False,False,False,False,False,True
20,Less than 25,Low,0,-2.0,4,0,0,2013-09-28 08:34:56,2013-09-29 01:46:44,False,False,False,False,True,True,False
36,25 - 45,Low,1,-1.0,1,0,0,2013-09-15 12:56:55,2013-09-16 09:34:51,False,False,False,False,True,False,True
27,25 - 45,Low,0,-2.0,1,0,0,2013-01-27 06:21:47,2013-01-29 10:59:25,False,False,False,False,True,True,False
30,25 - 45,Low,0,-1.0,3,0,0,2013-09-14 02:02:37,2013-09-15 10:50:57,False,False,True,False,False,True,True
24,Less than 25,Low,0,-1.0,2,0,0,2014-03-21 09:50:03,2014-03-23 09:11:20,False,False,True,False,False,True,True
50,Greater than 45,Low,10,-1.0,4,0,0,2013-08-02 11:21:02,2013-08-03 07:59:48,False,True,False,False,False,True,False
24,Less than 25,Low,0,-1.0,3,0,0,2013-12-16 08:36:34,2013-12-17 09:48:55,False,False,False,False,True,False,False
35,25 - 45,Low,0,-1.0,2,0,0,2013-08-14 04:31:57,2013-08-14 08:03:04,False,True,False,False,False,True,True
49,Greater than 45,Low,0,-1.0,1,0,0,2013-11-10 11:42:59,2014-01-23 05:55:25,False,True,False,False,False,True,False
22,Less than 25,Low,0,-1.0,4,0,0,2013-09-18 08:17:23,2013-09-19 09:03:46,False,False,False,False,False,True,True
28,25 - 45,Medium,12,-1.0,5,0,0,2014-03-11 05:02:18,2014-03-13 01:22:59,False,False,False,False,False,True,False
31,25 - 45,Low,0,-1.0,3,0,0,2013-04-05 12:30:30,2013-04-06 08:02:02,False,False,False,False,False,True,False
22,Less than 25,Low,0,-1.0,4,0,0,2013-02-21 03:42:13,2013-02-22 01:52:11,False,False,False,False,False,True,False
32,25 - 45,High,2,0.0,8,0,0,2013-01-21 02:06:58,2013-05-10 08:38:41,False,False,False,False,False,True,True
21,Less than 25,Low,1,-5.0,4,0,0,2014-02-20 10:39:19,2014-02-21 08:22:00,False,True,False,False,False,True,False
29,25 - 45,Medium,0,0.0,6,1,1,2014-11-03 02:36:08,2014-11-08 12:48:35,False,True,False,False,False,True,True
30,25 - 45,Low,3,-1.0,2,1,0,2014-02-17 08:23:12,2014-02-18 01:12:50,False,False,False,False,False,True,False
24,Less than 25,High,7,-1.0,9,0,0,2013-05-08 07:17:42,2013-05-09 08:54:08,False,False,False,False,False,True,True
20,Less than 25,High,0,0.0,8,0,0,2014-03-23 12:24:11,2014-03-23 09:07:20,False,False,False,False,False,False,False
21,Less than 25,Medium,4,-1.0,7,1,1,2013-12-16 03:44:25,2014-01-18 05:14:41,False,True,False,False,False,True,True
33,25 - 45,Low,1,0.0,3,0,0,2013-03-10 01:25:31,2013-03-11 08:03:14,False,True,False,False,False,True,True
53,Greater than 45,Low,0,-1.0,1,0,0,2013-12-01 05:45:15,2013-12-02 01:31:10,False,True,False,False,False,True,True
37,25 - 45,Low,2,-2.0,1,0,0,2013-04-16 05:14:39,2013-04-17 05:35:24,False,True,False,False,False,True,True
49,Greater than 45,Low,0,-3.0,1,0,0,2013-08-23 11:31:53,2013-08-24 02:16:48,False,True,False,False,False,True,True
35,25 - 45,Low,2,-1.0,1,0,0,2014-02-03 10:17:08,2014-02-04 07:35:43,False,True,False,False,False,True,False
54,Greater than 45,Low,4,-1.0,2,0,0,2013-02-10 05:05:00,2013-02-13 09:32:59,False,True,False,False,False,True,True
27,25 - 45,High,6,-1.0,10,0,0,2013-09-25 04:05:03,2013-09-26 08:46:37,False,True,False,False,False,False,False
38,25 - 45,Low,0,-1.0,1,0,0,2014-02-05 09:19:16,2014-02-07 09:14:53,False,False,False,False,False,True,False
23,Less than 25,Medium,0,-1.0,5,0,0,2013-08-26 03:02:44,2013-08-29 04:55:55,False,False,False,False,False,True,False
32,25 - 45,Low,1,-1.0,4,1,1,2013-04-06 05:35:58,2013-04-10 05:02:49,False,False,False,False,False,True,True
31,25 - 45,High,5,0.0,10,0,0,2013-09-05 01:39:00,2013-09-05 07:44:12,False,False,False,False,False,True,True
20,Less than 25,Low,0,-1.0,4,0,0,2014-02-01 10:09:26,2014-02-02 08:52:57,False,False,False,False,False,False,False
37,25 - 45,Medium,4,-1.0,7,1,1,2014-10-31 09:52:44,2015-01-14 12:38:16,False,False,False,False,False,True,True
20,Less than 25,Low,0,-2.0,3,1,0,2014-01-25 11:11:50,2014-01-26 02:05:49,False,True,False,False,False,False,False
53,Greater than 45,Low,1,-6.0,1,0,0,2014-03-15 04:06:38,2014-03-21 11:05:39,False,True,False,False,False,True,False
43,25 - 45,Medium,5,0.0,6,0,0,2014-02-19 04:03:28,2014-03-05 10:06:18,False,False,False,False,False,True,True
35,25 - 45,Low,2,-14.0,1,0,0,2013-07-09 12:32:41,2013-07-23 10:10:46,False,False,True,False,False,True,False
45,Greater than 45,Low,0,0.0,1,0,0,2014-02-23 02:42:34,2014-02-24 12:17:32,False,False,True,False,False,True,False
28,25 - 45,Low,10,0.0,3,0,0,2014-01-03 04:56:59,2014-01-03 08:00:20,False,False,False,False,False,True,False
43,25 - 45,Low,0,-1.0,1,0,0,2013-09-20 10:07:27,2013-09-21 08:40:20,False,False,True,False,False,True,True
30,25 - 45,Low,3,-6.0,4,0,0,2014-01-03 05:18:54,2014-01-05 08:02:37,False,False,True,False,False,True,True
51,Greater than 45,Low,0,-1.0,2,0,0,2013-10-30 11:27:14,2013-10-31 08:46:16,False,True,False,False,False,True,True
33,25 - 45,Medium,7,-1.0,6,1,1,2013-03-01 05:09:59,2013-03-03 04:26:19,False,False,False,False,False,True,True
64,Greater than 45,Low,8,-1.0,1,0,0,2013-04-03 10:47:23,2013-04-04 07:38:50,False,True,False,False,False,True,False
46,Greater than 45,Low,1,-1.0,1,0,0,2013-06-06 02:04:55,2013-06-07 04:35:36,False,True,False,False,False,True,False
44,25 - 45,Low,0,-1.0,1,0,0,2013-03-20 01:14:13,2013-03-22 04:13:35,False,False,False,False,False,True,False
56,Greater than 45,Low,5,-1.0,3,0,0,2013-01-03 05:51:09,2013-01-15 07:43:49,False,False,False,False,False,True,False
27,25 - 45,Low,2,-1.0,3,0,0,2014-02-21 11:56:38,2014-02-22 08:20:38,False,False,False,False,False,True,False
25,25 - 45,Medium,14,-1.0,6,0,0,2014-02-05 12:50:06,2014-02-06 09:34:44,False,False,True,False,False,False,False
31,25 - 45,Low,5,0.0,2,0,0,2013-05-01 05:24:33,2013-05-02 12:30:07,False,False,False,False,True,True,True
64,Greater than 45,Low,0,-1.0,1,0,0,2013-04-26 07:02:44,2013-04-30 08:30:10,False,False,False,False,False,False,False
21,Less than 25,High,1,-1.0,9,1,0,2013-01-30 07:13:30,2013-01-31 07:16:59,False,False,False,False,False,True,False
30,25 - 45,Low,0,-1.0,2,0,0,2013-05-25 09:00:36,2013-05-26 08:33:54,False,True,False,False,False,True,True
35,25 - 45,Low,1,-1.0,1,0,0,2014-03-10 07:27:18,2014-03-11 12:57:04,False,False,False,False,False,False,False
50,Greater than 45,Low,4,-27.0,2,0,0,2013-11-23 03:50:00,2013-12-19 09:53:42,False,True,False,False,False,True,True
28,25 - 45,Medium,0,0.0,7,0,0,2013-08-16 12:31:49,2013-10-09 03:10:07,False,True,False,False,False,True,False
41,25 - 45,Low,1,-1.0,1,1,1,2014-05-07 08:18:13,2014-05-08 09:01:25,False,True,False,False,False,True,False
34,25 - 45,Low,1,-1.0,1,0,0,2013-02-17 07:32:38,2013-02-18 08:01:59,False,False,False,False,False,False,True
41,25 - 45,Low,6,-1.0,3,1,0,2013-09-05 03:59:11,2013-09-11 05:35:17,False,False,False,False,False,True,False
27,25 - 45,High,1,-1.0,8,0,0,2013-02-01 03:25:36,2013-02-03 02:50:32,False,False,False,False,False,True,False
48,Greater than 45,Low,0,-1.0,2,0,0,2014-01-23 09:26:28,2014-01-24 09:36:51,False,True,False,False,False,True,False
52,Greater than 45,Low,0,0.0,1,0,0,2013-02-24 03:25:29,2013-02-25 01:51:43,False,False,False,False,False,True,True
49,Greater than 45,Medium,3,0.0,5,0,0,2013-10-15 12:10:18,2013-10-19 05:47:48,False,False,False,False,False,True,False
64,Greater than 45,Low,0,-1.0,3,0,0,2013-01-11 08:49:41,2013-04-30 06:24:32,False,True,False,False,False,True,False
32,25 - 45,Low,1,-27.0,1,0,0,2013-06-26 07:47:32,2013-06-26 08:09:02,False,False,True,False,False,True,False
31,25 - 45,Low,0,-5.0,1,0,0,2013-03-13 03:41:11,2013-03-14 07:33:57,False,False,True,False,False,True,False
22,Less than 25,High,0,-1.0,8,0,0,2013-02-18 12:24:07,2013-04-17 10:32:09,False,True,False,False,False,True,False
29,25 - 45,Low,1,-1.0,4,0,0,2013-03-08 03:18:08,2013-03-22 08:45:58,False,True,False,False,False,True,False
29,25 - 45,Low,1,-2.0,3,0,0,2013-08-17 11:18:48,2013-08-18 02:02:42,False,True,False,False,False,True,False
26,25 - 45,Low,0,0.0,4,0,0,2013-08-27 05:05:13,2013-08-27 06:56:41,False,False,False,False,False,True,False
55,Greater than 45,Low,0,-1.0,1,0,0,2013-02-19 09:53:34,2013-02-20 06:33:27,False,True,False,False,False,True,False
26,25 - 45,Medium,1,-1.0,5,1,0,2013-10-09 07:03:47,2013-10-10 10:04:05,False,False,False,False,False,True,False
23,Less than 25,Medium,1,0.0,6,0,0,2014-03-26 01:42:17,2014-03-27 03:07:45,False,True,False,False,False,False,True
28,25 - 45,Low,1,-9.0,2,0,0,2013-01-27 07:59:24,2013-02-05 01:27:22,False,False,True,False,False,True,False
57,Greater than 45,High,28,0.0,10,1,1,2014-04-10 01:28:12,2014-04-12 05:32:50,False,False,False,False,False,True,False
61,Greater than 45,Low,1,0.0,1,0,0,2013-01-26 12:29:59,2013-01-26 08:38:29,False,True,False,False,False,False,True
44,25 - 45,Medium,2,-1.0,5,0,0,2013-09-15 02:38:49,2013-09-17 07:18:54,False,False,False,False,False,True,False
21,Less than 25,High,0,-5.0,10,1,1,2013-02-14 06:35:26,2013-02-15 07:40:52,False,False,False,False,False,True,False
30,25 - 45,Low,1,-1.0,2,0,0,2013-10-16 08:02:20,2014-01-08 01:09:58,False,False,False,False,False,True,False
38,25 - 45,Low,0,-1.0,1,0,0,2013-11-02 06:52:51,2013-11-03 04:33:47,False,False,True,False,False,False,False
49,Greater than 45,Medium,4,0.0,5,0,0,2013-05-25 12:09:30,2013-05-29 05:21:54,False,True,False,False,False,False,False
31,25 - 45,High,4,0.0,8,1,1,2013-11-28 02:42:55,2013-11-30 02:26:32,False,True,False,False,False,True,False
29,25 - 45,Low,0,-3.0,3,0,0,2013-05-31 11:18:22,2013-06-01 09:00:05,False,False,True,False,False,False,True
27,25 - 45,Low,0,0.0,2,0,0,2014-02-20 02:52:25,2014-02-25 06:09:33,False,True,False,False,False,False,False
27,25 - 45,Low,1,-1.0,2,1,0,2013-03-12 05:14:38,2013-03-13 01:33:25,False,False,False,False,False,True,False
44,25 - 45,Low,0,-1.0,1,0,0,2013-04-18 02:39:42,2013-04-18 07:19:45,False,True,False,False,False,True,True
51,Greater than 45,Low,1,-30.0,2,0,0,2013-05-18 09:53:45,2013-05-19 12:59:16,False,True,False,False,False,False,True
32,25 - 45,Low,0,-1.0,1,0,0,2013-03-06 08:29:29,2013-03-07 08:09:09,False,False,True,False,False,True,True
21,Less than 25,Low,1,-1.0,3,0,0,2013-03-11 06:25:15,2013-03-12 12:35:34,False,True,False,False,False,True,False
66,Greater than 45,Low,0,-1.0,1,0,0,2013-04-06 11:23:02,2013-04-07 01:22:00,False,True,False,False,False,True,True
25,25 - 45,Low,2,-1.0,3,1,1,2013-03-16 01:12:33,2013-03-17 02:03:07,False,False,True,False,False,True,True
37,25 - 45,Low,0,-1.0,3,0,0,2013-11-07 02:53:47,2013-11-07 09:00:57,False,True,False,False,False,False,True
30,25 - 45,Low,0,-1.0,1,0,0,2013-12-06 07:43:48,2013-12-07 05:08:06,False,False,False,False,True,True,False
33,25 - 45,Medium,6,-1.0,6,0,0,2013-02-17 07:07:48,2013-02-18 02:48:50,False,False,False,False,False,True,False
38,25 - 45,High,19,-4.0,9,1,1,2013-06-01 09:43:13,2013-06-02 08:07:58,False,False,False,False,False,True,False
33,25 - 45,Low,3,-1.0,2,0,0,2014-03-08 08:06:02,2014-03-09 12:18:04,False,False,False,False,False,False,True
25,25 - 45,Low,0,-1.0,3,0,0,2013-12-25 01:14:05,2013-12-26 01:09:50,False,True,False,False,False,False,True
45,Greater than 45,Low,0,-1.0,1,0,0,2014-03-11 04:52:30,2014-03-12 08:48:41,False,False,False,False,True,True,True
28,25 - 45,Medium,1,-1.0,6,0,0,2013-10-27 07:38:34,2013-10-28 07:32:59,False,False,False,False,False,True,False
36,25 - 45,Medium,0,0.0,6,0,0,2013-02-09 04:56:26,2013-02-10 01:22:54,False,False,False,False,False,False,True
20,Less than 25,Medium,0,0.0,6,0,0,2013-12-07 03:39:31,2013-12-07 07:28:49,False,False,False,False,False,False,False
46,Greater than 45,Low,13,-1.0,3,0,0,2013-01-02 05:11:36,2013-05-24 03:31:20,False,False,True,False,False,True,False
49,Greater than 45,Low,0,0.0,1,0,0,2013-02-13 12:43:40,2013-02-13 07:55:01,False,True,False,False,False,True,False
39,25 - 45,Low,1,-1.0,4,0,0,2014-01-22 01:55:59,2014-01-29 08:33:18,False,True,False,False,False,False,False
33,25 - 45,Low,3,-1.0,4,0,0,2014-03-22 07:22:13,2014-03-23 09:07:58,False,False,False,False,False,False,True
43,25 - 45,Low,1,-30.0,1,0,0,2013-07-16 06:41:37,2013-07-17 07:35:00,False,True,False,False,False,True,False
41,25 - 45,High,19,0.0,8,1,0,2013-04-15 11:09:49,2013-11-21 11:14:00,False,False,False,False,False,True,False
23,Less than 25,Low,0,-1.0,2,0,0,2014-03-01 02:14:47,2014-03-02 08:12:14,False,False,False,False,False,False,True
28,25 - 45,Medium,1,-1.0,7,1,0,2013-02-01 10:36:23,2013-02-11 06:46:31,False,True,False,False,False,False,False
23,Less than 25,High,4,-1.0,10,0,0,2013-02-10 05:11:00,2013-03-13 05:49:48,False,False,False,False,False,True,False
38,25 - 45,Medium,15,0.0,7,1,0,2014-01-24 04:04:57,2014-01-24 09:37:14,False,False,False,False,False,True,False
55,Greater than 45,Low,1,0.0,3,0,0,2013-02-19 03:15:37,2013-02-20 01:09:10,False,True,False,False,False,True,False
26,25 - 45,Low,2,-1.0,3,1,1,2013-01-29 12:36:15,2013-08-17 05:08:15,True,False,False,False,False,True,False
29,25 - 45,High,7,-1.0,9,0,0,2013-04-24 05:02:29,2013-04-25 09:15:28,False,False,False,False,False,True,False
42,25 - 45,Low,0,-1.0,3,0,0,2013-02-10 01:50:22,2013-02-12 09:14:42,False,True,False,False,False,True,True
64,Greater than 45,Low,0,-1.0,1,0,0,2013-10-29 11:55:33,2013-10-30 08:18:51,False,True,False,False,False,True,True
21,Less than 25,Medium,0,-1.0,7,0,0,2013-11-03 01:54:43,2013-11-05 05:54:27,False,True,False,False,False,False,False
27,25 - 45,High,6,-1.0,10,0,0,2013-02-02 06:25:19,2013-02-03 06:39:00,False,False,False,False,False,True,True
38,25 - 45,Low,1,-1.0,1,1,1,2014-07-09 06:45:49,2014-07-10 01:39:26,False,True,False,False,False,True,False
52,Greater than 45,Low,0,-1.0,1,0,0,2013-02-15 07:20:36,2013-02-16 07:12:26,False,False,False,False,False,True,False
58,Greater than 45,Low,0,-1.0,1,0,0,2013-10-01 08:09:05,2013-10-03 12:13:46,False,False,False,False,False,True,False
36,25 - 45,Medium,4,-1.0,6,1,1,2014-05-05 07:23:18,2014-05-07 03:34:51,False,False,False,False,False,False,True
26,25 - 45,Low,3,-4.0,4,1,0,2013-04-11 01:25:44,2013-04-13 08:03:53,False,True,False,False,False,True,True
29,25 - 45,Medium,0,0.0,6,0,0,2013-11-20 02:07:01,2013-11-21 03:36:00,False,False,False,False,False,True,False
51,Greater than 45,Medium,14,-11.0,5,0,0,2014-01-24 12:28:43,2014-02-01 10:20:54,False,False,False,False,False,True,False
25,25 - 45,Medium,1,-1.0,5,0,0,2013-12-24 08:20:02,2013-12-25 12:46:17,False,True,False,False,False,True,False
23,Less than 25,Low,0,0.0,3,0,0,2014-01-28 02:07:15,2014-01-28 08:01:14,False,False,False,False,False,False,True
28,25 - 45,Low,1,-1.0,3,1,1,2013-12-26 05:11:53,2013-12-27 08:03:01,False,False,False,False,False,True,True
24,Less than 25,Low,0,-1.0,2,0,0,2014-01-22 10:18:38,2014-01-23 02:17:27,False,False,False,False,False,True,True
21,Less than 25,Medium,0,-1.0,7,1,0,2013-10-28 10:17:17,2013-10-29 02:28:05,False,False,False,False,False,True,False
28,25 - 45,Low,0,-1.0,2,0,0,2013-01-31 04:31:47,2013-02-05 09:12:13,False,False,False,False,False,True,True
23,Less than 25,High,1,-1.0,9,0,0,2013-04-17 03:45:44,2013-04-18 09:35:33,False,False,False,False,False,False,False
48,Greater than 45,Low,4,-1.0,2,0,0,2013-03-17 04:45:11,2013-03-18 07:05:54,False,False,False,False,True,True,False
28,25 - 45,Medium,3,-1.0,5,0,0,2013-02-15 07:09:29,2013-02-16 01:16:11,False,False,True,False,False,True,True
26,25 - 45,Medium,1,-1.0,5,0,0,2014-01-21 05:58:42,2014-01-22 09:20:42,False,False,False,False,False,False,False
34,25 - 45,Low,3,-1.0,1,0,0,2013-10-22 09:14:51,2013-10-23 11:28:30,False,True,False,False,False,True,False
24,Less than 25,Low,0,0.0,3,0,0,2014-01-29 03:03:39,2014-01-29 07:47:54,False,True,False,False,False,False,True
30,25 - 45,Medium,1,0.0,7,0,0,2013-03-02 01:19:52,2013-05-11 04:23:17,False,False,False,False,False,True,False
25,25 - 45,Low,1,0.0,2,0,0,2013-12-18 02:16:46,2013-12-18 08:23:35,False,False,False,False,False,True,True
46,Greater than 45,Low,0,-1.0,1,0,0,2013-09-05 08:34:14,2013-09-06 08:59:40,False,True,False,False,False,True,False
42,25 - 45,Low,0,-3.0,1,0,0,2013-06-29 10:35:16,2013-07-01 02:17:11,False,True,False,False,False,False,False
24,Less than 25,Low,0,-1.0,4,0,0,2013-01-14 12:16:45,2013-02-02 02:34:30,False,True,False,False,False,True,False
55,Greater than 45,Low,0,-1.0,1,0,0,2013-12-06 11:16:06,2013-12-07 07:45:33,False,True,False,False,False,True,True
65,Greater than 45,Low,0,-1.0,1,0,0,2013-04-24 07:03:33,2013-04-25 01:08:21,False,True,False,False,False,False,False
31,25 - 45,Low,1,0.0,1,1,0,2013-08-26 02:58:09,2013-08-26 01:26:58,False,True,False,False,False,True,True
24,Less than 25,Medium,0,-1.0,6,1,1,2014-06-13 01:32:16,2014-07-03 10:09:04,False,False,False,False,False,True,True
29,25 - 45,Low,1,-1.0,3,0,0,2013-12-07 07:49:30,2013-12-08 01:53:16,False,True,False,False,False,True,True
32,25 - 45,Low,0,-1.0,1,0,0,2013-11-17 05:08:44,2013-11-18 02:11:05,False,False,False,False,True,True,False
54,Greater than 45,Medium,4,-1.0,5,1,1,2013-03-16 11:33:04,2013-06-03 08:21:57,False,False,False,False,False,True,True
52,Greater than 45,Low,0,-1.0,1,0,0,2013-08-03 08:41:11,2013-08-04 08:02:48,False,True,False,False,False,True,True
36,25 - 45,Low,0,0.0,1,0,0,2013-01-01 07:58:34,2013-02-06 11:17:21,False,True,False,False,False,True,False
30,25 - 45,Medium,3,0.0,5,0,0,2014-01-17 04:30:08,2014-01-18 03:33:37,False,True,False,False,False,False,False
64,Greater than 45,Low,8,-4.0,4,1,1,2014-10-24 07:26:34,2014-10-25 06:30:06,False,False,False,False,False,True,True
22,Less than 25,High,4,0.0,9,1,1,2013-09-15 03:07:01,2013-09-17 03:55:23,False,False,False,False,False,False,False
31,25 - 45,Low,0,-1.0,2,0,0,2013-09-21 09:12:18,2013-09-22 08:15:55,False,False,False,False,False,True,True
27,25 - 45,Medium,4,-1.0,5,1,1,2014-10-26 10:19:20,2014-10-28 04:09:18,False,False,False,False,False,True,False
47,Greater than 45,Low,6,0.0,2,0,0,2013-10-07 03:07:53,2013-10-12 05:24:47,False,False,False,False,False,True,False
30,25 - 45,Low,1,-1.0,1,0,0,2013-08-25 09:40:47,2013-08-27 05:13:19,False,False,False,False,True,True,False
42,25 - 45,Low,0,-1.0,1,0,0,2013-12-19 12:18:58,2013-12-20 08:03:46,False,False,False,False,False,True,False
39,25 - 45,Low,0,-1.0,1,1,0,2013-05-11 03:06:34,2013-05-12 07:30:59,False,False,False,False,False,True,True
36,25 - 45,Medium,1,-1.0,5,0,0,2013-12-15 10:34:57,2013-12-19 10:27:31,False,False,True,False,False,True,True
24,Less than 25,Medium,1,-1.0,7,0,0,2013-01-25 07:16:34,2013-01-26 07:21:49,False,True,False,False,False,True,False
44,25 - 45,Low,3,0.0,1,0,0,2013-03-30 04:02:21,2013-03-30 08:06:38,False,True,False,False,False,True,False
30,25 - 45,Low,0,0.0,1,0,0,2013-04-26 04:51:20,2013-04-26 01:38:42,False,True,False,False,False,True,True
35,25 - 45,Low,6,-1.0,3,0,0,2013-10-14 07:50:41,2013-10-15 01:24:28,False,False,False,False,False,True,False
21,Less than 25,Medium,1,-1.0,6,0,0,2014-01-29 07:19:41,2014-01-31 03:52:13,False,True,False,False,False,False,False
34,25 - 45,Medium,1,-14.0,5,0,0,2014-02-10 02:20:42,2014-02-11 09:23:53,False,True,False,False,False,True,True
22,Less than 25,Medium,1,28.0,7,1,1,2013-01-29 05:28:37,2013-01-30 09:38:30,False,False,False,False,False,True,True
32,25 - 45,High,4,-1.0,10,0,0,2013-07-31 10:15:26,2013-08-04 09:42:54,False,False,False,False,False,True,False
37,25 - 45,Low,0,-1.0,1,0,0,2013-11-24 08:53:31,2013-11-25 08:20:59,False,False,False,False,True,True,True
56,Greater than 45,Medium,16,-1.0,5,0,0,2013-02-16 11:36:19,2013-02-17 01:39:22,False,False,False,False,False,True,False
36,25 - 45,Low,0,-7.0,1,0,0,2013-11-05 07:01:36,2013-11-06 08:05:18,False,False,True,False,False,True,True
35,25 - 45,Medium,7,-1.0,6,0,0,2014-02-10 05:03:39,2014-02-11 08:51:34,False,False,False,False,False,True,False
29,25 - 45,Low,1,-1.0,4,0,0,2013-09-05 06:24:46,2013-09-06 03:39:35,False,False,True,False,False,True,False
61,Greater than 45,Low,5,-13.0,2,0,0,2013-01-11 04:45:49,2013-01-23 08:42:55,False,False,False,False,False,True,False
42,25 - 45,Low,4,0.0,1,0,0,2013-12-29 04:03:24,2013-12-29 07:27:08,False,False,False,False,False,True,True
31,25 - 45,Low,3,-1.0,1,1,1,2013-05-03 12:37:24,2013-05-04 05:39:19,False,False,False,False,True,True,True
24,Less than 25,Low,2,0.0,2,0,0,2014-03-27 03:28:49,2014-03-27 08:33:05,False,True,False,False,False,True,True
38,25 - 45,Low,3,-1.0,4,0,0,2013-02-07 08:57:01,2013-02-08 09:37:20,False,False,False,False,False,True,False
52,Greater than 45,Low,1,-1.0,1,0,0,2013-01-11 10:25:43,2013-01-12 01:20:11,False,True,False,False,False,True,False
44,25 - 45,Medium,3,-1.0,6,0,0,2013-05-15 09:10:58,2013-05-18 05:34:59,False,False,False,False,False,True,True
31,25 - 45,Low,0,-1.0,4,0,0,2013-02-20 08:50:03,2013-05-09 06:18:55,False,True,False,False,False,True,False
22,Less than 25,Medium,0,-1.0,5,0,0,2013-10-24 03:53:21,2013-10-25 02:25:57,False,True,False,False,False,False,True
25,25 - 45,Medium,6,-1.0,7,0,0,2013-08-16 10:52:42,2013-09-18 05:34:14,False,False,False,False,False,True,True
29,25 - 45,Low,2,0.0,3,0,0,2013-01-22 12:12:24,2013-01-24 11:34:19,False,True,False,False,False,True,False
32,25 - 45,Low,1,-7.0,1,1,1,2014-01-14 10:07:59,2014-01-15 01:58:04,False,True,False,False,False,True,False
27,25 - 45,Medium,0,-1.0,5,0,0,2013-04-18 10:25:11,2013-04-19 07:26:45,False,True,False,False,False,True,False
34,25 - 45,Low,1,0.0,1,0,0,2014-02-04 03:26:12,2014-02-04 08:29:18,False,True,False,False,False,True,True
25,25 - 45,Medium,0,0.0,5,0,0,2013-03-02 01:54:09,2013-03-04 09:44:28,False,False,False,False,False,True,False
27,25 - 45,Medium,4,-1.0,6,0,0,2013-11-19 12:22:07,2013-11-21 04:24:00,False,False,False,False,False,True,True
24,Less than 25,High,7,-1.0,9,0,0,2014-02-11 05:51:08,2014-02-12 08:36:39,False,False,False,False,False,False,False
72,Greater than 45,Low,1,-23.0,1,0,0,2013-05-25 07:53:47,2013-05-26 08:34:25,False,True,False,False,False,True,True
28,25 - 45,Low,0,0.0,4,0,0,2013-04-20 05:28:13,2013-04-20 07:17:54,False,False,True,False,False,True,False
30,25 - 45,Low,0,-1.0,1,0,0,2013-10-28 04:30:30,2013-10-30 09:15:16,False,False,False,False,False,True,False
34,25 - 45,Medium,1,-1.0,6,0,0,2013-04-25 10:30:51,2013-04-28 06:19:11,False,True,False,False,False,True,False
27,25 - 45,Low,1,-1.0,2,0,0,2014-01-28 08:05:58,2014-01-29 09:07:24,False,False,False,False,False,True,False
24,Less than 25,Medium,5,-22.0,5,1,1,2013-11-19 12:51:43,2013-11-25 10:05:19,False,True,False,False,False,True,False
20,Less than 25,Medium,0,-1.0,5,0,0,2013-09-09 08:08:27,2013-09-10 07:49:28,False,False,False,False,False,False,True
46,Greater than 45,High,2,-1.0,9,0,0,2013-02-25 08:20:16,2013-02-26 06:41:08,False,False,False,False,False,True,False
27,25 - 45,Low,1,0.0,1,0,0,2013-11-12 01:08:55,2013-11-13 02:28:14,False,True,False,False,False,True,False
28,25 - 45,Medium,2,0.0,6,0,0,2013-10-15 01:07:08,2013-10-15 08:16:41,False,True,False,False,False,True,False
44,25 - 45,High,8,-1.0,8,1,1,2014-05-08 12:27:25,2014-05-18 04:40:00,False,False,False,False,False,True,True
32,25 - 45,Low,1,-3.0,2,0,0,2013-03-22 08:37:29,2013-03-23 07:50:59,False,False,True,False,False,False,False
21,Less than 25,Medium,0,0.0,7,1,1,2014-10-04 05:09:06,2014-10-04 07:38:51,False,False,False,False,False,False,False
45,Greater than 45,Low,1,-1.0,1,0,0,2013-01-17 11:36:51,2013-01-18 09:16:04,False,False,False,False,True,True,False
61,Greater than 45,Low,12,-1.0,3,0,0,2013-02-05 05:43:08,2013-10-05 05:26:21,False,False,False,False,False,True,False
26,25 - 45,High,3,0.0,10,1,1,2014-06-24 01:15:54,2014-07-07 08:48:40,False,False,False,False,False,True,False
53,Greater than 45,Low,8,-1.0,4,0,0,2013-01-03 03:26:52,2013-01-08 12:29:25,False,True,False,False,False,True,True
57,Greater than 45,Low,0,-1.0,1,0,0,2013-10-02 02:21:50,2013-10-03 08:05:30,False,True,False,False,False,True,True
49,Greater than 45,Low,2,-1.0,1,0,0,2014-01-12 07:53:09,2014-01-14 03:31:14,False,False,False,False,False,True,False
48,Greater than 45,Low,1,0.0,1,0,0,2013-02-28 02:24:37,2013-08-14 11:30:08,False,False,True,False,False,True,True
26,25 - 45,Low,0,-1.0,2,0,0,2013-08-21 09:03:22,2013-08-22 08:18:17,False,False,False,False,False,True,True
23,Less than 25,Medium,2,-1.0,7,0,0,2013-02-03 05:45:03,2013-02-08 11:19:06,False,False,False,False,False,True,True
32,25 - 45,Medium,3,-1.0,5,0,0,2013-01-14 11:55:12,2013-05-15 11:06:59,False,True,False,False,False,True,False
32,25 - 45,Low,0,0.0,1,0,0,2013-03-01 03:05:20,2013-03-01 08:05:57,False,True,False,False,False,True,False
27,25 - 45,High,3,-1.0,8,1,1,2014-08-28 12:41:52,2014-08-29 01:55:31,False,False,False,False,False,True,False
52,Greater than 45,Medium,6,0.0,7,0,0,2013-05-23 01:18:11,2013-06-25 08:29:01,False,True,False,False,False,False,True
25,25 - 45,High,2,16.0,9,1,1,2014-01-31 12:17:38,2014-02-01 09:34:23,False,True,False,False,False,False,False
23,Less than 25,Low,0,-1.0,3,0,0,2013-03-23 09:45:20,2013-03-24 06:30:07,False,True,False,False,False,False,True
41,25 - 45,Low,0,-1.0,3,0,0,2013-05-09 05:59:32,2013-05-10 10:01:12,False,True,False,False,False,False,False
36,25 - 45,Low,0,0.0,1,0,0,2013-03-13 02:27:45,2013-03-13 07:08:18,False,False,False,False,False,True,False
27,25 - 45,Low,3,-1.0,3,0,0,2014-03-15 03:18:42,2014-03-27 08:42:37,False,False,False,False,False,True,False
50,Greater than 45,Low,1,-1.0,1,0,0,2013-08-29 06:41:54,2013-08-30 08:31:24,False,False,False,False,False,False,False
31,25 - 45,Low,0,-1.0,1,1,1,2014-11-21 08:37:59,2014-11-22 08:22:21,False,True,False,False,False,True,True
29,25 - 45,High,11,-1.0,10,0,0,2013-02-27 10:06:03,2013-02-28 07:41:24,False,False,False,False,False,True,True
36,25 - 45,Low,0,0.0,1,0,0,2014-03-20 05:28:52,2014-03-20 10:13:58,False,False,False,False,False,False,True
73,Greater than 45,Low,0,-1.0,1,0,0,2014-03-26 01:18:07,2014-03-27 01:44:58,False,True,False,False,False,True,True
22,Less than 25,Low,1,0.0,2,0,0,2013-09-13 04:22:12,2013-09-13 10:02:49,True,False,False,False,False,True,True
34,25 - 45,Low,0,-1.0,1,1,1,2013-03-30 06:53:38,2013-04-01 12:45:32,False,False,False,False,False,True,True
35,25 - 45,Medium,4,-1.0,5,0,0,2013-08-23 11:46:10,2013-08-25 12:15:56,False,False,False,False,False,False,False
35,25 - 45,Medium,8,-1.0,6,0,0,2013-08-01 07:39:02,2013-08-10 07:34:46,False,False,False,False,False,True,True
49,Greater than 45,Low,3,0.0,2,0,0,2013-04-13 03:06:25,2013-04-14 04:33:37,False,False,False,False,False,True,False
29,25 - 45,Low,4,-1.0,2,1,0,2013-10-09 04:48:19,2013-10-10 08:39:57,False,False,False,False,False,True,False
34,25 - 45,Medium,1,0.0,7,0,0,2013-02-24 12:31:37,2013-02-24 09:00:27,False,False,False,False,False,True,False
34,25 - 45,High,21,-1.0,10,1,1,2013-12-07 10:49:28,2013-12-13 05:26:14,False,False,False,False,False,True,True
24,Less than 25,High,1,-1.0,9,0,0,2013-02-06 10:07:57,2013-02-10 04:53:33,False,False,False,False,False,False,False
25,25 - 45,High,1,0.0,9,0,0,2013-02-08 03:23:59,2013-04-08 04:29:04,False,True,False,False,False,True,False
23,Less than 25,High,3,-1.0,9,1,1,2013-01-16 09:46:14,2013-03-01 09:56:04,False,False,False,False,False,True,False
24,Less than 25,Low,1,-8.0,2,0,0,2013-09-15 11:32:16,2013-09-18 09:20:54,False,True,False,False,False,True,True
42,25 - 45,Low,0,-7.0,1,0,0,2013-07-10 08:16:29,2013-07-13 03:05:27,False,True,False,False,False,True,False
38,25 - 45,Low,0,0.0,2,0,0,2013-01-13 03:01:20,2013-01-14 08:35:03,False,False,True,False,False,True,False
37,25 - 45,Low,3,-14.0,2,0,0,2013-05-16 08:42:26,2013-05-23 06:52:01,False,True,False,False,False,True,False
21,Less than 25,High,0,-1.0,9,0,0,2013-05-13 01:34:59,2013-05-18 02:09:44,False,False,False,False,False,True,False
25,25 - 45,High,0,-1.0,9,0,0,2014-03-31 11:29:30,2014-04-01 01:23:09,False,True,False,False,False,True,True
44,25 - 45,Low,2,-1.0,2,0,0,2013-03-28 05:17:58,2013-03-29 09:19:00,False,False,True,False,False,True,False
41,25 - 45,Medium,7,0.0,7,1,1,2013-10-31 01:40:09,2013-11-01 09:24:26,False,False,False,False,False,True,True
51,Greater than 45,Medium,5,0.0,7,0,0,2013-02-22 12:10:28,2013-02-27 05:48:51,False,False,False,False,False,True,True
40,25 - 45,Medium,3,-1.0,7,0,0,2013-05-18 09:53:50,2013-05-31 10:07:03,False,False,False,False,False,True,False
22,Less than 25,High,0,-1.0,10,0,0,2013-05-09 06:01:25,2013-05-13 03:50:36,False,False,False,False,False,True,True
22,Less than 25,High,3,-1.0,9,0,0,2013-01-11 05:12:24,2013-02-14 04:12:48,False,False,False,False,False,True,False
25,25 - 45,Low,1,-13.0,3,0,0,2013-08-22 05:18:15,2013-09-04 05:19:31,False,False,False,False,False,False,False
38,25 - 45,Low,0,-1.0,1,0,0,2013-05-26 10:41:56,2013-06-05 09:47:42,False,False,False,False,False,True,False
56,Greater than 45,Low,1,-1.0,1,0,0,2013-12-17 05:46:51,2013-12-18 10:30:00,False,False,False,False,False,True,False
41,25 - 45,Medium,5,-1.0,5,0,0,2014-02-06 05:13:21,2014-02-07 01:43:46,False,False,False,False,False,True,True
50,Greater than 45,Low,0,0.0,1,0,0,2013-09-30 12:58:02,2013-10-02 07:23:30,False,True,False,False,False,False,True
44,25 - 45,Low,0,0.0,1,0,0,2013-09-11 04:56:33,2013-09-11 08:34:19,False,False,False,False,False,False,False
29,25 - 45,Low,0,0.0,1,0,0,2013-12-28 05:20:25,2014-01-11 05:07:00,False,True,False,False,False,True,False
26,25 - 45,High,8,-1.0,10,1,1,2013-03-22 06:22:56,2013-05-03 03:49:00,False,True,False,False,False,True,False
53,Greater than 45,Low,0,-1.0,1,0,0,2014-02-02 01:42:38,2014-02-03 01:14:46,False,False,False,False,True,True,True
29,25 - 45,Medium,6,-1.0,6,1,1,2014-04-23 02:44:54,2014-04-24 03:44:57,False,False,False,False,False,True,False
31,25 - 45,High,1,-1.0,10,0,0,2013-09-11 03:42:34,2013-09-12 01:29:57,False,False,False,False,False,True,False
26,25 - 45,Low,0,0.0,2,0,0,2013-02-04 05:18:52,2013-02-05 08:10:46,False,True,False,False,False,True,True
35,25 - 45,High,1,-1.0,8,0,0,2013-09-05 12:59:53,2013-09-06 01:34:22,False,False,False,False,False,True,False
59,Greater than 45,Low,3,-3.0,1,0,0,2013-05-12 05:17:01,2013-05-14 07:57:33,False,True,False,False,False,True,True
34,25 - 45,Low,0,-1.0,2,0,0,2013-10-14 03:41:56,2014-01-30 04:50:11,False,False,False,False,True,True,False
43,25 - 45,Low,1,0.0,3,0,0,2014-02-15 03:04:19,2014-02-17 01:40:03,False,False,False,False,False,True,False
43,25 - 45,Low,0,-1.0,1,0,0,2013-05-13 11:41:46,2013-05-14 11:59:00,False,False,False,False,False,False,True
21,Less than 25,High,1,-1.0,8,0,0,2013-04-29 10:52:26,2013-04-30 07:18:46,False,False,False,False,False,True,False
71,Greater than 45,Low,13,-1.0,2,0,0,2013-08-17 11:16:45,2013-08-18 02:28:59,False,True,False,False,False,True,False
56,Greater than 45,Low,0,-2.0,1,0,0,2013-12-24 10:08:42,2013-12-25 11:53:05,False,False,True,False,False,True,False
31,25 - 45,Medium,0,-1.0,5,0,0,2013-08-29 03:49:10,2013-09-06 04:06:56,False,False,False,False,False,True,False
62,Greater than 45,Low,0,0.0,1,0,0,2013-10-11 04:48:23,2013-10-12 07:46:26,False,True,False,False,False,True,True
20,Less than 25,Low,0,-1.0,3,0,0,2014-02-03 11:53:10,2014-02-04 07:53:18,False,False,False,False,False,True,False
43,25 - 45,Medium,4,0.0,5,1,1,2014-06-29 03:34:28,2014-07-01 05:12:10,False,True,False,False,False,True,False
25,25 - 45,High,5,-1.0,10,1,1,2014-03-08 07:11:38,2014-04-12 08:35:12,False,True,False,False,False,True,False
26,25 - 45,Low,1,-1.0,4,0,0,2013-03-31 03:47:27,2013-04-01 06:11:22,False,False,False,False,True,True,True
59,Greater than 45,Low,0,-1.0,1,0,0,2013-11-17 10:33:58,2013-11-19 08:59:35,False,False,False,False,False,True,True
53,Greater than 45,Low,0,0.0,1,0,0,2014-02-06 05:04:01,2014-02-07 02:27:21,False,True,False,False,False,False,True
25,25 - 45,Medium,5,-3.0,7,0,0,2013-01-25 01:47:43,2013-01-25 09:37:49,False,True,False,False,False,False,False
46,Greater than 45,Low,1,-30.0,1,0,0,2013-09-25 12:39:53,2013-10-25 10:50:37,False,True,False,False,False,False,False
25,25 - 45,Medium,2,0.0,6,0,0,2013-03-19 03:36:03,2013-03-20 04:10:08,False,True,False,False,False,True,True
27,25 - 45,Medium,2,0.0,5,0,0,2013-03-09 02:19:02,2013-03-09 09:06:46,False,True,False,False,False,True,False
31,25 - 45,Medium,6,-1.0,5,1,1,2013-11-16 07:12:12,2013-11-17 08:28:54,False,True,False,False,False,True,False
31,25 - 45,High,14,-1.0,8,0,0,2013-01-28 12:24:29,2013-01-30 07:55:23,False,False,False,False,False,False,False
24,Less than 25,Low,1,-1.0,2,1,0,2013-10-17 07:15:44,2013-10-18 08:16:42,False,True,False,False,False,True,True
65,Greater than 45,Low,0,0.0,1,0,0,2013-02-22 04:53:05,2013-02-23 04:06:29,False,True,False,False,False,True,True
41,25 - 45,Low,1,-1.0,4,1,1,2014-07-13 05:33:05,2014-09-09 05:24:12,False,True,False,False,False,True,False
22,Less than 25,Low,0,-1.0,3,0,0,2013-09-30 02:52:30,2013-09-30 02:08:31,False,True,False,False,False,False,True
45,Greater than 45,Low,11,-1.0,3,0,0,2013-12-14 09:06:52,2013-12-15 08:50:15,False,False,False,False,False,True,False
23,Less than 25,Low,0,-1.0,2,0,0,2013-12-25 01:48:57,2013-12-26 01:13:22,False,True,False,False,False,True,True
23,Less than 25,Low,0,-1.0,4,0,0,2013-04-13 12:17:02,2013-04-14 07:40:07,False,False,False,False,False,False,True
34,25 - 45,Low,5,-1.0,2,1,1,2013-04-19 03:20:12,2013-04-25 05:18:59,False,True,False,False,False,True,True
19,Less than 25,High,1,-12.0,9,1,0,2013-09-11 07:10:26,2013-09-16 06:40:29,False,False,True,False,False,True,False
23,Less than 25,Medium,1,-1.0,6,0,0,2013-02-22 09:55:37,2013-03-30 04:46:32,False,False,False,False,False,True,False
38,25 - 45,High,0,-1.0,8,0,0,2013-01-26 08:27:54,2013-01-31 08:48:08,False,False,False,False,False,True,False
34,25 - 45,High,14,-1.0,9,0,0,2013-09-09 10:18:23,2013-09-13 08:09:26,False,False,False,False,False,False,False
57,Greater than 45,Low,1,0.0,1,0,0,2013-10-25 09:20:19,2013-11-14 02:05:31,False,False,True,False,False,True,False
26,25 - 45,Medium,2,-1.0,5,0,0,2013-02-08 10:04:37,2013-02-09 01:03:16,False,True,False,False,False,True,False
35,25 - 45,Low,0,-1.0,3,0,0,2013-08-27 08:38:36,2013-08-29 05:49:45,False,False,True,False,False,True,False
40,25 - 45,Low,11,-1.0,3,1,1,2013-10-21 04:00:29,2013-10-21 08:15:51,False,False,False,False,False,True,True
30,25 - 45,Low,0,0.0,1,0,0,2014-03-10 03:07:16,2014-03-10 09:40:37,False,False,False,False,False,True,True
31,25 - 45,Low,0,-1.0,4,0,0,2013-12-21 10:04:52,2013-12-22 01:15:23,False,False,False,False,False,True,True
54,Greater than 45,Low,0,0.0,1,0,0,2013-01-31 12:10:19,2013-01-31 07:49:24,False,False,False,False,False,True,True
54,Greater than 45,Low,14,-1.0,4,1,1,2014-04-08 09:56:20,2014-05-06 10:12:47,False,True,False,False,False,True,True
32,25 - 45,High,12,-1.0,9,1,1,2013-02-15 12:13:14,2013-02-17 01:27:01,False,False,False,False,False,True,False
39,25 - 45,Low,0,0.0,3,0,0,2013-09-09 02:46:49,2013-09-27 03:40:24,False,True,False,False,False,True,True
42,25 - 45,Low,1,0.0,1,1,1,2013-03-10 12:20:11,2013-05-01 07:11:16,False,False,True,False,False,True,False
35,25 - 45,Medium,2,-1.0,7,0,0,2014-03-21 03:10:20,2014-03-22 08:07:10,False,False,False,False,False,True,True
26,25 - 45,Medium,4,0.0,6,1,1,2014-10-28 01:38:25,2014-12-12 08:07:45,False,False,False,False,False,True,False
26,25 - 45,Medium,0,-2.0,5,0,0,2013-12-07 11:51:28,2013-12-08 02:29:07,False,True,False,False,False,True,True
31,25 - 45,Medium,0,-5.0,6,0,0,2013-10-27 06:08:06,2013-10-31 09:28:56,False,False,False,False,False,False,True
37,25 - 45,Low,0,-1.0,1,0,0,2014-02-12 08:58:01,2014-02-13 12:55:43,False,False,False,False,False,False,True
48,Greater than 45,Low,0,-1.0,1,0,0,2013-09-22 05:49:43,2013-09-24 04:27:36,False,False,False,False,True,True,True
27,25 - 45,High,4,-1.0,8,0,0,2013-03-11 08:04:33,2013-04-13 08:56:18,False,False,False,False,False,True,False
54,Greater than 45,Low,1,-22.0,2,0,0,2013-03-11 04:01:35,2013-03-11 07:47:17,False,True,False,False,False,False,True
20,Less than 25,Medium,0,-1.0,5,0,0,2014-02-04 10:17:09,2014-02-05 09:57:26,False,False,False,False,False,False,False
38,25 - 45,High,16,-1.0,9,1,1,2013-05-16 05:17:01,2014-01-13 02:08:20,False,False,False,False,False,True,False
62,Greater than 45,Low,0,-1.0,1,0,0,2013-08-18 04:20:46,2013-08-19 07:30:44,False,False,False,False,True,True,True
50,Greater than 45,Low,1,0.0,2,0,0,2013-10-28 01:20:34,2013-11-06 05:46:21,False,True,False,False,False,True,False
35,25 - 45,Low,1,-1.0,4,0,0,2013-01-16 11:55:37,2013-01-17 07:15:00,False,False,False,False,False,True,False
29,25 - 45,Low,0,0.0,2,0,0,2013-04-10 04:22:08,2013-04-11 05:07:05,False,False,False,False,False,True,True
51,Greater than 45,Low,2,-1.0,3,0,0,2013-09-08 09:34:56,2013-10-03 08:51:19,False,False,False,False,False,True,False
32,25 - 45,Low,4,0.0,2,1,1,2014-04-17 03:02:35,2014-04-18 04:10:58,False,True,False,False,False,True,True
27,25 - 45,Low,0,-1.0,1,0,0,2013-10-17 09:39:04,2013-10-18 07:48:37,False,False,False,False,True,True,True
24,Less than 25,Low,0,-1.0,4,0,0,2014-03-12 04:58:21,2014-03-13 09:56:12,False,False,False,False,True,False,False
38,25 - 45,Low,2,-1.0,3,1,1,2013-05-25 08:47:26,2013-05-28 01:16:45,False,False,False,False,False,True,False
26,25 - 45,Medium,2,-1.0,5,1,1,2013-08-20 08:29:26,2013-09-11 05:35:26,False,False,False,False,False,True,False
24,Less than 25,Low,0,-1.0,4,0,0,2013-04-24 04:48:41,2013-04-26 08:16:49,False,False,False,False,False,True,False
23,Less than 25,Low,0,0.0,3,0,0,2013-04-20 02:46:27,2013-04-21 04:15:10,False,False,False,False,False,True,False
22,Less than 25,Medium,3,20.0,5,1,1,2014-01-06 01:56:32,2014-08-08 10:08:29,False,False,False,False,False,True,False
39,25 - 45,Medium,1,-9.0,6,0,0,2014-01-05 09:54:57,2014-01-10 07:58:25,False,False,False,False,False,True,False
40,25 - 45,Low,2,-15.0,2,0,0,2013-07-02 03:42:01,2013-07-05 08:13:10,False,False,False,False,False,True,False
43,25 - 45,Medium,0,0.0,6,0,0,2013-11-24 12:15:06,2013-11-24 09:16:59,False,False,False,False,False,False,False
25,25 - 45,Medium,2,-1.0,5,0,0,2013-02-10 11:12:43,2013-02-12 12:21:21,False,True,False,False,False,True,False
24,Less than 25,High,8,-1.0,9,1,1,2013-05-15 06:50:18,2013-05-16 04:10:04,False,False,False,False,False,True,False
22,Less than 25,High,5,-2.0,8,1,1,2014-11-07 08:17:57,2014-11-12 04:12:00,False,True,False,False,False,True,False
29,25 - 45,Low,0,0.0,4,1,1,2014-03-26 12:14:14,2014-03-27 12:18:56,False,True,False,False,False,True,True
33,25 - 45,Low,5,0.0,4,0,0,2013-10-05 12:47:51,2013-10-05 07:14:01,False,False,False,False,False,True,False
61,Greater than 45,Low,1,0.0,4,0,0,2013-09-27 04:19:45,2013-09-28 05:16:53,False,True,False,False,False,True,False
29,25 - 45,Medium,8,-1.0,6,1,1,2014-08-28 09:55:48,2014-08-29 08:18:56,False,False,False,False,True,True,False
35,25 - 45,High,10,0.0,8,1,1,2013-05-19 12:58:48,2013-05-20 02:43:09,False,False,False,False,False,True,True
28,25 - 45,Low,0,0.0,2,0,0,2013-01-14 01:05:43,2013-01-14 06:50:40,False,False,False,False,False,False,True
32,25 - 45,Low,1,-1.0,2,0,0,2013-12-12 03:30:30,2013-12-14 04:07:22,False,True,False,False,False,False,False
36,25 - 45,Low,5,-1.0,3,0,0,2013-11-04 12:41:52,2013-11-08 04:57:49,False,True,False,False,False,True,False
29,25 - 45,Low,1,-1.0,2,0,0,2013-08-01 06:50:52,2013-08-02 02:08:47,False,False,False,False,False,False,True
53,Greater than 45,Medium,11,-1.0,6,0,0,2013-04-18 08:45:19,2013-08-06 09:11:16,False,False,False,False,False,True,False
27,25 - 45,Medium,1,0.0,5,0,0,2013-05-08 10:06:06,2013-06-04 06:24:40,False,False,False,False,False,False,False
28,25 - 45,High,6,-1.0,9,1,1,2013-11-12 07:13:43,2013-11-15 04:09:00,False,False,False,False,False,True,False
27,25 - 45,Low,0,0.0,2,0,0,2013-04-08 04:39:41,2013-04-09 02:11:14,False,False,False,False,False,False,True
40,25 - 45,Low,0,-1.0,1,1,1,2014-11-27 04:39:17,2014-11-28 01:49:05,False,True,False,False,False,True,True
26,25 - 45,High,10,0.0,8,1,1,2014-10-04 06:08:11,2014-10-05 02:46:08,False,True,False,False,False,True,True
37,25 - 45,Low,0,-1.0,1,0,0,2013-06-18 04:05:52,2013-06-19 10:46:07,False,False,False,False,False,False,False
21,Less than 25,Medium,1,0.0,7,0,0,2013-02-24 02:13:05,2013-02-27 08:20:45,False,False,False,False,False,True,False
32,25 - 45,High,8,-1.0,9,0,0,2013-09-16 06:50:38,2013-09-17 07:08:30,False,False,False,False,False,True,False
58,Greater than 45,Low,8,-1.0,2,0,0,2013-03-14 03:26:36,2013-03-15 06:34:03,False,True,False,False,False,True,True
56,Greater than 45,Low,1,-1.0,1,0,0,2013-05-15 06:33:00,2013-05-17 09:07:02,False,True,False,False,False,True,True
40,25 - 45,Medium,20,-1.0,7,0,0,2013-08-26 05:08:09,2013-08-27 06:56:09,False,False,False,False,False,True,False
52,Greater than 45,Medium,0,-1.0,6,1,1,2014-11-27 09:00:13,2014-12-01 10:10:14,False,False,False,False,False,True,True
23,Less than 25,Medium,3,-1.0,7,0,0,2014-01-01 07:02:36,2014-01-02 09:18:31,False,True,False,False,False,True,True
41,25 - 45,Low,7,0.0,4,0,0,2013-09-04 10:54:08,2013-09-05 07:50:31,False,False,False,False,False,True,False
25,25 - 45,High,3,-23.0,10,0,0,2014-01-04 03:28:31,2014-01-05 08:57:38,False,False,False,False,False,False,True
43,25 - 45,Medium,0,-1.0,5,0,0,2013-01-31 08:25:07,2013-02-03 08:56:37,False,False,False,False,False,True,False
26,25 - 45,Medium,9,-1.0,7,1,1,2013-01-29 07:56:52,2013-02-09 12:41:02,False,False,False,False,False,True,False
68,Greater than 45,Medium,7,-1.0,7,1,1,2013-02-05 05:11:31,2013-02-10 10:00:25,False,True,False,False,False,True,False
22,Less than 25,Medium,1,-1.0,6,0,0,2013-08-08 01:54:57,2013-08-09 08:15:00,False,False,False,False,False,True,False
23,Less than 25,Low,1,-1.0,2,0,0,2014-03-28 11:35:16,2014-03-29 09:58:14,False,True,False,False,False,True,True
67,Greater than 45,Low,8,-1.0,4,0,0,2014-03-01 09:29:59,2014-03-03 02:05:54,False,False,False,False,False,True,False
46,Greater than 45,Low,4,-8.0,1,0,0,2013-08-19 03:15:35,2013-08-27 10:56:34,False,False,False,False,False,True,False
28,25 - 45,Low,6,-1.0,1,0,0,2014-02-24 10:38:25,2014-02-25 09:41:08,False,False,False,False,False,True,False
44,25 - 45,Medium,0,-1.0,5,0,0,2013-01-08 05:46:22,2013-02-11 09:37:00,False,False,False,False,False,True,True
28,25 - 45,Low,0,-1.0,4,0,0,2013-08-25 01:21:23,2013-08-25 08:19:25,False,False,True,False,False,True,False
29,25 - 45,Low,2,-1.0,2,1,1,2014-01-07 08:32:58,2014-01-08 12:24:55,False,False,False,False,False,True,False
39,25 - 45,Low,2,-26.0,1,0,0,2013-09-26 06:13:26,2013-09-29 02:36:41,False,True,False,False,False,True,True
23,Less than 25,Medium,2,-1.0,7,0,0,2013-01-15 04:57:11,2013-02-02 11:24:05,False,False,False,False,False,True,False
52,Greater than 45,Low,0,-1.0,1,0,0,2014-01-16 01:59:29,2014-01-18 12:04:19,False,False,False,False,False,False,False
36,25 - 45,Low,5,17.0,3,0,0,2013-11-16 02:26:39,2013-11-27 05:46:49,False,False,False,False,False,True,False
22,Less than 25,Medium,0,-1.0,5,1,0,2013-01-20 04:48:05,2013-01-22 08:48:56,False,False,False,False,False,True,True
26,25 - 45,Medium,5,-1.0,6,0,0,2013-09-03 01:43:48,2013-09-04 04:59:20,False,False,False,False,False,True,False
23,Less than 25,Low,0,0.0,3,0,0,2014-03-20 03:17:09,2014-03-20 09:58:54,False,True,False,False,False,True,False
27,25 - 45,Low,0,0.0,3,0,0,2013-01-24 01:34:36,2013-01-24 06:22:19,False,False,True,False,False,False,True
28,25 - 45,Low,3,-1.0,2,0,0,2013-08-23 12:58:10,2013-08-24 09:05:06,False,False,False,False,False,True,False
70,Greater than 45,Low,1,-13.0,1,0,0,2013-04-05 11:19:07,2013-04-18 10:45:47,False,True,False,False,False,True,True
25,25 - 45,Medium,0,0.0,5,0,0,2013-02-06 03:18:44,2013-02-06 07:56:34,False,False,False,False,False,True,False
24,Less than 25,Medium,3,-1.0,7,0,0,2013-01-20 11:28:26,2013-01-27 02:04:07,False,False,False,False,False,True,True
34,25 - 45,Low,0,-1.0,1,0,0,2013-02-11 04:22:25,2013-02-12 07:48:00,False,False,False,False,False,True,False
29,25 - 45,High,1,-1.0,9,0,0,2013-01-08 06:02:56,2013-10-25 08:31:58,False,False,False,False,False,True,False
29,25 - 45,Low,1,-1.0,3,0,0,2014-03-31 02:14:12,2014-04-01 01:22:49,False,False,False,False,False,True,True
31,25 - 45,High,5,-1.0,8,0,0,2013-01-11 01:37:56,2013-01-12 01:34:34,False,False,False,False,False,True,True
33,25 - 45,Low,1,-1.0,2,0,0,2013-05-15 06:27:22,2013-05-16 04:09:53,False,True,False,False,False,True,False
40,25 - 45,Medium,21,-1.0,5,0,0,2013-05-22 07:09:03,2013-06-21 05:30:00,False,False,False,False,False,True,False
29,25 - 45,Low,6,-26.0,2,0,0,2014-01-12 05:40:58,2014-02-07 10:54:39,False,False,False,False,False,True,False
44,25 - 45,Low,1,0.0,3,0,0,2013-01-29 06:36:33,2013-01-29 08:34:07,False,False,False,False,False,True,True
33,25 - 45,Low,0,-1.0,1,0,0,2013-08-20 01:28:52,2013-08-21 07:36:34,False,False,False,False,True,True,False
25,25 - 45,Low,0,-1.0,2,0,0,2013-12-22 10:13:14,2013-12-23 01:09:21,False,True,False,False,False,True,True
23,Less than 25,Low,0,-1.0,4,1,0,2013-02-13 09:00:36,2013-02-15 05:30:29,False,False,False,False,False,True,True
39,25 - 45,Medium,6,-1.0,6,0,0,2013-09-16 04:22:28,2013-09-17 01:52:57,False,True,False,False,False,True,False
44,25 - 45,Low,0,-1.0,1,1,0,2013-11-01 08:05:38,2013-11-02 01:19:24,False,True,False,False,False,False,True
27,25 - 45,Low,0,-1.0,2,0,0,2013-02-06 10:17:43,2013-02-08 06:25:22,False,False,False,False,False,True,False
58,Greater than 45,Low,1,-11.0,1,0,0,2013-01-27 07:57:13,2013-02-06 10:02:46,False,False,True,False,False,True,False
29,25 - 45,Low,0,0.0,3,0,0,2013-04-28 04:06:52,2013-04-28 06:43:22,False,False,True,False,False,False,False
49,Greater than 45,Low,0,-1.0,1,0,0,2013-12-22 03:16:48,2013-12-23 04:13:00,False,True,False,False,False,True,False
20,Less than 25,High,0,-1.0,10,1,1,2014-07-08 02:25:20,2015-02-02 06:30:23,False,False,False,False,False,True,False
35,25 - 45,Low,1,-1.0,2,0,0,2014-02-25 02:40:00,2014-02-26 09:09:55,False,False,False,False,False,True,True
56,Greater than 45,Low,0,-1.0,1,0,0,2014-01-16 07:55:33,2014-01-17 01:26:59,False,True,False,False,False,False,True
49,Greater than 45,Low,4,0.0,2,0,0,2014-02-03 12:18:15,2014-03-11 08:20:05,False,False,False,False,False,True,True
47,Greater than 45,Low,0,-1.0,1,0,0,2013-12-10 03:24:17,2013-12-12 03:36:20,False,False,False,False,True,True,False
21,Less than 25,High,0,-1.0,8,1,1,2014-01-09 11:12:45,2014-01-18 12:46:35,False,True,False,False,False,True,True
35,25 - 45,Low,7,-1.0,3,0,0,2013-05-21 06:58:18,2013-12-02 09:26:04,False,False,False,False,False,True,False
25,25 - 45,Low,0,0.0,4,0,0,2013-04-08 03:27:11,2013-04-08 08:53:40,False,False,True,False,False,False,False
25,25 - 45,Medium,2,-1.0,5,0,0,2013-01-29 08:35:09,2013-02-07 09:32:54,False,True,False,False,False,True,False
35,25 - 45,Medium,2,-1.0,5,0,0,2013-09-05 05:55:01,2013-09-19 09:03:27,False,False,False,False,False,False,False
55,Greater than 45,Low,2,-1.0,1,0,0,2013-05-17 01:50:39,2013-05-30 08:03:27,False,True,False,False,False,True,True
32,25 - 45,Medium,1,-1.0,7,0,0,2014-02-28 05:05:08,2014-03-01 10:44:41,False,False,False,False,False,True,False
59,Greater than 45,Low,2,-15.0,1,1,1,2014-10-29 09:37:56,2014-10-30 08:26:47,False,True,False,False,False,True,True
30,25 - 45,Low,7,-1.0,3,0,0,2013-12-24 06:07:41,2013-12-26 03:11:34,False,False,False,False,False,True,False
53,Greater than 45,Medium,8,-13.0,5,0,0,2013-05-15 08:36:10,2013-05-28 10:06:35,False,True,False,False,False,True,False
50,Greater than 45,Low,3,0.0,2,0,0,2014-03-05 12:31:35,2014-03-05 08:38:53,False,False,False,False,False,False,False
25,25 - 45,Low,0,-1.0,3,0,0,2014-01-15 11:55:47,2014-01-16 02:31:04,False,True,False,False,False,False,True
27,25 - 45,Low,1,0.0,3,0,0,2013-09-23 12:15:53,2013-11-07 02:18:29,False,False,False,False,False,False,False
42,25 - 45,Medium,7,-1.0,5,0,0,2013-05-10 07:11:40,2013-05-11 06:30:56,False,False,False,False,False,True,True
24,Less than 25,Medium,5,-1.0,6,0,0,2013-10-01 10:04:46,2013-10-02 11:33:20,False,False,False,False,True,True,False
36,25 - 45,High,1,-14.0,9,0,0,2013-02-08 07:10:53,2013-02-22 10:51:00,False,False,True,False,False,True,True
22,Less than 25,High,2,-1.0,9,1,1,2014-02-13 12:25:47,2014-04-09 05:37:42,False,False,False,False,False,True,True
47,Greater than 45,Low,0,-1.0,1,0,0,2014-02-23 12:27:01,2014-02-23 08:15:29,False,True,False,False,False,True,True
22,Less than 25,Medium,0,-1.0,5,0,0,2013-01-19 11:57:56,2013-01-27 05:20:46,False,False,False,False,False,False,True
24,Less than 25,High,3,-1.0,8,1,0,2013-02-01 11:43:49,2013-04-18 07:00:00,False,False,False,False,False,True,False
46,Greater than 45,Low,1,-1.0,2,1,0,2013-01-13 01:54:20,2013-02-07 08:44:30,False,True,False,False,False,False,False
26,25 - 45,Low,0,0.0,3,0,0,2014-03-24 02:58:23,2014-03-24 08:45:46,False,False,True,False,False,False,True
39,25 - 45,Low,0,-1.0,1,0,0,2013-01-06 08:13:47,2013-01-07 09:42:45,False,False,False,False,True,False,False
32,25 - 45,Medium,11,0.0,7,0,0,2013-12-18 02:14:29,2013-12-18 08:08:44,False,False,False,False,False,False,False
47,Greater than 45,Low,0,0.0,1,0,0,2013-03-18 03:42:01,2013-03-19 06:59:08,False,False,False,False,False,True,True
25,25 - 45,Low,0,-1.0,2,0,0,2014-03-25 06:30:51,2014-03-26 01:51:19,False,False,False,False,False,True,False
25,25 - 45,Low,1,-1.0,2,0,0,2014-03-28 03:44:26,2014-03-30 04:49:22,False,False,False,False,False,True,False
38,25 - 45,Low,0,0.0,4,0,0,2013-03-23 03:28:13,2013-03-24 06:34:49,False,False,False,False,False,True,False
38,25 - 45,Low,0,0.0,1,0,0,2013-02-09 12:08:28,2013-02-09 01:28:57,False,False,False,False,False,True,True
21,Less than 25,Medium,1,-1.0,6,1,1,2013-08-28 11:29:05,2013-08-30 01:35:02,False,False,False,False,False,True,False
22,Less than 25,High,2,-1.0,8,1,0,2013-04-29 04:28:02,2013-04-30 07:17:44,False,False,False,False,False,True,False
37,25 - 45,Low,3,-1.0,4,0,0,2014-01-03 11:40:02,2014-02-11 10:50:00,False,True,False,False,False,True,False
61,Greater than 45,Low,0,0.0,1,0,0,2013-05-31 03:36:36,2013-05-31 08:16:20,False,True,False,False,False,True,True
30,25 - 45,High,2,-1.0,9,0,0,2014-02-08 06:04:28,2014-02-14 06:14:23,False,True,False,False,False,True,True
50,Greater than 45,Medium,5,-8.0,7,1,0,2013-04-17 10:39:20,2013-04-22 11:45:09,False,True,False,False,False,True,False
33,25 - 45,Low,1,-17.0,2,0,0,2013-11-02 05:15:33,2013-11-03 01:25:20,False,False,False,False,False,True,False
34,25 - 45,Low,0,-1.0,1,0,0,2013-04-12 08:57:34,2013-04-13 08:11:57,False,True,False,False,False,True,True
21,Less than 25,Low,0,0.0,4,0,0,2013-08-06 03:34:21,2013-08-07 08:33:52,False,False,False,False,False,True,True
25,25 - 45,High,5,-1.0,8,1,1,2013-09-11 10:12:35,2013-09-15 03:38:22,False,False,False,False,False,True,True
26,25 - 45,Low,1,-1.0,2,0,0,2013-02-12 03:08:29,2013-02-13 08:21:18,False,False,False,False,False,True,False
59,Greater than 45,Medium,5,0.0,5,0,0,2013-02-09 08:15:34,2013-07-10 12:55:41,False,False,False,False,False,True,True
24,Less than 25,Low,1,-1.0,2,1,1,2014-01-13 09:14:52,2014-01-19 09:29:15,False,False,False,False,False,True,False
38,25 - 45,Medium,2,0.0,7,1,1,2013-04-01 10:35:17,2013-10-11 05:44:04,False,False,False,False,False,True,False
25,25 - 45,Low,2,-1.0,4,0,0,2014-03-18 07:02:52,2014-03-19 01:20:36,False,False,False,False,False,False,True
35,25 - 45,Low,1,-1.0,1,0,0,2014-01-21 05:56:47,2014-01-30 10:03:30,False,False,False,False,False,True,True
24,Less than 25,High,3,-1.0,8,1,1,2014-04-17 09:15:00,2014-04-20 11:07:10,False,False,False,False,True,True,True
34,25 - 45,Low,6,-1.0,4,0,0,2013-04-22 08:12:13,2013-06-13 09:46:00,False,False,False,False,False,False,False
23,Less than 25,Medium,7,0.0,6,1,1,2013-04-07 03:12:39,2013-04-16 10:03:25,False,False,False,False,True,True,False
24,Less than 25,Low,0,0.0,2,0,0,2013-12-30 06:38:43,2013-12-30 08:21:57,False,True,False,False,False,True,False
35,25 - 45,Low,1,-1.0,2,0,0,2013-08-01 10:22:57,2013-08-02 08:24:40,False,False,False,False,False,True,False
29,25 - 45,Medium,3,-1.0,5,0,0,2013-08-12 08:00:00,2013-08-13 06:43:07,False,False,False,False,False,False,False
39,25 - 45,Low,0,-1.0,1,0,0,2013-05-12 09:23:55,2013-05-15 10:49:50,False,True,False,False,False,True,False
37,25 - 45,Low,0,-2.0,1,0,0,2013-02-02 09:07:40,2013-02-03 08:50:00,False,True,False,False,False,True,True
28,25 - 45,High,18,-1.0,10,1,1,2013-03-09 08:14:54,2013-03-21 09:56:34,False,False,False,False,False,True,False
30,25 - 45,Low,0,-1.0,2,0,0,2014-01-27 01:38:16,2014-01-27 06:54:27,False,True,False,False,False,True,False
25,25 - 45,Medium,1,0.0,6,0,0,2013-01-11 12:35:37,2013-01-11 01:14:09,False,False,False,False,False,True,False
21,Less than 25,Low,1,-1.0,3,1,0,2013-06-16 12:36:42,2013-06-16 07:01:42,False,False,False,False,False,True,False
27,25 - 45,Low,5,-1.0,4,0,0,2013-08-22 10:46:01,2013-08-23 08:10:56,False,True,False,False,False,True,False
49,Greater than 45,Low,0,-1.0,1,0,0,2013-11-03 02:19:59,2013-11-04 01:27:56,False,True,False,False,False,True,False
51,Greater than 45,Low,1,-1.0,1,0,0,2013-04-21 02:10:18,2013-04-22 03:59:29,False,True,False,False,False,True,True
40,25 - 45,Medium,2,-1.0,6,0,0,2013-04-02 08:40:37,2013-04-03 08:44:24,False,False,False,True,False,True,True
34,25 - 45,Low,0,-1.0,1,0,0,2013-11-17 08:34:35,2013-11-18 08:26:12,False,True,False,False,False,True,True
54,Greater than 45,High,11,-1.0,9,0,0,2013-05-06 08:51:14,2013-09-13 05:58:39,False,False,False,False,False,True,False
49,Greater than 45,Low,3,-1.0,1,0,0,2014-03-29 03:30:24,2014-03-30 01:04:04,False,True,False,False,False,True,False
43,25 - 45,Low,2,-10.0,1,0,0,2013-11-04 09:10:03,2013-11-06 06:20:54,False,True,False,False,False,True,False
34,25 - 45,Low,1,-17.0,1,0,0,2013-05-24 11:07:40,2013-05-26 01:55:21,False,False,False,False,False,True,False
36,25 - 45,Low,0,-1.0,1,0,0,2014-01-21 12:17:06,2014-01-24 03:19:22,False,False,False,False,True,True,True
45,Greater than 45,Low,1,-4.0,1,0,0,2013-06-17 11:22:11,2013-06-20 09:23:01,False,False,False,False,False,False,False
35,25 - 45,Low,0,-1.0,2,0,0,2014-01-20 09:04:36,2014-01-21 09:57:17,False,False,True,False,False,False,True
55,Greater than 45,Low,0,-1.0,1,0,0,2014-03-26 11:17:06,2014-03-27 01:36:50,False,False,True,False,False,True,True
35,25 - 45,Low,2,-8.0,1,0,0,2013-12-05 08:08:18,2013-12-13 11:03:04,False,False,True,False,False,True,False
50,Greater than 45,Low,2,-1.0,1,1,1,2014-09-14 06:27:22,2014-09-15 01:04:02,False,True,False,False,False,True,True
25,25 - 45,Low,1,-23.0,3,0,0,2013-08-19 12:20:34,2013-08-19 07:02:51,False,True,False,False,False,True,False
26,25 - 45,Low,1,-1.0,4,0,0,2013-10-11 09:46:40,2013-10-12 07:56:28,False,False,False,False,False,True,False
22,Less than 25,High,2,0.0,9,1,1,2013-03-01 02:35:25,2013-03-02 09:45:12,False,True,False,False,False,True,False
21,Less than 25,Low,0,-1.0,4,0,0,2014-01-08 10:11:04,2014-01-09 12:48:56,False,True,False,False,False,True,True
27,25 - 45,Low,0,-1.0,2,0,0,2013-09-26 05:55:20,2013-09-27 08:21:29,False,False,False,False,False,True,True
59,Greater than 45,Low,3,-8.0,3,1,0,2013-01-23 08:25:05,2013-01-31 10:46:32,False,False,False,False,False,True,False
34,25 - 45,Low,2,-1.0,2,0,0,2013-02-16 05:53:02,2013-02-17 07:51:42,False,True,False,False,False,True,True
68,Greater than 45,Low,0,-3.0,1,0,0,2013-09-13 11:36:13,2013-09-14 07:08:11,False,False,True,False,False,True,True
51,Greater than 45,Low,1,-2.0,1,1,1,2013-03-09 10:28:41,2013-03-10 01:03:52,False,True,False,False,False,True,False
37,25 - 45,Low,0,-1.0,1,0,0,2014-02-24 05:11:22,2014-03-15 05:53:52,False,True,False,False,False,True,False
41,25 - 45,Low,9,-1.0,2,0,0,2013-05-05 04:10:51,2013-05-14 11:36:09,False,False,True,False,False,True,False
35,25 - 45,Low,5,-1.0,3,0,0,2013-02-10 07:44:42,2013-02-11 07:04:44,False,False,False,False,False,True,False
25,25 - 45,High,1,-1.0,8,1,1,2014-07-28 01:24:31,2014-07-29 02:03:29,False,False,False,False,False,False,True
74,Greater than 45,Low,0,-1.0,1,0,0,2013-11-14 03:06:45,2013-11-14 07:37:54,False,True,False,False,False,False,True
23,Less than 25,High,0,-1.0,9,1,1,2013-02-12 04:51:57,2013-02-27 01:07:06,False,False,False,False,False,True,False
42,25 - 45,Medium,1,-12.0,5,0,0,2013-10-09 12:43:56,2013-10-17 09:27:59,False,False,False,False,False,True,True
44,25 - 45,Low,0,-1.0,3,0,0,2013-10-26 08:09:42,2013-10-27 08:21:36,False,False,True,False,False,True,False
28,25 - 45,Low,0,-1.0,4,0,0,2013-03-30 09:03:05,2013-03-31 07:04:47,False,True,False,False,False,True,True
49,Greater than 45,Low,0,0.0,1,0,0,2013-01-03 02:58:10,2013-01-03 07:35:13,False,False,False,False,False,True,True
32,25 - 45,Low,0,0.0,1,0,0,2013-11-19 03:33:41,2013-11-19 08:58:19,False,False,False,False,False,True,True
47,Greater than 45,Medium,4,-1.0,6,0,0,2014-02-02 11:14:36,2014-02-03 09:43:18,False,False,False,False,False,False,True
48,Greater than 45,Low,0,0.0,1,0,0,2013-09-23 02:20:40,2013-10-02 12:35:15,True,False,False,False,False,True,True
22,Less than 25,High,1,0.0,9,1,1,2013-03-23 01:18:11,2013-04-30 07:29:04,False,False,False,False,False,True,False
30,25 - 45,Low,0,-1.0,3,0,0,2013-10-26 11:37:22,2013-10-28 07:52:36,False,True,False,False,False,True,False
27,25 - 45,Low,0,0.0,2,0,0,2014-01-14 03:37:34,2014-01-31 09:03:48,False,False,False,False,False,True,False
63,Greater than 45,Low,1,0.0,1,0,0,2013-11-08 03:13:23,2013-11-08 09:33:45,False,False,False,False,False,False,False
21,Less than 25,High,1,-1.0,9,1,1,2013-10-14 05:20:14,2015-01-13 06:24:21,False,False,False,False,False,True,False
41,25 - 45,Low,0,-1.0,1,0,0,2013-03-19 11:12:30,2013-03-23 01:04:00,False,False,False,False,False,True,False
55,Greater than 45,Low,5,-1.0,4,1,1,2013-05-10 11:31:10,2013-05-14 01:32:21,False,False,False,False,False,True,False
43,25 - 45,High,9,-1.0,9,0,0,2014-01-01 04:58:59,2014-01-03 04:58:13,False,False,False,False,False,False,True
34,25 - 45,High,13,-1.0,8,1,1,2013-01-06 12:31:49,2013-01-25 08:59:14,False,True,False,False,False,True,False
47,Greater than 45,Low,1,0.0,1,0,0,2013-03-20 02:25:51,2013-03-20 07:51:16,False,True,False,False,False,True,True
24,Less than 25,Medium,2,0.0,6,0,0,2013-01-19 06:28:29,2013-02-19 03:54:59,False,False,False,False,False,False,True
20,Less than 25,Medium,0,-1.0,5,0,0,2014-02-26 02:24:25,2014-02-27 08:10:28,False,False,False,False,True,False,True
25,25 - 45,Low,0,-1.0,4,0,0,2013-12-19 11:03:21,2013-12-21 04:28:19,False,False,False,False,True,True,False
25,25 - 45,Medium,0,-1.0,6,0,0,2013-10-11 06:21:59,2013-10-13 07:53:41,False,True,False,False,False,True,False
42,25 - 45,Low,6,-1.0,3,0,0,2013-12-06 03:17:43,2013-12-07 07:51:47,False,False,False,False,True,True,True
30,25 - 45,Low,10,0.0,4,1,1,2013-09-18 03:06:31,2013-09-20 01:52:58,False,False,False,False,False,True,True
31,25 - 45,Low,0,0.0,1,0,0,2014-01-31 01:35:12,2014-01-31 01:27:09,False,False,False,False,False,False,True
27,25 - 45,Medium,1,-1.0,7,0,0,2013-04-17 10:42:28,2013-04-23 07:14:50,False,False,False,False,False,True,False
36,25 - 45,Low,1,-1.0,1,0,0,2013-01-10 05:47:36,2013-02-20 01:46:27,True,False,False,False,False,True,False
66,Greater than 45,Low,1,-1.0,1,0,0,2013-01-12 02:09:03,2013-01-31 09:56:14,False,True,False,False,False,True,True
23,Less than 25,High,6,-1.0,9,1,1,2014-03-12 04:49:26,2014-03-20 09:46:56,False,False,False,False,False,True,False
31,25 - 45,Low,0,0.0,2,0,0,2013-03-22 12:00:37,2013-03-26 09:46:03,False,True,False,False,False,False,True
26,25 - 45,Low,2,0.0,2,1,1,2013-10-04 05:39:27,2013-10-08 01:24:50,False,False,False,False,False,True,False
58,Greater than 45,Low,1,-1.0,1,0,0,2014-01-19 09:53:29,2014-01-20 08:18:08,False,True,False,False,False,True,True
37,25 - 45,Low,0,-1.0,2,1,0,2013-03-31 03:19:09,2013-04-01 01:49:26,False,True,False,False,False,True,True
22,Less than 25,High,4,-1.0,9,1,1,2013-02-04 02:09:53,2013-10-22 06:51:11,False,False,False,False,False,True,False
57,Greater than 45,Medium,19,-1.0,7,0,0,2013-10-21 11:00:46,2014-02-16 03:07:18,False,False,False,False,False,True,False
60,Greater than 45,Low,2,0.0,1,0,0,2013-09-20 12:40:56,2013-09-21 04:29:15,False,False,False,False,False,True,False
51,Greater than 45,Medium,8,-1.0,5,0,0,2013-05-04 09:20:34,2013-05-30 06:14:31,False,False,False,False,False,True,True
42,25 - 45,Low,0,0.0,1,0,0,2013-02-06 02:27:50,2013-02-06 07:49:59,False,True,False,False,False,True,True
40,25 - 45,Low,1,-1.0,1,0,0,2013-07-31 08:16:51,2013-08-01 12:58:43,False,False,False,False,True,True,False
37,25 - 45,Medium,9,0.0,6,1,1,2013-09-13 03:59:13,2013-09-14 04:59:30,False,False,False,False,False,True,False
24,Less than 25,Low,0,-1.0,2,0,0,2014-01-16 10:15:11,2014-01-17 01:26:50,False,False,False,False,False,False,True
23,Less than 25,Low,1,-1.0,4,0,0,2013-03-23 10:06:43,2013-04-02 09:22:16,False,True,False,False,False,True,True
31,25 - 45,Medium,1,-1.0,5,0,0,2013-02-01 09:12:20,2013-02-02 05:51:04,False,False,False,False,False,False,True
23,Less than 25,Low,1,-2.0,2,0,0,2013-12-14 06:08:44,2013-12-15 01:45:57,False,False,False,False,False,True,False
26,25 - 45,Medium,5,-1.0,5,0,0,2013-05-03 04:28:53,2013-05-04 07:11:20,False,False,False,False,False,True,True
70,Greater than 45,Low,0,-1.0,1,0,0,2013-04-18 08:51:08,2013-04-19 08:09:20,False,False,False,False,True,False,False
34,25 - 45,Low,0,0.0,1,0,0,2013-08-07 12:09:52,2013-10-23 11:18:41,False,False,True,False,False,True,True
61,Greater than 45,Low,3,0.0,2,1,1,2014-09-22 07:01:15,2014-09-23 03:26:36,False,True,False,False,False,True,True
47,Greater than 45,Low,0,0.0,1,0,0,2013-05-05 04:15:36,2013-05-06 12:09:26,False,True,False,False,False,True,True
44,25 - 45,Low,0,-1.0,2,0,0,2013-11-23 03:13:53,2013-11-25 09:02:22,False,False,False,False,False,True,False
26,25 - 45,Medium,4,-1.0,7,1,1,2014-07-07 10:28:01,2014-07-09 10:06:53,False,False,False,False,True,False,True
60,Greater than 45,Low,1,-1.0,1,0,0,2014-03-02 12:41:55,2014-03-03 08:09:50,False,True,False,False,False,True,False
24,Less than 25,Low,2,-1.0,4,0,0,2013-04-14 01:58:48,2013-04-15 07:59:24,False,False,False,False,False,False,False
52,Greater than 45,Low,0,-1.0,1,0,0,2013-12-10 06:48:24,2013-12-11 01:30:42,False,True,False,False,False,True,True
25,25 - 45,Low,6,-16.0,4,0,0,2013-04-16 09:53:01,2013-04-18 07:30:00,False,True,False,False,False,True,False
24,Less than 25,Medium,0,-3.0,5,0,0,2013-07-19 07:41:18,2013-07-20 01:59:43,False,True,False,False,False,False,False
57,Greater than 45,High,23,-1.0,8,1,1,2013-02-20 01:25:04,2013-03-22 05:54:39,False,False,False,False,False,True,False
32,25 - 45,High,12,-1.0,8,1,0,2013-01-14 02:13:57,2013-01-15 06:58:20,False,False,False,False,False,True,False
25,25 - 45,Low,1,-1.0,3,0,0,2013-10-05 07:50:24,2013-10-06 07:37:01,False,False,True,False,False,True,False
26,25 - 45,High,5,-1.0,9,1,1,2014-10-19 08:39:38,2014-10-26 04:44:30,False,False,False,False,False,False,False
25,25 - 45,Medium,6,-1.0,7,0,0,2013-05-20 07:27:50,2013-06-14 04:06:44,False,True,False,False,False,False,False
41,25 - 45,Low,3,-1.0,1,0,0,2014-03-12 09:03:38,2014-03-13 10:10:37,False,False,True,False,False,True,False
47,Greater than 45,Low,0,-1.0,1,0,0,2013-09-20 11:27:11,2013-09-21 08:40:49,False,True,False,False,False,True,True
65,Greater than 45,Low,1,-1.0,1,0,0,2013-12-23 12:11:10,2013-12-23 01:21:39,False,True,False,False,False,False,False
60,Greater than 45,Low,2,-1.0,1,0,0,2013-11-24 04:19:55,2013-11-25 09:02:04,False,True,False,False,False,False,False
56,Greater than 45,High,24,22.0,8,0,0,2013-05-15 01:57:35,2013-05-21 11:04:32,False,False,False,False,False,True,False
70,Greater than 45,Low,0,-1.0,1,0,0,2014-02-08 11:37:08,2014-02-09 01:58:03,False,True,False,False,False,True,True
59,Greater than 45,Low,2,26.0,3,0,0,2014-03-26 09:34:52,2014-04-24 10:32:10,False,True,False,False,False,False,False
26,25 - 45,Low,0,-1.0,4,0,0,2013-04-19 05:42:16,2013-04-20 07:58:27,False,True,False,False,False,True,True
23,Less than 25,High,0,-1.0,9,0,0,2013-05-21 10:03:18,2013-05-22 08:06:02,False,False,False,False,False,True,True
47,Greater than 45,Low,0,-1.0,1,0,0,2013-10-08 05:57:00,2013-10-09 08:10:17,False,True,False,False,False,True,True
22,Less than 25,Low,0,0.0,3,0,0,2014-01-22 12:55:30,2014-01-22 09:20:36,False,True,False,False,False,False,True
31,25 - 45,High,0,-1.0,9,0,0,2013-11-10 05:13:10,2013-11-15 03:36:58,False,True,False,False,False,False,True
30,25 - 45,Low,0,-2.0,2,0,0,2013-11-02 11:13:20,2013-11-03 01:50:01,False,False,False,False,False,False,True
41,25 - 45,Low,6,-1.0,3,1,1,2013-10-18 12:47:10,2013-10-20 02:14:19,False,False,False,False,False,True,False
30,25 - 45,Medium,0,0.0,6,0,0,2013-03-22 12:02:23,2013-03-26 09:46:14,False,True,False,False,False,False,True
71,Greater than 45,Low,8,-1.0,1,0,0,2013-05-16 09:36:12,2013-06-10 07:28:18,False,False,False,False,False,True,False
27,25 - 45,Low,0,0.0,1,0,0,2013-09-07 01:01:09,2013-09-08 04:02:48,False,False,False,False,False,True,True
48,Greater than 45,High,2,-1.0,8,1,0,2013-02-23 02:23:02,2013-02-27 08:21:29,False,True,False,False,False,True,True
32,25 - 45,Low,1,0.0,3,0,0,2013-02-25 06:09:27,2013-02-25 07:08:19,False,False,False,False,False,True,True
61,Greater than 45,Low,0,-1.0,1,0,0,2013-01-05 11:02:01,2013-01-06 01:15:02,False,False,True,False,False,True,False
55,Greater than 45,Low,1,-3.0,1,0,0,2013-07-19 10:31:24,2013-07-20 01:24:07,False,True,False,False,False,True,True
22,Less than 25,Low,0,-1.0,3,1,1,2013-04-11 05:01:46,2013-06-21 05:27:12,False,False,False,False,False,True,False
49,Greater than 45,Low,0,-3.0,2,0,0,2013-01-25 09:46:53,2013-01-26 09:09:41,False,True,False,False,False,False,False
25,25 - 45,Medium,4,-1.0,6,0,0,2013-12-22 05:37:28,2013-12-23 06:32:58,False,True,False,False,False,True,False
38,25 - 45,Low,0,-1.0,1,0,0,2013-02-16 08:04:12,2013-02-17 01:58:20,True,False,False,False,False,True,True
31,25 - 45,Low,1,-1.0,1,0,0,2013-05-11 03:14:46,2013-05-12 07:01:24,False,False,False,False,False,True,True
32,25 - 45,Medium,2,0.0,7,1,1,2013-08-26 03:38:03,2013-08-27 05:13:33,False,False,False,False,False,True,False
23,Less than 25,Medium,2,-1.0,7,0,0,2013-04-25 02:38:32,2013-05-30 09:53:56,False,False,True,False,False,True,False
46,Greater than 45,Medium,12,-1.0,6,0,0,2013-12-03 06:33:18,2013-12-06 05:45:30,False,False,False,False,False,True,True
23,Less than 25,High,2,-1.0,9,0,0,2013-05-08 10:09:34,2013-07-19 06:36:57,False,False,False,False,False,True,False
25,25 - 45,Medium,0,0.0,7,0,0,2013-02-12 01:53:34,2013-02-12 09:28:20,False,False,False,False,False,True,False
59,Greater than 45,Low,1,-21.0,1,0,0,2013-02-08 08:25:17,2013-02-13 09:36:45,False,True,False,False,False,False,False
36,25 - 45,Low,0,0.0,1,0,0,2013-04-27 04:02:04,2013-04-28 03:43:31,False,False,False,False,False,True,False
22,Less than 25,Low,0,-1.0,3,0,0,2013-03-05 01:56:24,2013-03-06 07:34:50,False,True,False,False,False,True,False
46,Greater than 45,Low,0,-1.0,1,0,0,2014-03-15 04:41:43,2014-03-16 01:23:46,False,True,False,False,False,True,False
28,25 - 45,Medium,4,0.0,6,1,1,2013-05-14 03:57:54,2013-06-04 05:09:09,False,False,False,False,False,True,False
27,25 - 45,Low,0,0.0,2,0,0,2013-03-10 12:16:08,2013-03-10 07:11:00,False,False,False,False,False,True,False
20,Less than 25,High,2,-1.0,10,1,1,2014-07-08 01:20:50,2014-08-29 04:10:30,True,False,False,False,False,True,False
25,25 - 45,Medium,3,0.0,6,0,0,2013-02-07 03:50:07,2013-02-14 08:43:04,False,False,False,False,False,True,True
23,Less than 25,Low,0,-1.0,3,0,0,2014-01-31 07:13:54,2014-02-02 04:03:52,False,False,False,False,False,True,False
48,Greater than 45,Low,1,-1.0,1,0,0,2013-12-06 07:54:08,2013-12-07 01:25:17,False,True,False,False,False,True,False
25,25 - 45,Medium,2,-29.0,6,0,0,2013-07-29 09:57:48,2013-08-27 10:56:42,False,True,False,False,False,True,False
30,25 - 45,Low,2,-1.0,2,0,0,2013-05-28 07:18:38,2013-06-13 11:44:39,False,False,False,False,False,True,False
36,25 - 45,Low,2,-4.0,1,0,0,2013-07-11 11:11:06,2013-07-12 08:34:26,False,True,False,False,False,True,False
27,25 - 45,Low,1,-1.0,3,0,0,2013-05-28 05:17:39,2013-06-28 12:05:32,False,True,False,False,False,True,True
25,25 - 45,Low,2,-1.0,4,0,0,2013-12-22 01:36:59,2013-12-25 02:33:32,False,True,False,False,False,False,False
23,Less than 25,Medium,2,-20.0,6,0,0,2013-12-13 02:14:06,2013-12-21 02:08:04,False,True,False,False,False,True,False
30,25 - 45,Low,0,-1.0,3,0,0,2013-11-19 07:21:09,2013-11-19 08:05:35,False,True,False,False,False,True,True
45,Greater than 45,Low,1,-1.0,1,0,0,2013-02-23 07:57:28,2013-02-24 06:47:57,False,False,False,False,False,True,True
54,Greater than 45,Low,0,0.0,1,0,0,2013-02-11 12:00:23,2013-02-11 07:22:50,False,False,False,False,True,True,True
35,25 - 45,Low,5,-20.0,3,0,0,2013-03-02 11:26:56,2013-03-03 09:01:52,False,True,False,False,False,True,False
48,Greater than 45,Low,2,-1.0,1,0,0,2014-02-24 10:00:14,2014-02-25 09:19:31,False,True,False,False,False,True,False
50,Greater than 45,Low,0,-2.0,1,0,0,2014-02-02 05:06:04,2014-02-04 12:04:14,False,True,False,False,False,True,False
31,25 - 45,Medium,0,-3.0,5,0,0,2014-01-03 08:06:18,2014-01-04 01:34:34,False,False,True,False,False,True,True
61,Greater than 45,Low,0,-1.0,1,0,0,2014-03-30 03:50:52,2014-04-01 04:11:15,False,True,False,False,False,True,True
37,25 - 45,Low,0,-1.0,1,0,0,2014-01-27 04:34:50,2014-01-28 08:12:42,False,False,False,False,True,True,True
20,Less than 25,High,1,0.0,8,1,1,2013-08-20 02:40:22,2013-08-20 07:11:30,False,False,False,False,False,True,False
33,25 - 45,Medium,4,-1.0,5,1,1,2014-06-01 09:28:27,2014-06-03 03:12:10,False,False,False,False,False,True,True
52,Greater than 45,High,8,-1.0,9,0,0,2013-05-01 09:03:54,2013-06-13 10:32:00,False,False,False,False,False,False,False
57,Greater than 45,Low,0,-1.0,1,0,0,2014-01-23 11:57:32,2014-01-28 06:37:34,False,True,False,False,False,True,False
52,Greater than 45,Low,20,-1.0,3,0,0,2013-04-20 10:15:03,2013-05-18 07:59:38,False,False,True,False,False,True,False
23,Less than 25,Low,1,-1.0,4,0,0,2013-12-22 09:21:51,2013-12-23 04:21:18,False,False,False,False,False,False,False
29,25 - 45,Low,2,-1.0,4,0,0,2014-01-02 08:25:01,2014-01-03 01:41:59,False,False,False,False,False,True,True
36,25 - 45,Low,2,-2.0,3,1,0,2013-03-02 08:36:51,2013-03-03 08:52:32,False,False,False,False,False,True,False
61,Greater than 45,Low,0,0.0,1,0,0,2013-05-13 03:50:59,2013-05-15 09:15:24,False,True,False,False,False,True,True
43,25 - 45,Medium,9,-2.0,6,0,0,2013-02-19 09:10:57,2013-02-20 06:59:39,False,True,False,False,False,True,False
65,Greater than 45,Low,3,-1.0,2,0,0,2013-08-04 08:51:09,2013-08-27 12:24:30,False,True,False,False,False,True,False
23,Less than 25,High,0,-1.0,8,0,0,2013-09-30 10:10:28,2013-10-03 07:24:16,False,True,False,False,False,True,False
23,Less than 25,Medium,1,0.0,6,0,0,2014-01-31 01:04:24,2014-02-01 03:16:14,False,False,False,False,False,True,False
45,Greater than 45,Low,2,0.0,4,0,0,2013-02-07 02:17:57,2013-02-10 01:49:12,False,True,False,False,False,True,True
55,Greater than 45,Low,4,-1.0,1,0,0,2014-01-10 04:54:10,2014-01-15 12:17:38,False,False,False,False,True,True,False
21,Less than 25,High,0,-1.0,10,0,0,2014-02-16 03:54:36,2014-02-17 01:12:04,False,False,False,False,False,True,True
29,25 - 45,Low,7,-1.0,3,0,0,2013-03-11 06:21:47,2013-03-13 02:21:18,False,False,False,False,False,True,False
21,Less than 25,High,1,-8.0,9,0,0,2013-08-29 09:50:39,2013-08-31 06:13:37,False,False,True,False,False,True,False
30,25 - 45,High,11,-1.0,9,1,1,2014-08-05 03:19:41,2014-08-06 08:40:28,False,False,False,False,False,True,True
35,25 - 45,High,6,-1.0,8,1,1,2014-05-28 07:21:57,2014-06-08 04:15:39,False,False,False,False,False,True,False
23,Less than 25,Medium,5,-1.0,7,1,1,2014-03-01 09:22:26,2014-03-03 02:30:42,False,False,False,False,False,True,False
22,Less than 25,Medium,1,-1.0,7,0,0,2013-09-10 10:34:03,2013-09-11 02:00:32,False,True,False,False,False,False,False
53,Greater than 45,Low,2,-1.0,1,0,0,2013-08-06 07:34:06,2013-08-07 01:05:18,False,False,False,False,False,True,False
41,25 - 45,Low,2,-1.0,3,0,0,2013-04-18 08:43:09,2013-05-04 02:25:51,False,False,False,False,True,False,False
26,25 - 45,Medium,0,0.0,5,0,0,2013-01-02 07:21:57,2013-01-02 07:31:59,False,True,False,False,False,True,False
21,Less than 25,High,2,-1.0,9,1,1,2014-10-14 06:55:40,2014-10-20 04:58:47,False,True,False,False,False,True,False
28,25 - 45,Medium,0,-1.0,5,0,0,2013-01-13 04:58:10,2013-01-14 06:50:27,False,True,False,False,False,False,False
41,25 - 45,Low,0,0.0,1,0,0,2014-03-03 02:43:25,2014-03-03 05:22:22,False,False,True,False,False,False,False
39,25 - 45,Low,1,-1.0,4,0,0,2013-09-08 04:59:45,2013-10-17 09:28:05,False,True,False,False,False,False,False
30,25 - 45,Low,3,21.0,2,0,0,2013-04-08 04:09:44,2013-05-04 02:26:09,False,True,False,False,False,True,False
34,25 - 45,Low,3,-1.0,1,1,1,2013-02-06 12:54:19,2013-03-12 09:26:08,False,False,False,False,False,True,False
44,25 - 45,Low,0,-2.0,1,0,0,2014-01-25 02:52:12,2014-01-26 02:01:51,False,True,False,False,False,False,True
40,25 - 45,Low,1,-1.0,3,0,0,2013-08-14 11:28:56,2013-09-25 11:09:03,False,True,False,False,False,True,False
30,25 - 45,Low,0,-1.0,2,1,1,2013-12-13 10:27:58,2013-12-14 08:35:08,False,False,False,False,False,True,False
42,25 - 45,Medium,7,-1.0,5,1,1,2014-03-07 11:33:05,2014-03-09 09:14:28,False,False,False,False,False,True,False
30,25 - 45,Low,1,-1.0,2,0,0,2013-01-11 03:35:40,2013-02-15 09:20:24,False,True,False,False,False,True,True
29,25 - 45,Low,0,-3.0,2,0,0,2013-12-13 11:10:42,2013-12-14 01:25:05,False,False,False,False,False,False,False
54,Greater than 45,Low,0,-4.0,1,0,0,2013-12-15 05:06:44,2013-12-16 08:59:37,False,True,False,False,False,True,True
33,25 - 45,Low,6,-1.0,3,1,1,2013-01-26 11:35:43,2013-01-28 08:41:00,False,False,False,False,False,True,True
20,Less than 25,Low,1,-1.0,2,0,0,2013-10-14 05:43:48,2013-10-16 09:20:13,False,False,False,False,False,True,False
25,25 - 45,Low,0,-1.0,3,0,0,2013-03-19 04:15:00,2013-03-20 07:31:24,False,True,False,False,False,True,False
30,25 - 45,High,6,-1.0,9,1,1,2013-10-24 07:05:58,2013-11-11 02:16:33,False,False,False,False,True,True,False
45,Greater than 45,Medium,8,-1.0,6,0,0,2013-09-22 06:06:07,2013-09-23 08:07:27,False,False,True,False,False,True,False
38,25 - 45,Low,5,-1.0,4,0,0,2013-12-12 06:13:20,2013-12-13 08:38:01,False,True,False,False,False,True,False
42,25 - 45,Low,1,-13.0,1,0,0,2013-06-04 03:44:44,2013-06-04 07:34:46,False,False,False,False,True,True,True
23,Less than 25,Medium,2,0.0,7,1,0,2013-04-02 02:25:10,2013-04-15 09:11:23,False,True,False,False,False,True,False
28,25 - 45,Low,0,-1.0,4,1,1,2013-03-29 04:43:06,2013-03-30 08:21:07,False,True,False,False,False,True,True
36,25 - 45,Low,5,-2.0,2,0,0,2013-09-17 08:35:34,2013-09-18 08:12:40,False,False,True,False,False,True,False
36,25 - 45,Medium,9,0.0,6,1,1,2013-04-06 01:15:11,2013-04-25 06:15:47,False,True,False,False,False,True,False
45,Greater than 45,Low,0,0.0,1,0,0,2014-03-31 01:28:27,2014-04-01 04:42:33,False,False,True,False,False,True,True
24,Less than 25,Medium,1,-1.0,5,0,0,2013-08-19 04:57:00,2013-08-20 06:13:54,False,True,False,False,False,False,False
22,Less than 25,Low,0,-1.0,4,0,0,2013-01-31 04:40:20,2013-02-02 12:53:20,False,False,False,False,True,False,False
40,25 - 45,Medium,0,-1.0,5,0,0,2014-02-16 09:48:15,2014-02-19 04:10:54,False,True,False,False,False,False,True
38,25 - 45,Low,1,-1.0,1,0,0,2013-09-29 09:18:50,2013-09-30 08:38:57,False,False,False,False,True,True,False
26,25 - 45,Medium,6,-1.0,6,1,1,2013-12-29 04:37:10,2014-01-01 07:59:30,False,False,False,False,False,False,False
30,25 - 45,Medium,9,-1.0,7,1,1,2013-01-12 01:44:17,2013-01-20 02:33:15,False,False,False,False,False,True,False
37,25 - 45,High,18,-1.0,9,0,0,2013-03-25 05:57:23,2013-03-26 07:50:11,False,False,False,False,False,True,True
30,25 - 45,Low,3,-1.0,2,0,0,2014-01-11 06:56:43,2014-01-12 02:17:00,False,False,False,False,False,False,False
46,Greater than 45,Low,0,-1.0,1,0,0,2013-12-30 11:43:47,2013-12-31 01:41:52,False,True,False,False,False,True,True
35,25 - 45,Low,0,-2.0,3,0,0,2013-04-03 10:17:52,2013-04-04 07:37:40,False,False,False,False,False,True,False
27,25 - 45,Low,1,-1.0,2,0,0,2014-03-08 05:10:54,2014-03-09 10:11:30,False,False,True,False,False,True,True
29,25 - 45,Low,0,0.0,1,0,0,2013-11-28 06:52:48,2013-11-29 10:35:24,False,False,False,False,False,True,True
29,25 - 45,Medium,5,0.0,7,1,0,2013-03-18 02:41:56,2013-03-19 07:45:36,False,False,False,False,False,False,False
43,25 - 45,Low,0,-1.0,1,0,0,2013-03-10 08:27:36,2013-03-11 07:22:36,False,False,True,False,False,True,True
49,Greater than 45,Medium,4,0.0,6,1,1,2013-01-24 02:26:10,2013-02-10 04:25:50,False,True,False,False,False,True,True
31,25 - 45,Low,1,0.0,3,0,0,2013-04-17 01:33:57,2013-04-18 10:26:00,False,False,True,False,False,True,True
22,Less than 25,High,0,-6.0,8,0,0,2013-07-17 11:09:16,2013-07-18 07:36:50,False,False,False,False,False,False,False
52,Greater than 45,Low,3,0.0,1,0,0,2014-01-13 02:37:51,2014-01-13 07:46:57,False,False,False,False,False,False,False
40,25 - 45,Low,1,0.0,1,0,0,2013-09-30 02:19:47,2013-10-01 02:06:16,False,False,False,False,True,True,False
26,25 - 45,Medium,6,-8.0,5,0,0,2013-10-15 07:14:52,2013-10-17 05:10:33,False,False,False,False,False,True,True
36,25 - 45,Low,1,0.0,1,0,0,2013-08-19 05:01:46,2013-08-19 07:34:52,False,False,False,False,False,True,True
35,25 - 45,Low,4,-30.0,3,0,0,2013-08-13 08:23:34,2013-08-27 06:21:58,False,True,False,False,False,False,False
31,25 - 45,Low,0,0.0,1,0,0,2013-01-01 04:29:04,2013-01-06 08:57:53,False,True,False,False,False,True,True
41,25 - 45,Low,0,-1.0,1,0,0,2013-11-21 10:10:58,2013-11-22 09:18:22,False,False,False,False,False,False,True
28,25 - 45,Low,0,-1.0,2,0,0,2014-02-10 04:55:34,2014-02-11 01:42:01,False,False,False,False,False,True,False
52,Greater than 45,Low,3,-1.0,4,0,0,2013-01-31 10:43:21,2013-02-14 06:00:43,False,False,True,False,False,True,False
25,25 - 45,Medium,6,-1.0,6,0,0,2013-02-26 07:19:35,2013-02-27 01:47:04,False,False,False,False,False,True,True
57,Greater than 45,Low,0,-2.0,1,0,0,2013-07-16 09:13:15,2013-07-18 11:14:39,False,True,False,False,False,True,False
26,25 - 45,Low,1,0.0,3,0,0,2013-01-24 12:37:35,2013-01-24 10:48:46,False,True,False,False,False,True,False
25,25 - 45,Medium,4,-1.0,5,0,0,2013-02-07 02:50:10,2013-02-08 07:36:45,False,False,False,False,False,False,False
37,25 - 45,Low,0,-1.0,1,1,1,2013-03-25 07:15:23,2013-03-26 07:49:33,False,False,False,False,False,True,True
37,25 - 45,Low,1,-1.0,3,0,0,2013-06-18 03:54:18,2013-06-18 05:45:50,False,False,True,False,False,True,False
32,25 - 45,Low,1,0.0,4,0,0,2013-01-16 12:41:51,2013-01-16 06:44:28,False,False,False,False,False,True,False
30,25 - 45,Medium,1,-1.0,6,1,1,2013-02-07 03:51:09,2013-02-08 02:09:27,False,False,False,False,False,True,False
41,25 - 45,Low,1,-1.0,1,0,0,2013-02-25 05:22:38,2013-02-27 05:48:55,False,False,False,False,False,True,False
52,Greater than 45,Low,0,0.0,1,0,0,2013-03-25 04:21:35,2013-03-25 08:42:53,False,True,False,False,False,False,True
35,25 - 45,Medium,3,0.0,6,1,1,2013-05-06 03:16:04,2013-05-07 02:38:52,False,False,False,False,False,False,True
36,25 - 45,Low,0,-1.0,1,0,0,2013-02-10 11:35:53,2013-02-11 07:32:57,False,False,False,False,False,True,False
36,25 - 45,High,9,0.0,8,0,0,2013-02-13 12:13:45,2013-02-15 09:20:16,False,False,False,False,False,True,True
56,Greater than 45,Low,1,0.0,2,0,0,2013-11-03 04:56:58,2013-11-04 08:10:50,False,True,False,False,False,True,False
56,Greater than 45,Low,1,0.0,2,0,0,2014-02-26 02:55:56,2014-03-13 08:51:59,False,True,False,False,False,True,False
50,Greater than 45,Low,1,-4.0,1,0,0,2013-09-12 09:32:07,2013-09-14 03:06:18,False,True,False,False,False,True,False
34,25 - 45,Low,0,-1.0,2,0,0,2013-12-15 08:07:23,2013-12-16 08:32:54,True,False,False,False,False,True,True
28,25 - 45,High,0,0.0,8,0,0,2013-10-29 04:01:57,2013-11-27 06:51:07,False,False,False,False,False,False,False
52,Greater than 45,Low,1,0.0,1,0,0,2013-04-02 01:14:06,2013-04-03 03:39:16,False,True,False,False,False,True,True
34,25 - 45,Medium,1,-2.0,5,0,0,2013-08-28 05:17:09,2013-08-29 10:00:01,False,True,False,False,False,True,False
30,25 - 45,Medium,5,-1.0,6,1,1,2013-03-03 06:23:59,2013-03-04 08:33:50,False,False,False,False,False,True,False
20,Less than 25,Low,1,-1.0,4,0,0,2014-03-01 08:06:39,2014-03-02 08:12:02,False,False,False,False,True,False,True
24,Less than 25,Low,2,-1.0,4,1,1,2014-07-08 03:40:37,2014-07-09 07:31:40,False,False,False,False,True,False,False
23,Less than 25,Medium,0,-1.0,5,0,0,2013-04-06 09:06:58,2013-04-10 05:44:03,False,False,False,False,False,True,False
32,25 - 45,Low,0,-1.0,2,0,0,2013-03-03 03:33:48,2013-03-04 07:08:59,False,False,False,False,False,True,False
58,Greater than 45,Low,10,0.0,3,1,0,2013-04-25 02:34:13,2013-04-25 08:03:17,False,True,False,False,False,True,True
45,Greater than 45,Low,3,0.0,2,0,0,2014-02-27 09:17:50,2014-03-01 04:32:54,False,False,False,False,False,True,True
23,Less than 25,Low,0,-1.0,4,1,0,2013-01-30 10:25:05,2013-02-01 02:10:14,False,False,False,False,False,False,True
55,Greater than 45,Low,0,-1.0,3,0,0,2013-11-08 11:23:28,2013-11-09 02:08:01,False,True,False,False,False,True,False
56,Greater than 45,Low,1,-1.0,1,1,0,2013-01-17 10:28:39,2013-01-18 08:29:47,False,True,False,False,False,True,False
23,Less than 25,Medium,4,0.0,6,1,1,2014-10-13 12:49:23,2014-10-13 01:44:37,False,True,False,False,False,True,False
69,Greater than 45,Low,0,-1.0,1,0,0,2013-10-02 11:30:23,2013-10-03 08:15:01,False,False,False,False,True,True,True
48,Greater than 45,Medium,0,-1.0,5,0,0,2014-01-12 10:49:59,2014-01-22 08:49:33,False,False,False,False,False,False,True
50,Greater than 45,Low,4,-1.0,3,0,0,2013-12-05 02:24:02,2013-12-18 10:47:36,False,False,False,False,False,False,False
24,Less than 25,Low,1,-1.0,4,1,1,2014-01-30 11:29:50,2014-01-31 08:13:34,False,False,False,False,False,True,True
41,25 - 45,Medium,2,-1.0,5,0,0,2013-08-21 10:34:23,2013-09-05 09:41:59,False,False,False,False,False,True,False
27,25 - 45,Low,2,0.0,4,1,1,2013-12-07 03:16:27,2013-12-08 08:18:55,False,True,False,False,False,True,True
24,Less than 25,Low,2,-25.0,3,0,0,2013-02-28 01:07:46,2013-03-09 02:28:38,False,False,True,False,False,True,False
42,25 - 45,Low,0,-3.0,2,0,0,2013-05-25 04:27:15,2013-05-26 07:10:19,False,True,False,False,False,False,False
40,25 - 45,Low,1,-21.0,1,0,0,2013-12-02 03:16:31,2013-12-23 11:40:21,False,True,False,False,False,True,False
54,Greater than 45,Low,2,-3.0,2,0,0,2013-12-20 01:27:45,2013-12-20 08:11:49,False,True,False,False,False,False,False
57,Greater than 45,Low,0,-1.0,1,0,0,2014-01-13 05:48:01,2014-01-14 07:49:46,False,False,False,False,True,True,False
21,Less than 25,Medium,0,-1.0,5,0,0,2013-04-29 05:05:43,2013-04-30 01:18:50,False,True,False,False,False,False,True
22,Less than 25,Low,2,-1.0,3,0,0,2013-12-19 08:49:18,2013-12-20 07:52:14,False,True,False,False,False,False,False
22,Less than 25,Medium,0,-1.0,7,0,0,2013-01-08 02:04:01,2013-01-09 12:43:02,False,False,False,False,False,True,False
24,Less than 25,Medium,0,-1.0,7,0,0,2013-10-06 11:32:23,2013-10-07 06:38:36,False,False,False,False,False,False,False
30,25 - 45,High,8,-1.0,10,1,1,2013-02-20 02:14:37,2013-02-21 07:47:06,False,False,False,False,False,True,True
29,25 - 45,Low,0,-1.0,1,0,0,2013-01-02 08:04:21,2013-01-03 11:24:59,False,False,False,False,True,True,False
27,25 - 45,High,5,0.0,9,0,0,2013-08-24 03:53:34,2013-08-25 08:30:23,False,True,False,False,False,True,True
27,25 - 45,Low,0,-1.0,2,0,0,2013-01-21 11:20:20,2013-01-22 09:49:51,False,False,False,False,True,False,True
24,Less than 25,High,0,-1.0,8,1,1,2013-01-17 07:29:28,2013-01-19 03:27:48,False,False,False,False,False,True,True
34,25 - 45,Medium,1,-1.0,5,0,0,2013-08-27 12:17:50,2013-08-28 08:02:22,False,True,False,False,False,True,False
51,Greater than 45,Low,1,-1.0,2,0,0,2013-09-25 09:56:06,2014-03-07 03:16:11,False,False,False,False,False,True,False
48,Greater than 45,High,23,-1.0,8,1,1,2013-02-08 07:54:34,2014-02-04 06:26:47,False,True,False,False,False,True,False
41,25 - 45,Low,1,-1.0,1,0,0,2013-03-31 07:44:17,2013-07-23 07:27:00,False,False,True,False,False,True,True
25,25 - 45,Medium,1,0.0,5,0,0,2013-10-30 02:46:22,2013-10-30 08:28:58,False,False,False,False,False,True,False
40,25 - 45,Medium,8,-1.0,7,1,1,2013-12-13 03:49:59,2014-01-22 08:33:50,False,False,False,False,True,True,False
44,25 - 45,Low,6,0.0,3,0,0,2013-03-22 12:07:37,2013-03-22 08:51:12,False,True,False,False,False,True,False
59,Greater than 45,Low,0,-2.0,1,0,0,2013-08-25 04:54:17,2013-08-26 08:49:40,False,False,True,False,False,True,True
48,Greater than 45,Low,6,-1.0,3,0,0,2013-11-23 10:19:26,2013-11-25 03:46:03,False,False,False,False,False,True,False
31,25 - 45,Low,0,0.0,4,0,0,2013-04-26 12:08:59,2013-05-18 07:59:34,False,False,False,False,False,True,True
31,25 - 45,High,0,-1.0,10,0,0,2013-05-23 07:29:12,2013-08-12 07:13:27,False,False,True,False,False,True,False
46,Greater than 45,Low,0,-1.0,1,0,0,2013-03-24 09:03:12,2013-03-25 07:14:16,False,True,False,False,False,True,False
29,25 - 45,High,0,-1.0,8,0,0,2013-08-10 05:05:35,2013-11-08 03:38:30,False,True,False,False,False,True,False
48,Greater than 45,Low,0,-1.0,2,0,0,2013-03-17 10:10:13,2013-03-20 09:25:28,True,False,False,False,False,True,False
46,Greater than 45,Low,1,-2.0,1,0,0,2014-01-25 04:52:02,2014-01-26 01:43:13,False,False,True,False,False,True,True
22,Less than 25,Low,2,-1.0,4,0,0,2013-08-21 01:46:04,2013-08-22 09:03:13,False,True,False,False,False,True,False
32,25 - 45,Low,0,-1.0,1,0,0,2013-04-07 07:03:09,2013-04-26 08:49:05,False,True,False,False,False,True,True
39,25 - 45,Low,1,-1.0,4,0,0,2013-02-25 07:42:47,2013-06-12 04:31:04,False,True,False,False,False,False,False
47,Greater than 45,Low,9,-1.0,4,1,0,2013-08-05 06:18:35,2013-10-09 05:46:08,False,False,False,False,False,True,False
37,25 - 45,Medium,9,-1.0,5,0,0,2013-02-06 02:39:48,2013-02-08 06:25:56,False,False,True,False,False,True,False
44,25 - 45,Medium,3,-4.0,5,0,0,2013-03-22 11:44:12,2013-03-23 07:50:49,False,True,False,False,False,True,False
56,Greater than 45,Low,0,-1.0,1,0,0,2014-03-02 03:51:04,2014-03-03 07:47:20,False,True,False,False,False,True,False
37,25 - 45,Low,0,-1.0,4,0,0,2013-01-27 11:03:53,2013-01-28 08:38:10,False,True,False,False,False,True,True
55,Greater than 45,Low,0,-1.0,1,0,0,2013-05-25 05:28:09,2013-05-26 08:34:54,False,True,False,False,False,True,True
34,25 - 45,Low,0,-1.0,2,0,0,2014-02-15 08:15:10,2014-02-16 09:38:43,False,True,False,False,False,True,True
45,Greater than 45,Low,5,-1.0,2,0,0,2013-07-01 03:16:14,2013-07-01 07:50:03,False,True,False,False,False,False,True
41,25 - 45,Low,1,-1.0,1,0,0,2014-03-18 09:24:52,2014-03-19 10:49:59,False,True,False,False,False,True,False
28,25 - 45,Medium,4,-1.0,7,0,0,2013-03-24 11:47:45,2013-04-23 09:07:38,False,False,False,False,False,True,False
52,Greater than 45,Low,2,-1.0,1,0,0,2014-02-19 05:45:59,2014-03-02 01:23:10,False,False,False,False,False,True,True
24,Less than 25,Low,0,-1.0,2,0,0,2013-10-26 05:22:40,2013-11-01 09:17:55,False,False,True,False,False,True,False
38,25 - 45,Low,1,-1.0,1,1,1,2014-05-16 05:12:16,2014-05-17 09:27:02,False,False,False,False,True,True,False
22,Less than 25,Medium,0,0.0,5,1,0,2013-02-19 03:51:56,2013-02-20 03:44:09,False,True,False,False,False,True,False
33,25 - 45,Low,0,-1.0,1,0,0,2013-04-10 11:35:35,2013-04-11 07:36:36,False,True,False,False,False,True,False
24,Less than 25,Medium,6,-1.0,6,0,0,2013-01-30 07:28:56,2013-12-06 07:37:33,False,False,False,False,False,False,True
53,Greater than 45,Low,0,0.0,1,0,0,2013-09-23 02:29:56,2013-09-23 08:46:28,False,False,False,False,False,False,False
54,Greater than 45,Low,1,-1.0,1,0,0,2013-05-25 10:06:39,2013-05-26 08:34:01,False,False,False,False,False,True,True
35,25 - 45,Medium,6,-10.0,5,1,1,2013-10-29 08:37:39,2013-10-31 02:30:32,False,True,False,False,False,True,False
28,25 - 45,Low,0,-1.0,2,0,0,2013-04-13 09:40:01,2013-04-14 02:57:23,False,True,False,False,False,True,False
53,Greater than 45,Low,1,-21.0,1,0,0,2014-02-19 10:59:41,2014-03-12 11:18:36,False,True,False,False,False,True,False
43,25 - 45,Low,2,0.0,1,0,0,2013-04-04 09:42:56,2013-04-05 06:24:43,False,False,False,False,False,True,False
62,Greater than 45,,1,-2.0,-1,0,0,2013-09-21 10:16:36,2013-09-22 01:50:26,False,False,False,False,True,False,False
29,25 - 45,Low,0,-1.0,1,0,0,2013-02-24 04:36:56,2013-02-25 01:34:48,True,False,False,False,False,True,False
35,25 - 45,Medium,1,-1.0,6,1,0,2013-04-02 05:26:56,2013-06-05 09:30:05,False,False,False,False,False,True,True
42,25 - 45,Low,0,0.0,1,0,0,2013-04-17 03:45:48,2013-04-18 05:26:44,False,False,False,False,False,True,False
26,25 - 45,Low,0,0.0,2,1,0,2013-08-16 06:08:42,2013-08-18 05:08:01,False,True,False,False,False,True,False
28,25 - 45,Medium,8,-1.0,6,1,0,2013-01-16 11:54:04,2013-02-26 04:08:32,False,False,False,False,False,True,False
22,Less than 25,High,1,-1.0,9,0,0,2013-11-18 05:01:48,2013-11-23 01:08:06,False,False,False,False,False,True,False
30,25 - 45,Low,0,-1.0,1,0,0,2014-03-02 12:10:27,2014-03-03 01:31:13,False,True,False,False,False,True,False
31,25 - 45,High,13,-1.0,10,1,1,2013-02-25 06:43:30,2014-06-11 12:57:06,False,True,False,False,False,True,False
44,25 - 45,High,1,-1.0,8,0,0,2013-10-03 06:09:07,2013-10-04 08:07:14,False,True,False,False,False,True,False
39,25 - 45,,0,-1.0,-1,0,0,2013-05-11 05:10:47,2013-05-12 05:55:20,False,True,False,False,False,False,True
23,Less than 25,Medium,3,-1.0,5,1,1,2014-05-08 09:00:55,2014-05-09 01:44:12,False,False,False,False,False,False,False
22,Less than 25,Low,0,-1.0,4,0,0,2013-03-28 03:18:17,2013-03-29 01:00:12,False,True,False,False,False,True,False
31,25 - 45,Low,0,-1.0,2,0,0,2014-01-04 09:31:56,2014-01-05 01:37:46,False,False,False,False,False,False,True
24,Less than 25,Low,1,-1.0,2,0,0,2013-10-07 09:18:48,2013-10-08 02:16:44,False,False,False,False,False,True,False
42,25 - 45,Low,5,-1.0,4,0,0,2013-11-05 08:48:20,2013-12-06 11:30:35,False,True,False,False,False,True,False
29,25 - 45,Low,0,0.0,1,0,0,2013-12-28 06:06:48,2013-12-29 02:05:08,False,True,False,False,False,True,True
30,25 - 45,High,11,-1.0,8,0,0,2013-04-30 09:54:32,2013-05-01 08:55:25,False,False,False,False,False,True,False
36,25 - 45,Low,1,0.0,2,0,0,2014-02-10 03:17:30,2014-02-10 08:03:23,False,False,True,False,False,True,True
24,Less than 25,Low,1,-1.0,4,0,0,2013-02-04 03:27:19,2013-02-06 10:01:51,False,False,False,False,False,True,True
25,25 - 45,Medium,1,0.0,6,0,0,2013-01-27 06:04:54,2013-01-29 04:29:16,False,False,False,False,False,True,False
22,Less than 25,Low,0,-1.0,4,0,0,2013-01-31 02:25:40,2013-02-01 08:48:35,False,False,False,False,False,True,False
33,25 - 45,Low,2,0.0,3,0,0,2013-10-08 02:14:25,2013-10-08 11:59:33,False,False,False,False,False,True,True
59,Greater than 45,Low,2,-19.0,1,0,0,2013-11-03 10:51:50,2013-11-22 06:16:52,False,True,False,False,False,True,False
27,25 - 45,Medium,2,-1.0,7,0,0,2013-01-02 07:07:44,2013-03-26 10:38:08,False,False,False,False,False,True,False
29,25 - 45,High,16,-1.0,10,0,0,2013-04-10 04:38:27,2013-04-27 04:55:16,False,False,False,False,False,True,False
24,Less than 25,Medium,3,-1.0,5,0,0,2013-05-08 11:47:13,2013-05-09 07:58:42,False,True,False,False,False,True,False
31,25 - 45,Low,2,0.0,3,0,0,2013-05-10 02:37:25,2013-05-10 08:03:14,False,True,False,False,False,True,True
47,Greater than 45,Low,0,-1.0,1,0,0,2013-04-02 11:45:32,2013-04-03 07:34:16,False,True,False,False,False,False,True
37,25 - 45,Low,0,-1.0,2,0,0,2013-02-09 11:48:32,2013-02-10 08:32:47,False,False,False,True,False,True,False
33,25 - 45,Low,2,-1.0,2,0,0,2013-03-29 10:41:27,2013-03-31 02:30:16,False,True,False,False,False,True,True
25,25 - 45,Medium,2,-1.0,5,0,0,2013-01-02 11:31:06,2013-01-29 09:34:50,False,False,False,False,False,True,False
30,25 - 45,Low,0,-1.0,2,0,0,2013-01-14 07:16:50,2013-01-17 03:17:43,False,False,False,False,False,True,False
29,25 - 45,Low,0,-3.0,4,0,0,2013-04-05 11:21:31,2013-04-06 01:18:28,False,False,False,False,False,False,False
27,25 - 45,Medium,0,0.0,5,0,0,2013-12-06 03:15:24,2013-12-06 09:29:08,False,True,False,False,False,False,False
29,25 - 45,Low,0,-1.0,1,0,0,2014-03-01 02:42:35,2014-03-02 08:38:51,False,False,False,False,False,True,False
67,Greater than 45,Low,0,0.0,1,0,0,2014-01-07 04:54:59,2014-01-07 08:19:22,False,True,False,False,False,True,True
53,Greater than 45,Medium,5,-1.0,6,0,0,2014-02-03 06:26:31,2014-02-05 01:44:53,False,False,False,False,False,False,False
40,25 - 45,Low,3,0.0,4,0,0,2014-01-10 02:56:51,2014-02-19 11:13:51,False,True,False,False,False,True,True
36,25 - 45,Low,0,0.0,1,0,0,2013-08-01 12:11:18,2013-08-01 08:31:19,False,False,False,False,True,True,True
31,25 - 45,Low,2,-1.0,4,0,0,2013-04-28 02:35:06,2013-04-30 03:26:44,False,False,False,False,False,True,True
38,25 - 45,Low,2,-1.0,3,0,0,2013-10-19 06:29:28,2013-10-20 05:02:11,False,True,False,False,False,False,True
69,Greater than 45,Low,0,-3.0,1,0,0,2013-07-07 11:26:52,2013-07-08 08:36:55,False,True,False,False,False,True,True
22,Less than 25,Low,0,-1.0,3,1,1,2013-04-19 11:33:48,2013-04-20 01:40:27,False,False,False,False,False,True,True
33,25 - 45,Low,1,0.0,1,0,0,2014-01-24 02:49:16,2014-01-24 09:38:22,False,True,False,False,False,False,True
46,Greater than 45,Low,0,-1.0,1,0,0,2013-09-19 09:16:58,2013-09-24 12:07:46,False,False,False,False,True,True,False
28,25 - 45,High,14,-1.0,9,0,0,2013-12-30 11:05:49,2013-12-31 07:56:01,False,True,False,False,False,True,False
24,Less than 25,Low,0,-1.0,3,0,0,2014-03-16 10:38:41,2014-03-18 05:32:41,False,False,False,False,False,True,True
38,25 - 45,Low,0,0.0,1,0,0,2013-03-31 03:07:51,2013-04-01 06:36:12,False,False,True,False,False,True,False
24,Less than 25,Low,1,-1.0,3,0,0,2013-12-06 03:59:45,2013-12-07 08:00:48,False,False,False,False,True,True,False
22,Less than 25,Low,0,0.0,3,0,0,2013-05-24 04:43:42,2013-05-28 02:26:27,False,True,False,False,False,True,False
55,Greater than 45,Low,2,-1.0,1,0,0,2013-05-26 09:39:19,2013-05-27 12:50:46,False,False,False,False,False,False,False
22,Less than 25,Low,0,-1.0,3,0,0,2013-04-10 07:51:06,2013-04-11 07:48:52,False,True,False,False,False,True,False
25,25 - 45,Low,0,-2.0,2,0,0,2013-05-26 01:54:05,2013-05-26 09:24:25,False,True,False,False,False,True,True
32,25 - 45,Low,3,-1.0,1,1,1,2013-11-18 10:28:15,2013-11-21 05:15:36,False,False,False,False,False,True,False
29,25 - 45,High,5,-1.0,10,1,0,2013-05-09 01:29:58,2013-05-11 06:16:17,False,False,False,False,False,True,False
55,Greater than 45,Low,1,-1.0,1,0,0,2013-09-09 04:06:52,2013-09-18 10:30:00,False,False,False,False,False,True,False
26,25 - 45,Low,0,-1.0,3,0,0,2013-04-04 10:35:20,2013-04-05 01:26:38,False,True,False,False,False,True,False
31,25 - 45,Medium,0,-2.0,6,1,1,2013-07-09 03:27:31,2013-07-11 01:36:23,False,False,False,False,False,False,True
19,Less than 25,High,0,-1.0,9,1,1,2014-10-07 03:10:54,2014-10-08 08:30:31,False,False,False,False,True,True,True
54,Greater than 45,Low,2,-1.0,1,1,0,2013-03-08 01:01:34,2013-04-16 01:26:45,False,True,False,False,False,True,True
21,Less than 25,Medium,0,-1.0,5,0,0,2013-05-24 12:37:03,2013-05-25 08:02:40,False,True,False,False,False,False,False
27,25 - 45,Medium,0,-1.0,5,0,0,2013-04-29 03:55:56,2013-05-01 03:19:29,False,False,False,False,True,True,True
40,25 - 45,Medium,4,0.0,7,0,0,2013-09-27 01:04:37,2013-09-28 04:31:01,False,True,False,False,False,True,False
23,Less than 25,Medium,2,-2.0,5,1,1,2013-09-03 04:05:37,2013-09-04 08:26:49,False,False,False,False,False,False,False
51,Greater than 45,Low,3,-1.0,2,0,0,2014-01-28 04:06:13,2014-01-29 09:09:45,False,False,False,False,False,True,False
28,25 - 45,Low,3,0.0,2,0,0,2013-04-14 03:12:34,2013-04-14 07:22:40,False,False,False,False,False,True,True
45,Greater than 45,Low,7,-1.0,2,0,0,2013-02-20 05:56:15,2013-02-21 07:41:49,False,True,False,False,False,True,False
24,Less than 25,Medium,3,-1.0,5,1,1,2013-12-22 06:05:43,2013-12-23 07:54:43,False,True,False,False,False,True,True
48,Greater than 45,Low,0,-1.0,1,0,0,2013-09-25 08:20:02,2013-10-28 10:14:25,False,True,False,False,False,True,False
54,Greater than 45,Low,2,-1.0,2,1,1,2013-09-07 05:25:52,2013-09-08 06:43:55,False,False,False,False,True,True,True
63,Greater than 45,Low,2,-1.0,1,0,0,2014-03-28 11:14:31,2014-03-30 04:46:03,False,False,False,False,False,True,True
55,Greater than 45,Low,0,-1.0,1,1,0,2013-01-18 06:53:17,2013-01-19 01:06:33,False,True,False,False,False,True,False
29,25 - 45,Low,0,-1.0,3,0,0,2013-05-22 08:43:56,2013-05-23 08:01:27,False,True,False,False,False,True,True
44,25 - 45,Low,1,-1.0,1,0,0,2013-12-18 07:50:18,2013-12-19 08:37:29,False,False,False,False,False,True,False
21,Less than 25,Medium,1,-1.0,5,0,0,2013-12-12 10:48:59,2013-12-13 08:38:42,False,False,True,False,False,True,False
23,Less than 25,Medium,6,0.0,6,1,1,2013-04-26 05:16:50,2013-04-27 07:43:41,False,False,False,False,False,True,False
41,25 - 45,Medium,1,-1.0,5,0,0,2013-09-07 07:00:04,2013-09-09 03:23:49,False,False,False,False,False,True,True
31,25 - 45,Low,3,-1.0,3,1,1,2013-09-19 06:33:00,2013-10-05 01:36:21,False,False,False,False,False,True,False
55,Greater than 45,Low,0,-1.0,1,0,0,2013-05-09 10:15:50,2013-05-10 08:38:51,False,True,False,False,False,False,True
30,25 - 45,Low,0,-1.0,1,0,0,2013-09-22 01:14:48,2013-09-23 08:25:00,False,False,False,False,True,True,False
26,25 - 45,Low,0,-1.0,2,0,0,2013-05-25 05:26:05,2013-05-27 06:22:44,False,False,False,False,False,True,False
34,25 - 45,Low,0,-1.0,4,0,0,2013-10-02 07:42:44,2013-10-30 09:15:07,False,True,False,False,False,True,False
38,25 - 45,Low,0,-1.0,1,0,0,2013-08-27 12:55:12,2013-08-28 10:01:11,False,True,False,False,False,True,True
24,Less than 25,Low,0,0.0,2,0,0,2013-01-03 12:11:06,2013-01-03 07:16:21,False,False,False,False,False,True,False
33,25 - 45,Low,3,0.0,3,0,0,2013-03-30 03:59:43,2013-03-30 08:08:08,False,True,False,False,False,True,True
59,Greater than 45,Low,1,-1.0,1,0,0,2013-04-26 10:39:22,2013-04-27 01:07:17,False,False,True,False,False,True,True
24,Less than 25,Medium,0,0.0,5,0,0,2013-04-26 05:00:40,2013-04-26 08:04:26,False,False,False,False,True,False,False
38,25 - 45,Low,2,0.0,2,0,0,2013-10-07 03:09:55,2013-11-05 11:20:31,False,False,True,False,False,True,True
28,25 - 45,Low,0,-1.0,2,1,1,2014-10-25 08:45:48,2014-10-26 08:24:24,False,True,False,False,False,True,False
39,25 - 45,High,10,-1.0,9,0,0,2013-01-11 12:37:30,2013-02-21 07:26:22,False,False,False,False,False,True,True
26,25 - 45,High,1,-1.0,8,1,1,2014-07-14 06:15:12,2014-07-16 02:43:22,False,False,False,False,False,True,True
32,25 - 45,Low,0,-1.0,2,0,0,2014-02-04 12:32:17,2014-02-05 09:57:20,False,False,False,False,False,False,True
26,25 - 45,High,4,-1.0,8,1,1,2014-05-22 04:00:39,2014-05-23 01:52:25,False,False,False,False,False,False,False
22,Less than 25,Low,1,-4.0,4,0,0,2013-03-21 09:23:27,2013-03-22 08:46:08,False,False,True,False,False,False,False
25,25 - 45,Medium,6,-1.0,7,1,1,2014-09-30 08:47:42,2014-10-02 08:08:10,False,False,False,False,False,True,True
27,25 - 45,Low,3,-1.0,2,0,0,2014-03-01 05:05:24,2014-03-02 08:32:37,False,False,False,False,False,True,True
29,25 - 45,Low,2,-24.0,2,0,0,2013-10-15 09:16:10,2013-11-07 08:56:00,False,True,False,False,False,True,False
21,Less than 25,High,3,-3.0,9,1,1,2013-03-05 08:54:54,2013-03-06 11:00:34,False,False,False,False,False,True,False
54,Greater than 45,Low,0,-1.0,1,0,0,2013-01-26 07:42:36,2013-01-27 01:56:31,False,True,False,False,False,True,True
32,25 - 45,Low,1,-1.0,2,0,0,2014-01-16 11:12:39,2014-01-17 09:32:03,False,False,False,False,False,True,False
60,Greater than 45,,0,-1.0,-1,0,0,2013-02-07 09:00:40,2013-02-08 08:10:45,False,True,False,False,False,True,False
30,25 - 45,Low,0,-7.0,3,0,0,2014-02-05 05:34:10,2014-02-11 09:01:58,False,True,False,False,False,True,False
60,Greater than 45,Low,12,-1.0,3,0,0,2013-05-02 10:16:05,2013-05-03 12:40:40,False,False,False,False,False,True,False
41,25 - 45,Low,0,0.0,1,0,0,2014-01-07 04:31:06,2014-01-08 03:21:00,False,False,False,False,False,True,True
48,Greater than 45,Medium,12,0.0,5,0,0,2013-03-16 03:19:01,2013-03-17 08:00:36,False,False,False,False,True,True,False
25,25 - 45,Low,0,0.0,2,1,1,2014-03-22 02:24:16,2014-06-20 08:29:13,False,False,False,False,False,True,False
25,25 - 45,Medium,2,-1.0,6,0,0,2013-02-22 09:54:24,2013-02-23 08:54:17,False,False,False,False,False,True,False
34,25 - 45,Low,0,-3.0,1,0,0,2014-03-14 08:24:54,2014-03-15 11:00:52,False,False,False,False,False,True,False
42,25 - 45,Low,6,-4.0,3,0,0,2013-09-13 12:01:41,2013-09-13 09:01:37,False,True,False,False,False,True,False
26,25 - 45,Low,1,-1.0,2,0,0,2013-09-08 05:10:12,2013-09-09 08:57:08,False,False,False,False,False,False,True
45,Greater than 45,Low,0,-1.0,1,0,0,2013-01-04 05:56:18,2013-01-05 07:57:29,False,True,False,False,False,True,True
21,Less than 25,High,2,-1.0,9,0,0,2013-10-19 07:50:05,2013-10-20 08:38:22,False,False,False,False,False,False,False
21,Less than 25,High,2,0.0,10,1,1,2013-09-13 06:24:14,2013-09-14 04:42:09,False,False,False,False,False,True,False
37,25 - 45,Medium,0,-1.0,5,0,0,2013-02-18 12:07:07,2013-06-25 07:31:42,False,True,False,False,False,True,False
34,25 - 45,Medium,3,-1.0,5,0,0,2013-12-26 08:22:16,2013-12-27 07:03:25,False,True,False,False,False,True,True
26,25 - 45,Low,0,-1.0,2,0,0,2013-01-01 05:21:55,2013-01-02 01:16:14,False,True,False,False,False,True,True
29,25 - 45,Low,0,0.0,2,0,0,2013-08-07 04:13:32,2013-08-08 01:51:29,False,False,False,False,False,True,True
29,25 - 45,Low,0,-2.0,3,0,0,2013-07-06 01:44:27,2013-07-07 01:34:55,False,True,False,False,False,True,True
22,Less than 25,Low,0,0.0,4,0,0,2013-10-14 04:47:15,2013-10-15 04:13:04,False,True,False,False,False,True,True
29,25 - 45,Low,0,-1.0,2,0,0,2013-04-14 09:00:15,2013-04-15 08:50:37,False,True,False,False,False,True,False
49,Greater than 45,Low,0,0.0,1,0,0,2013-08-02 04:43:01,2013-08-02 08:31:32,False,True,False,False,False,True,True
23,Less than 25,Low,0,-1.0,2,1,1,2014-11-27 03:02:28,2014-11-28 01:33:26,False,False,False,False,False,True,False
62,Greater than 45,Low,0,-2.0,1,0,0,2013-11-04 01:53:24,2013-11-05 07:23:37,False,False,True,False,False,True,True
26,25 - 45,Medium,1,-1.0,6,0,0,2013-08-21 04:14:04,2013-08-22 07:41:00,False,False,False,False,False,True,False
42,25 - 45,Low,0,-1.0,1,0,0,2014-03-15 05:38:42,2014-03-16 07:22:05,False,True,False,False,False,False,True
69,Greater than 45,Low,3,0.0,1,0,0,2013-08-07 02:40:49,2013-08-07 08:00:30,False,False,False,False,False,True,True
46,Greater than 45,Low,0,-1.0,1,0,0,2014-03-21 09:47:15,2014-03-22 10:57:18,False,False,False,False,False,False,False
40,25 - 45,Low,4,-1.0,4,1,0,2013-01-09 03:40:18,2013-01-11 06:28:12,False,True,False,False,False,False,False
26,25 - 45,High,24,0.0,10,1,1,2013-03-01 01:25:58,2013-03-01 08:28:35,False,False,False,False,False,True,False
42,25 - 45,Low,1,-1.0,1,0,0,2014-02-01 11:16:39,2014-02-04 05:23:00,False,True,False,False,False,True,True
40,25 - 45,Low,1,-1.0,4,0,0,2013-12-23 09:56:19,2013-12-25 01:50:51,False,True,False,False,False,True,True
43,25 - 45,Low,1,-3.0,1,0,0,2014-02-21 10:15:16,2014-02-22 08:01:25,False,False,False,False,True,True,False
32,25 - 45,Low,0,0.0,1,0,0,2014-03-07 07:10:24,2014-03-17 07:16:22,False,False,True,False,False,False,True
26,25 - 45,Low,0,-1.0,4,1,1,2013-02-01 06:04:12,2013-02-02 05:16:40,False,False,False,False,False,True,True
23,Less than 25,Medium,2,-1.0,5,0,0,2013-08-14 09:28:22,2013-08-16 10:44:46,False,False,True,False,False,True,False
24,Less than 25,Medium,0,-1.0,7,0,0,2013-08-22 07:13:26,2013-08-23 07:19:05,False,False,False,False,False,False,False
57,Greater than 45,Low,4,-1.0,2,0,0,2013-03-14 11:21:16,2013-11-27 06:50:42,False,True,False,False,False,False,False
37,25 - 45,Low,2,-12.0,2,0,0,2013-08-04 08:19:11,2013-08-16 10:55:25,False,True,False,False,False,True,True
25,25 - 45,High,11,-1.0,9,1,1,2013-05-20 05:02:22,2013-05-27 02:35:13,False,False,False,False,False,True,False
53,Greater than 45,Low,3,-1.0,2,0,0,2013-05-22 02:23:12,2013-05-24 09:54:10,False,False,False,False,False,False,False
36,25 - 45,Medium,0,-1.0,7,1,1,2013-10-13 05:56:25,2013-10-14 02:07:16,False,False,False,False,False,True,True
39,25 - 45,Low,0,-1.0,1,0,0,2013-08-24 11:36:32,2013-08-25 08:34:53,False,True,False,False,False,True,True
38,25 - 45,Low,2,-1.0,1,0,0,2014-03-26 05:07:09,2014-03-27 01:44:46,False,False,False,False,True,True,False
22,Less than 25,High,0,0.0,8,0,0,2013-04-07 02:58:17,2013-04-08 03:59:46,False,True,False,False,False,True,False
29,25 - 45,Medium,1,7.0,5,0,0,2013-08-21 12:34:09,2014-02-17 03:11:38,False,False,False,False,False,False,False
28,25 - 45,High,5,0.0,9,1,0,2013-02-13 02:14:41,2013-04-05 08:12:59,False,False,False,False,False,True,False
58,Greater than 45,Low,1,-1.0,1,0,0,2013-01-11 05:59:50,2013-01-14 11:02:16,False,True,False,False,False,True,False
30,25 - 45,Medium,1,0.0,7,0,0,2013-03-04 03:53:19,2013-03-05 01:59:42,False,False,False,False,False,True,True
35,25 - 45,Low,0,-1.0,4,0,0,2013-10-13 05:47:56,2013-10-14 05:04:52,False,False,False,False,False,False,True
30,25 - 45,Low,0,-1.0,1,0,0,2014-03-30 05:12:07,2014-03-31 01:48:57,False,False,False,False,False,True,True
30,25 - 45,High,1,0.0,9,0,0,2013-09-23 12:16:20,2013-09-23 08:15:00,False,False,False,False,False,True,False
56,Greater than 45,Low,0,-1.0,1,0,0,2013-04-30 10:09:35,2013-05-06 09:12:18,False,False,False,False,False,True,False
33,25 - 45,Medium,1,-1.0,7,0,0,2013-09-12 10:04:43,2013-12-06 04:12:00,False,True,False,False,False,False,False
56,Greater than 45,Low,1,-1.0,1,0,0,2013-02-02 06:39:31,2013-02-03 07:26:51,False,True,False,False,False,True,True
57,Greater than 45,Low,0,-1.0,1,0,0,2013-03-04 07:27:27,2013-03-05 02:00:07,False,False,False,False,True,True,True
23,Less than 25,Low,0,0.0,4,0,0,2013-08-16 01:18:50,2013-08-16 01:33:22,False,True,False,False,False,True,False
23,Less than 25,High,1,0.0,8,0,0,2013-02-12 02:32:57,2013-02-14 03:14:28,False,False,False,False,False,True,False
52,Greater than 45,Low,1,1.0,1,1,1,2013-06-04 11:14:23,2013-08-14 08:45:53,False,False,False,False,False,True,True
24,Less than 25,Medium,0,0.0,7,0,0,2013-04-20 04:53:06,2013-04-22 05:17:41,False,False,False,False,False,False,False
28,25 - 45,Medium,5,-1.0,6,0,0,2013-01-23 11:19:27,2013-02-20 07:44:00,False,False,False,False,False,True,True
30,25 - 45,Medium,6,-1.0,5,1,1,2013-01-23 04:50:53,2013-01-26 03:15:43,False,False,False,False,False,True,False
36,25 - 45,Medium,0,-1.0,7,0,0,2013-05-05 08:31:15,2013-05-17 08:35:57,False,False,False,False,False,False,False
25,25 - 45,Low,0,-1.0,3,0,0,2013-02-16 11:55:29,2013-02-18 02:30:55,False,False,False,False,False,True,True
42,25 - 45,Medium,2,-1.0,5,0,0,2013-11-18 05:25:49,2013-11-19 02:03:11,False,False,False,False,False,True,False
49,Greater than 45,Low,2,-1.0,3,0,0,2013-09-18 08:32:20,2013-12-09 08:40:42,False,True,False,False,False,False,True
33,25 - 45,Medium,5,-1.0,7,0,0,2013-09-19 10:53:46,2014-03-25 03:47:18,False,False,False,False,False,False,False
32,25 - 45,Low,0,-1.0,1,0,0,2013-02-23 05:11:38,2013-02-24 06:41:29,False,True,False,False,False,False,True
34,25 - 45,Medium,3,-1.0,5,0,0,2013-08-04 09:41:27,2013-08-14 10:01:13,False,True,False,False,False,False,True
28,25 - 45,Low,3,-1.0,3,0,0,2014-02-12 07:14:00,2014-02-13 09:25:50,False,True,False,False,False,True,False
26,25 - 45,Low,2,0.0,1,0,0,2014-02-11 12:38:04,2014-02-11 08:51:19,False,False,True,False,False,True,True
23,Less than 25,High,0,-1.0,8,0,0,2013-11-23 05:23:08,2013-11-26 09:28:08,False,False,False,False,False,True,True
23,Less than 25,Low,0,-1.0,4,0,0,2013-04-26 09:39:57,2013-04-27 01:16:31,False,False,False,False,False,True,False
44,25 - 45,Low,2,-1.0,2,0,0,2013-02-14 06:58:25,2013-02-16 01:33:11,False,False,False,False,False,True,False
23,Less than 25,High,4,0.0,9,1,1,2013-04-08 12:39:29,2013-10-18 05:35:27,False,False,False,False,False,True,False
22,Less than 25,Medium,0,-1.0,5,0,0,2013-11-26 06:06:07,2013-12-31 07:52:49,False,False,False,False,False,True,False
41,25 - 45,Low,0,0.0,1,0,0,2013-01-29 03:02:10,2013-01-29 08:32:31,False,True,False,False,False,True,True
37,25 - 45,Low,0,-3.0,3,0,0,2013-05-17 09:06:49,2013-05-18 08:14:43,False,False,False,False,False,False,False
46,Greater than 45,Low,1,-1.0,1,0,0,2013-09-09 10:34:11,2013-09-10 07:10:48,False,False,False,False,True,False,False
22,Less than 25,High,3,-1.0,8,1,1,2014-02-05 03:18:50,2014-03-03 08:00:17,False,False,False,False,False,True,False
39,25 - 45,Low,1,-1.0,4,0,0,2013-10-02 05:59:48,2013-10-03 07:59:23,False,False,False,False,False,True,False
33,25 - 45,Low,0,-2.0,1,0,0,2014-03-22 09:56:34,2014-03-23 09:11:43,False,True,False,False,False,True,True
20,Less than 25,Low,0,-1.0,3,0,0,2013-09-10 10:25:50,2013-09-11 01:42:53,False,True,False,False,False,True,False
46,Greater than 45,Low,1,-2.0,1,0,0,2013-07-24 11:48:45,2013-07-26 10:35:23,False,True,False,False,False,True,True
53,Greater than 45,Low,1,-1.0,1,0,0,2013-04-04 11:14:20,2013-04-05 09:47:00,False,True,False,False,False,True,True
38,25 - 45,Low,0,-7.0,1,0,0,2013-10-25 02:52:06,2013-11-01 10:33:01,False,True,False,False,False,True,False
49,Greater than 45,Low,1,0.0,1,0,0,2013-01-12 04:12:16,2013-01-16 08:38:51,False,True,False,False,False,True,True
47,Greater than 45,Low,1,-1.0,1,0,0,2014-01-23 06:45:57,2014-01-24 11:04:07,False,True,False,False,False,True,False
24,Less than 25,Low,1,-1.0,3,0,0,2013-01-21 11:07:10,2013-01-22 01:58:45,False,False,False,False,False,True,True
24,Less than 25,Medium,1,-1.0,7,0,0,2013-01-04 03:20:01,2013-02-06 10:00:42,False,False,False,False,False,True,False
24,Less than 25,High,3,-1.0,8,0,0,2013-01-24 01:05:25,2013-01-24 02:11:02,False,False,False,False,False,False,False
69,Greater than 45,Low,0,0.0,1,0,0,2014-02-17 12:41:46,2014-02-17 10:01:43,False,False,True,False,False,False,True
34,25 - 45,Low,6,-1.0,3,0,0,2013-04-29 08:31:32,2013-04-30 01:17:31,False,False,False,False,False,False,False
24,Less than 25,Low,1,-1.0,2,1,1,2014-04-12 12:19:56,2014-04-13 09:21:08,False,False,False,False,False,True,True
28,25 - 45,Low,0,0.0,2,0,0,2013-12-19 03:23:34,2013-12-20 02:03:00,False,False,False,False,False,False,True
37,25 - 45,High,1,-1.0,10,0,0,2013-04-01 05:11:13,2013-04-04 08:57:34,False,False,False,False,False,True,False
31,25 - 45,Low,5,-1.0,4,1,0,2013-12-16 07:40:55,2013-12-18 10:47:22,False,False,False,False,False,True,False
47,Greater than 45,Low,7,-1.0,1,1,1,2013-04-08 07:37:52,2013-06-04 07:39:04,False,False,False,False,False,True,False
55,Greater than 45,Low,0,-1.0,1,1,1,2013-12-22 12:42:17,2013-12-22 01:00:00,False,True,False,False,False,True,True
33,25 - 45,Low,0,-2.0,1,0,0,2013-09-15 11:15:31,2013-09-16 02:27:48,False,True,False,False,False,False,True
34,25 - 45,Low,0,-1.0,3,1,0,2013-02-23 03:07:35,2013-02-24 06:13:24,False,False,False,False,False,False,True
35,25 - 45,Low,2,-1.0,3,0,0,2014-02-13 01:00:49,2014-02-14 01:28:38,False,True,False,False,False,True,False
27,25 - 45,Low,0,-1.0,3,0,0,2014-01-23 08:08:50,2014-01-24 10:07:59,False,False,False,False,False,False,True
39,25 - 45,Low,3,-1.0,4,1,0,2013-04-17 09:27:09,2013-04-20 07:47:57,False,True,False,False,False,True,False
68,Greater than 45,Low,4,-1.0,1,0,0,2014-02-09 03:36:05,2014-02-20 08:48:46,False,True,False,False,False,True,True
20,Less than 25,High,0,-1.0,8,0,0,2013-11-18 07:33:48,2013-12-18 09:34:42,False,False,False,False,False,True,False
32,25 - 45,Medium,0,0.0,5,0,0,2013-09-04 02:13:30,2013-09-11 04:08:12,False,True,False,False,False,True,False
49,Greater than 45,Low,0,-1.0,2,0,0,2013-05-21 07:55:37,2013-05-22 08:28:30,False,False,True,False,False,True,True
50,Greater than 45,Low,7,-1.0,2,0,0,2013-02-04 07:31:30,2013-02-05 01:26:00,False,False,False,False,False,True,False
24,Less than 25,Low,3,-1.0,4,0,0,2014-03-04 11:56:23,2014-03-06 04:15:00,False,True,False,False,False,True,True
25,25 - 45,Low,0,0.0,3,0,0,2013-09-06 01:00:30,2013-09-06 09:12:00,False,False,False,False,False,True,False
26,25 - 45,Medium,0,-1.0,5,0,0,2014-01-31 07:36:44,2014-02-01 08:44:54,False,True,False,False,False,True,True
24,Less than 25,Low,2,-1.0,2,0,0,2013-09-11 05:34:21,2013-09-12 08:29:00,False,True,False,False,False,True,False
27,25 - 45,Low,0,-1.0,2,0,0,2013-04-15 06:32:03,2013-05-29 01:43:59,False,True,False,False,False,True,False
29,25 - 45,High,7,-1.0,10,1,1,2014-06-07 01:31:38,2014-06-08 08:07:43,False,True,False,False,False,True,True
31,25 - 45,Low,0,-1.0,1,0,0,2013-10-27 01:53:54,2013-10-29 08:51:33,False,False,False,False,False,False,False
34,25 - 45,Low,0,0.0,1,0,0,2013-03-31 12:16:34,2013-03-31 05:04:52,False,False,False,False,False,True,False
33,25 - 45,High,14,-1.0,8,1,1,2014-01-18 09:19:00,2014-01-19 08:18:53,False,False,False,False,False,True,False
58,Greater than 45,Medium,4,0.0,5,1,1,2014-11-13 11:35:04,2014-11-14 09:12:36,False,True,False,False,False,True,False
24,Less than 25,Medium,1,-1.0,6,0,0,2013-09-20 03:56:36,2013-09-21 08:41:09,False,False,False,False,False,True,True
35,25 - 45,Low,0,0.0,2,0,0,2013-11-27 12:01:59,2013-11-28 02:20:19,False,True,False,False,False,True,False
31,25 - 45,High,13,-1.0,9,1,1,2014-10-22 08:58:25,2014-10-24 04:21:11,False,False,False,False,False,True,False
47,Greater than 45,Low,3,-1.0,1,0,0,2013-01-10 04:27:00,2013-01-12 05:11:50,False,True,False,False,False,True,False
25,25 - 45,Low,0,-1.0,3,0,0,2013-10-07 07:18:19,2013-10-08 03:39:39,False,False,True,False,False,True,False
38,25 - 45,High,17,-1.0,10,0,0,2013-08-17 04:00:03,2014-02-13 10:28:00,False,True,False,False,False,True,False
34,25 - 45,Low,0,0.0,1,0,0,2013-04-01 04:50:00,2013-04-01 06:11:43,False,False,True,False,False,True,True
51,Greater than 45,Low,3,-1.0,1,0,0,2013-09-09 08:22:20,2013-09-12 08:28:20,False,False,False,False,False,True,False
22,Less than 25,Medium,0,-1.0,7,1,1,2013-01-17 01:22:02,2013-03-08 04:39:17,False,False,False,False,False,True,False
47,Greater than 45,Low,5,0.0,3,1,1,2013-08-14 05:45:53,2013-08-14 09:05:13,False,True,False,False,False,True,True
28,25 - 45,Low,0,0.0,4,0,0,2013-03-13 02:29:55,2013-03-13 08:19:55,False,False,False,False,False,True,False
50,Greater than 45,Low,0,-2.0,1,0,0,2013-09-21 08:09:22,2013-09-22 06:17:33,False,True,False,False,False,True,True
45,Greater than 45,Low,1,-2.0,1,0,0,2014-02-08 05:55:50,2014-02-09 08:45:07,False,True,False,False,False,True,True
25,25 - 45,Low,0,0.0,2,0,0,2013-12-06 03:45:12,2013-12-07 09:02:36,False,False,False,False,False,True,True
21,Less than 25,Low,0,-1.0,4,0,0,2014-03-24 07:15:06,2014-03-25 01:35:56,False,False,False,False,False,True,False
19,Less than 25,High,1,-1.0,9,1,1,2014-08-05 07:05:17,2015-10-13 07:10:00,False,False,False,False,False,False,False
63,Greater than 45,Low,0,0.0,1,0,0,2013-02-12 01:53:55,2013-02-12 08:00:45,False,True,False,False,False,True,True
36,25 - 45,High,0,0.0,8,0,0,2013-02-27 01:25:04,2013-02-28 04:12:46,False,False,False,False,False,True,False
21,Less than 25,High,1,-1.0,8,0,0,2013-09-04 08:11:26,2013-09-17 04:53:45,False,True,False,False,False,True,False
56,Greater than 45,Low,3,-28.0,1,0,0,2014-01-16 12:26:12,2014-01-31 09:03:56,False,False,False,False,False,True,True
60,Greater than 45,High,9,-1.0,8,0,0,2014-02-24 09:52:30,2014-02-25 09:47:44,False,False,False,False,False,True,False
27,25 - 45,High,5,-1.0,9,1,1,2013-10-11 11:05:38,2013-10-12 01:31:00,False,False,False,False,False,True,False
28,25 - 45,Low,0,-1.0,4,0,0,2013-12-17 03:11:35,2013-12-17 08:52:31,False,True,False,False,False,False,True
26,25 - 45,Low,0,-1.0,2,0,0,2014-03-23 06:32:39,2014-03-24 02:29:51,False,True,False,False,False,True,False
32,25 - 45,Medium,4,0.0,5,0,0,2013-10-22 04:13:12,2014-02-07 04:46:43,False,False,False,False,False,True,False
23,Less than 25,Medium,0,-1.0,7,0,0,2013-01-13 04:51:21,2013-01-14 01:37:46,False,True,False,False,False,False,True
23,Less than 25,Medium,0,0.0,6,0,0,2013-08-03 08:51:49,2013-08-04 08:17:42,False,True,False,False,False,True,True
42,25 - 45,Low,1,-3.0,2,0,0,2014-01-10 12:09:47,2014-01-10 07:57:22,False,True,False,False,False,True,True
39,25 - 45,Low,0,-1.0,3,0,0,2013-09-06 10:19:32,2013-09-12 08:10:36,False,True,False,False,False,True,False
30,25 - 45,Low,2,-22.0,2,0,0,2013-02-07 02:03:50,2013-02-07 08:53:31,False,True,False,False,False,True,False
28,25 - 45,High,7,-1.0,10,0,0,2013-02-01 07:05:02,2013-02-03 02:50:02,False,False,False,False,False,True,False
64,Greater than 45,Low,0,-1.0,2,0,0,2013-10-06 02:16:09,2013-10-07 07:49:01,False,False,False,False,False,True,True
29,25 - 45,High,10,-1.0,9,1,1,2013-01-14 09:30:03,2013-01-17 03:17:08,False,True,False,False,False,True,False
46,Greater than 45,Low,0,-1.0,1,0,0,2013-05-11 12:25:37,2013-05-12 07:06:09,False,True,False,False,False,True,False
24,Less than 25,Low,1,-24.0,4,0,0,2013-04-27 08:34:23,2013-04-28 02:23:03,False,True,False,False,False,False,True
45,Greater than 45,Low,3,-1.0,3,1,1,2013-05-21 11:38:18,2013-08-22 09:33:30,False,True,False,False,False,True,True
25,25 - 45,High,14,-1.0,10,1,1,2013-04-19 02:20:32,2013-04-26 05:45:46,False,False,False,False,False,True,False
39,25 - 45,Low,3,-1.0,3,0,0,2013-03-10 07:57:29,2013-03-11 03:27:21,False,True,False,False,False,True,False
20,Less than 25,High,3,-1.0,10,1,1,2014-03-25 06:58:54,2014-03-26 01:23:55,False,True,False,False,False,False,True
26,25 - 45,Medium,6,-1.0,7,1,1,2013-01-08 02:38:01,2013-01-10 03:49:51,False,False,False,False,False,True,False
30,25 - 45,Low,5,-1.0,3,0,0,2013-08-01 11:03:55,2013-08-02 08:42:08,False,False,False,False,False,True,True
55,Greater than 45,Low,3,0.0,3,0,0,2013-04-06 02:24:02,2013-04-07 06:31:22,False,True,False,False,False,True,True
48,Greater than 45,Low,0,-1.0,1,0,0,2013-02-03 10:36:16,2013-02-20 12:12:55,False,False,False,False,True,False,False
29,25 - 45,Low,3,-1.0,1,0,0,2013-04-16 04:00:42,2013-04-17 10:35:05,False,False,False,False,False,True,True
21,Less than 25,Medium,0,-1.0,6,0,0,2013-10-09 09:17:03,2013-10-10 08:01:27,False,False,False,False,False,False,False
57,Greater than 45,Low,0,0.0,1,0,0,2013-09-20 12:53:41,2013-09-27 09:19:14,False,False,False,False,True,True,False
49,Greater than 45,Low,4,-26.0,4,0,0,2013-09-20 05:43:27,2013-09-21 09:04:42,False,False,False,False,False,True,False
44,25 - 45,Medium,2,-1.0,7,0,0,2013-01-25 06:09:54,2013-01-30 08:27:06,False,False,False,False,False,True,True
55,Greater than 45,Low,0,-3.0,1,0,0,2014-02-09 09:45:01,2014-02-10 09:40:24,False,True,False,False,False,False,True
32,25 - 45,High,0,0.0,9,0,0,2014-03-24 01:13:18,2014-03-24 02:24:51,False,False,False,False,False,True,False
25,25 - 45,High,5,-1.0,9,1,1,2014-09-27 04:41:31,2014-11-20 10:01:09,False,False,False,False,False,True,False
39,25 - 45,Low,0,-1.0,1,0,0,2014-03-15 05:35:34,2014-03-18 04:28:46,False,True,False,False,False,False,True
37,25 - 45,Low,0,-1.0,3,0,0,2014-03-24 09:41:54,2014-03-25 08:54:16,False,True,False,False,False,True,False
27,25 - 45,Low,1,-1.0,2,0,0,2013-05-25 11:25:22,2013-05-27 04:29:59,False,False,True,False,False,True,False
50,Greater than 45,Low,2,-1.0,2,1,1,2013-01-08 03:16:14,2013-01-17 05:32:25,False,True,False,False,False,True,False
28,25 - 45,Medium,7,-1.0,7,0,0,2013-03-20 06:48:40,2013-03-21 01:37:15,False,False,False,False,False,True,True
46,Greater than 45,Low,0,0.0,1,0,0,2013-09-06 01:01:48,2013-09-06 09:07:05,False,False,False,False,True,True,False
60,Greater than 45,Low,1,-1.0,1,0,0,2014-02-22 05:53:23,2014-02-23 08:19:26,False,False,False,False,True,True,True
29,25 - 45,Medium,0,-1.0,5,0,0,2013-02-10 08:16:13,2013-02-12 05:23:27,False,False,False,False,False,True,True
39,25 - 45,Low,2,0.0,4,0,0,2013-12-22 12:50:58,2013-12-22 08:44:32,False,True,False,False,False,True,True
49,Greater than 45,Low,0,-3.0,1,0,0,2013-04-26 11:44:31,2013-04-27 01:18:43,False,False,True,False,False,True,False
31,25 - 45,Low,0,-1.0,2,0,0,2013-07-24 02:09:40,2013-07-24 07:18:14,False,False,False,False,True,True,True
26,25 - 45,Low,1,-1.0,4,1,1,2013-11-07 09:01:45,2013-11-09 09:07:50,False,False,False,False,False,False,False
21,Less than 25,Medium,0,-1.0,7,0,0,2013-01-14 03:40:11,2013-01-15 01:09:24,False,False,False,False,False,True,False
35,25 - 45,Low,3,-1.0,2,0,0,2013-12-27 03:35:30,2014-01-07 10:11:46,False,False,False,False,False,True,True
41,25 - 45,Low,0,-1.0,4,0,0,2013-10-08 11:53:09,2013-10-09 02:16:51,False,False,False,False,False,True,False
20,Less than 25,Low,0,-1.0,4,0,0,2013-08-15 11:34:07,2013-08-16 01:47:50,False,True,False,False,False,True,False
52,Greater than 45,Low,1,-1.0,1,0,0,2013-02-28 09:15:47,2013-03-01 01:42:15,False,True,False,False,False,True,False
23,Less than 25,Medium,0,-1.0,7,0,0,2013-11-22 05:18:27,2013-11-24 02:59:20,False,False,False,False,False,True,False
25,25 - 45,Low,0,0.0,2,0,0,2013-03-01 03:57:35,2013-03-02 05:35:14,False,False,False,False,False,True,False
21,Less than 25,Medium,0,0.0,5,0,0,2013-03-01 12:01:48,2013-03-01 01:51:31,False,True,False,False,False,True,False
24,Less than 25,High,2,0.0,8,1,0,2013-02-17 12:51:20,2013-05-20 05:55:11,False,False,True,False,False,True,False
31,25 - 45,High,0,0.0,10,0,0,2014-01-20 03:43:59,2014-01-20 09:17:53,False,False,False,False,False,True,False
37,25 - 45,Low,0,-3.0,1,0,0,2013-04-26 04:52:50,2013-04-26 07:29:03,False,True,False,False,False,True,True
47,Greater than 45,Low,2,-7.0,4,0,0,2013-03-01 05:20:32,2013-03-07 08:32:27,False,True,False,False,False,True,False
30,25 - 45,Low,4,-25.0,4,0,0,2013-06-01 07:39:34,2013-06-05 03:36:50,False,True,False,False,False,True,False
36,25 - 45,Medium,11,-1.0,6,1,1,2013-05-05 06:23:11,2013-05-07 10:47:02,False,True,False,False,False,True,True
28,25 - 45,Medium,0,-1.0,6,0,0,2013-05-27 05:16:29,2013-05-29 05:22:26,False,True,False,False,False,False,False
43,25 - 45,Low,0,-1.0,4,0,0,2013-11-12 09:31:37,2013-11-13 03:53:01,False,True,False,False,False,True,True
23,Less than 25,Low,1,-1.0,4,0,0,2013-08-20 11:57:06,2013-08-21 07:50:16,False,False,False,False,False,False,True
45,Greater than 45,Low,0,-1.0,1,0,0,2013-04-28 07:46:48,2013-04-30 03:53:04,False,False,False,False,False,True,True
23,Less than 25,High,4,-1.0,9,0,0,2014-01-14 03:17:08,2014-01-17 03:58:38,False,False,False,False,False,True,False
27,25 - 45,Low,2,-1.0,2,0,0,2013-12-14 06:09:17,2013-12-16 02:52:14,False,True,False,False,False,True,False
27,25 - 45,Medium,0,0.0,5,0,0,2013-12-28 11:18:59,2013-12-29 06:17:42,False,True,False,False,False,False,True
47,Greater than 45,Low,5,-1.0,4,0,0,2014-03-03 09:34:24,2014-03-04 09:28:47,False,False,False,False,False,True,False
52,Greater than 45,Low,1,-21.0,1,0,0,2013-11-04 12:37:14,2013-11-14 09:19:52,False,False,False,False,False,True,True
63,Greater than 45,Low,0,-1.0,1,0,0,2013-02-22 12:28:15,2013-02-23 08:11:17,False,True,False,False,False,False,True
56,Greater than 45,Low,2,-4.0,4,0,0,2013-12-23 09:10:10,2013-12-26 08:40:49,False,True,False,False,False,True,False
30,25 - 45,Low,0,0.0,3,0,0,2013-11-06 03:13:16,2013-11-07 09:03:30,False,False,False,False,False,False,True
33,25 - 45,Low,3,-1.0,4,0,0,2013-01-31 11:52:39,2013-02-02 12:53:13,False,False,False,False,False,False,True
39,25 - 45,Low,2,-1.0,3,0,0,2013-03-14 05:07:03,2013-03-22 09:45:55,False,True,False,False,False,True,False
22,Less than 25,Low,0,-1.0,4,0,0,2013-10-06 01:06:40,2013-10-07 08:44:19,False,False,False,False,False,False,True
28,25 - 45,Medium,4,-1.0,7,0,0,2014-01-30 06:24:26,2014-02-01 09:12:42,False,False,False,False,False,False,False
40,25 - 45,Medium,6,-1.0,7,0,0,2014-03-19 04:33:21,2014-03-21 02:41:52,False,False,False,False,False,True,False
28,25 - 45,Low,4,0.0,4,0,0,2013-11-08 03:39:55,2013-11-08 09:33:05,False,False,False,False,False,False,False
24,Less than 25,High,12,0.0,9,1,1,2013-01-31 03:56:16,2013-03-09 03:03:58,False,False,False,False,False,True,True
33,25 - 45,Low,0,-1.0,3,0,0,2013-08-04 07:19:39,2013-08-05 09:38:46,False,False,False,False,False,False,False
50,Greater than 45,Low,0,-3.0,3,1,1,2013-08-09 01:00:46,2013-08-09 06:29:32,False,True,False,False,False,False,True
29,25 - 45,Medium,3,0.0,7,0,0,2013-12-20 05:11:31,2013-12-20 08:47:51,False,False,False,False,True,True,True
31,25 - 45,Low,0,0.0,2,0,0,2014-02-02 05:21:54,2014-02-03 01:20:35,False,False,False,False,False,True,False
51,Greater than 45,Low,1,-1.0,2,0,0,2013-11-30 06:59:05,2013-12-01 12:41:20,False,True,False,False,False,True,True
26,25 - 45,Medium,5,-1.0,7,1,1,2013-12-17 06:58:28,2013-12-23 08:06:12,False,False,False,False,False,True,False
35,25 - 45,Low,2,-1.0,3,0,0,2013-08-16 05:44:10,2013-08-17 07:39:31,False,False,False,False,False,True,False
28,25 - 45,High,16,-1.0,8,1,1,2014-02-24 04:17:37,2014-02-25 08:09:24,False,False,False,False,False,True,False
27,25 - 45,Medium,1,-1.0,5,0,0,2013-08-19 05:36:35,2013-08-21 07:50:24,False,False,False,False,False,True,True
42,25 - 45,Low,1,-12.0,1,0,0,2013-05-31 04:44:14,2013-06-04 10:17:31,False,False,False,False,False,True,False
39,25 - 45,Medium,4,-3.0,6,0,0,2013-08-02 05:56:52,2013-08-05 11:16:27,False,False,False,False,False,False,False
62,Greater than 45,,2,-20.0,-1,0,0,2013-04-04 09:26:01,2013-04-05 01:42:17,False,True,False,False,False,True,False
51,Greater than 45,High,19,-1.0,9,0,0,2013-04-08 06:47:45,2013-04-21 11:55:21,False,False,False,False,False,True,False
21,Less than 25,High,4,-1.0,8,0,0,2013-08-26 06:18:02,2013-10-26 01:31:27,False,False,False,False,False,True,False
63,Greater than 45,Low,0,-1.0,1,0,0,2013-10-23 05:45:37,2013-10-24 01:09:57,False,False,False,False,False,True,True
35,25 - 45,Low,1,-1.0,4,0,0,2013-01-01 10:04:07,2013-01-02 01:12:01,False,True,False,False,False,False,True
46,Greater than 45,Low,0,0.0,1,0,0,2014-03-10 04:52:56,2014-03-10 08:40:21,False,True,False,False,False,False,True
27,25 - 45,Low,1,-1.0,2,0,0,2013-10-08 11:08:37,2013-10-09 08:35:23,False,True,False,False,False,True,True
50,Greater than 45,Low,1,-1.0,1,0,0,2013-03-31 08:19:14,2013-04-01 05:49:39,False,True,False,False,False,True,False
28,25 - 45,Low,2,-1.0,4,0,0,2013-05-04 08:17:34,2013-05-10 09:32:52,False,False,False,False,False,True,True
37,25 - 45,Medium,7,-1.0,7,0,0,2013-10-16 02:11:36,2013-10-17 07:39:15,False,False,False,False,False,True,False
28,25 - 45,Low,4,-1.0,4,0,0,2013-09-11 10:31:41,2014-03-20 11:22:47,False,True,False,False,False,True,False
46,Greater than 45,Low,0,0.0,1,0,0,2013-09-21 04:23:43,2013-09-22 07:45:05,False,False,False,False,False,True,True
37,25 - 45,Medium,0,-1.0,7,0,0,2013-03-07 12:47:41,2013-03-08 08:42:21,False,False,False,False,False,True,True
42,25 - 45,Low,1,0.0,1,0,0,2013-03-01 02:08:27,2013-03-01 09:58:28,False,False,False,False,False,True,False
27,25 - 45,Low,0,-1.0,1,0,0,2013-11-14 05:26:11,2013-11-15 08:37:24,False,False,False,False,True,True,True
21,Less than 25,Medium,0,-1.0,6,0,0,2013-01-30 07:10:03,2013-02-04 10:22:57,False,False,False,False,True,True,False
31,25 - 45,Low,1,-1.0,2,0,0,2013-03-27 02:03:43,2013-03-28 07:56:52,False,True,False,False,False,True,False
25,25 - 45,Low,0,-1.0,3,0,0,2013-04-25 06:46:34,2013-04-26 07:16:35,False,False,False,False,False,True,True
20,Less than 25,High,0,0.0,10,1,1,2014-11-26 01:14:13,2014-11-26 08:37:39,False,True,False,False,False,False,False
60,Greater than 45,Low,4,-15.0,1,0,0,2013-06-04 01:12:55,2013-06-10 06:24:13,False,False,True,False,False,True,False
27,25 - 45,Low,1,0.0,2,0,0,2013-01-19 03:06:53,2013-01-26 01:55:00,False,False,False,False,False,True,False
28,25 - 45,Low,4,-1.0,3,1,1,2013-11-07 07:17:15,2013-12-11 09:33:15,False,False,False,False,False,True,True
57,Greater than 45,Low,0,-1.0,1,0,0,2013-01-09 11:18:00,2013-03-28 04:57:43,False,False,False,False,False,False,True
58,Greater than 45,Low,0,0.0,1,0,0,2014-01-31 01:07:44,2014-01-31 08:14:11,False,False,False,False,True,True,False
56,Greater than 45,Low,0,0.0,1,0,0,2013-02-10 07:14:52,2013-02-11 07:22:42,False,False,False,False,True,True,True
26,25 - 45,Low,0,0.0,2,0,0,2013-03-31 02:52:44,2013-09-20 10:30:37,False,False,True,False,False,True,False
23,Less than 25,Medium,6,-1.0,6,1,0,2013-04-19 04:56:58,2013-04-20 01:49:41,False,False,False,False,False,True,False
44,25 - 45,Low,0,0.0,1,0,0,2013-03-04 05:50:37,2013-03-04 08:33:41,False,False,False,False,False,True,True
64,Greater than 45,Low,1,-1.0,1,0,0,2013-10-09 04:50:03,2013-10-10 09:49:38,False,True,False,False,False,False,False
39,25 - 45,Low,3,-1.0,4,1,1,2013-05-16 07:50:50,2013-06-19 12:42:02,False,False,False,False,False,True,False
25,25 - 45,Low,0,-1.0,2,0,0,2014-01-28 10:39:22,2014-01-29 08:33:42,False,False,False,False,True,False,False
32,25 - 45,Low,0,-1.0,2,0,0,2013-09-11 08:56:37,2013-09-12 07:30:00,False,True,False,False,False,True,False
23,Less than 25,Low,0,-1.0,3,0,0,2014-03-12 12:50:45,2014-03-13 10:24:23,False,True,False,False,False,True,False
29,25 - 45,Medium,1,-1.0,5,1,1,2013-12-18 02:09:10,2013-12-21 04:37:06,False,False,False,False,False,True,False
44,25 - 45,Medium,7,-1.0,6,1,0,2013-05-18 04:20:47,2013-06-11 09:20:26,False,False,False,False,False,True,False
56,Greater than 45,Medium,5,-1.0,7,1,0,2013-05-10 10:14:08,2013-05-11 06:45:31,False,True,False,False,False,True,True
23,Less than 25,High,5,-1.0,10,1,1,2013-02-10 06:01:35,2013-03-14 09:11:16,False,False,False,False,True,True,True
30,25 - 45,Low,0,0.0,2,0,0,2014-03-25 12:40:00,2014-03-25 09:14:31,False,False,False,False,False,False,False
77,Greater than 45,Low,1,-1.0,1,0,0,2013-08-18 02:09:06,2013-08-21 08:28:16,False,True,False,False,False,True,True
42,25 - 45,Low,3,0.0,4,0,0,2013-01-27 05:19:10,2013-01-28 02:50:43,False,True,False,False,False,True,False
27,25 - 45,Medium,0,-1.0,6,0,0,2014-02-11 03:38:18,2014-02-13 04:01:59,False,False,False,False,False,True,False
21,Less than 25,Medium,1,-2.0,5,0,0,2013-03-19 11:59:13,2013-03-20 09:11:13,False,False,False,False,False,True,False
34,25 - 45,High,22,-29.0,9,0,0,2013-04-04 05:00:38,2013-04-06 04:51:59,False,False,False,False,False,True,False
44,25 - 45,Medium,6,-1.0,6,1,1,2014-01-17 05:32:07,2014-10-14 06:07:45,False,True,False,False,False,True,False
56,Greater than 45,Low,1,-1.0,1,0,0,2013-04-17 05:00:58,2013-04-18 05:52:26,False,False,False,False,False,False,False
43,25 - 45,Low,0,0.0,1,0,0,2013-12-06 04:49:34,2013-12-06 08:32:43,False,False,False,False,False,True,True
37,25 - 45,Medium,0,-5.0,6,0,0,2013-02-28 08:59:51,2013-03-01 08:05:40,False,True,False,False,False,True,False
37,25 - 45,Medium,6,-24.0,5,1,1,2013-01-15 12:37:37,2013-02-08 11:34:26,False,False,True,False,False,True,False
32,25 - 45,Low,1,-1.0,2,0,0,2013-10-01 06:53:20,2013-10-02 04:24:04,False,False,False,False,False,True,False
57,Greater than 45,Low,0,-1.0,1,1,0,2013-09-10 09:26:23,2013-09-11 01:40:45,False,False,False,False,True,True,False
31,25 - 45,Low,1,0.0,1,0,0,2013-11-27 03:46:11,2013-11-28 02:38:00,False,False,False,False,True,True,True
26,25 - 45,Medium,2,-1.0,6,0,0,2013-04-05 01:11:27,2013-05-08 08:21:55,False,False,False,False,False,True,False
23,Less than 25,Low,0,0.0,2,0,0,2013-03-09 05:57:11,2013-03-10 07:02:54,False,True,False,False,False,True,False
32,25 - 45,Low,0,-1.0,2,0,0,2013-01-27 12:16:14,2013-01-28 12:35:10,False,True,False,False,False,False,False
42,25 - 45,Low,2,-1.0,2,0,0,2013-11-25 05:04:34,2013-11-26 09:36:13,False,False,False,False,False,False,False
34,25 - 45,Low,0,-1.0,2,0,0,2013-04-11 09:53:54,2013-04-12 09:11:30,False,False,True,False,False,True,False
26,25 - 45,Low,9,0.0,4,1,1,2014-09-14 01:12:37,2014-09-15 07:09:10,False,True,False,False,False,True,True
46,Greater than 45,Low,3,-1.0,1,0,0,2013-05-12 09:38:38,2013-05-14 08:29:03,False,False,False,False,False,True,False
29,25 - 45,High,8,-1.0,10,1,1,2014-03-12 04:15:38,2014-03-19 02:55:41,False,False,False,False,False,True,False
37,25 - 45,Low,1,-1.0,1,1,1,2014-02-01 04:29:57,2014-02-02 08:38:06,False,True,False,False,False,True,True
21,Less than 25,High,8,30.0,9,1,1,2014-10-29 07:19:44,2015-06-30 07:07:00,False,False,False,False,False,True,False
22,Less than 25,Low,1,-1.0,2,0,0,2013-05-15 12:16:21,2013-05-16 09:03:09,False,False,False,False,False,True,False
36,25 - 45,Low,1,30.0,4,1,1,2013-02-06 10:09:18,2013-05-24 06:02:05,False,False,True,False,False,True,False
29,25 - 45,Low,0,0.0,2,0,0,2013-04-10 01:34:30,2013-04-10 08:51:16,False,True,False,False,False,False,True
53,Greater than 45,Low,0,0.0,1,0,0,2014-01-19 05:06:52,2014-01-20 12:41:21,False,False,True,False,False,True,True
27,25 - 45,Low,8,-1.0,3,1,1,2013-05-05 09:07:10,2013-05-22 09:08:22,False,False,False,False,False,True,False
33,25 - 45,Low,2,-1.0,3,0,0,2013-08-10 06:29:43,2013-08-12 03:36:30,False,True,False,False,False,True,False
21,Less than 25,Medium,1,-1.0,6,0,0,2013-02-19 10:55:43,2013-07-26 05:37:05,False,False,False,False,False,True,False
30,25 - 45,High,13,-1.0,9,1,1,2013-08-06 03:52:47,2013-08-07 08:20:36,False,False,False,False,True,True,False
22,Less than 25,High,1,-1.0,8,0,0,2013-08-11 11:56:08,2013-08-29 09:24:17,False,True,False,False,False,False,True
35,25 - 45,High,9,-1.0,8,0,0,2013-04-20 09:10:17,2013-10-11 06:10:26,False,False,False,False,False,False,False
24,Less than 25,Low,1,-3.0,4,0,0,2014-01-10 05:37:54,2014-01-13 11:49:39,False,True,False,False,False,False,False
30,25 - 45,Low,1,-18.0,2,0,0,2013-07-28 11:05:35,2013-08-14 11:25:00,False,False,True,False,False,True,False
26,25 - 45,Low,2,-3.0,2,0,0,2013-03-29 01:48:34,2013-03-30 08:12:01,False,True,False,False,False,True,False
49,Greater than 45,Low,1,-22.0,1,0,0,2014-01-28 12:27:03,2014-01-30 08:45:35,False,True,False,False,False,True,False
21,Less than 25,Low,0,-1.0,3,0,0,2014-02-26 09:16:23,2014-02-27 02:05:20,False,False,False,False,False,True,False
41,25 - 45,High,24,-1.0,10,1,1,2014-06-06 07:27:50,2014-06-07 10:30:56,False,False,False,False,False,True,False
22,Less than 25,Low,0,-1.0,3,0,0,2014-03-09 10:59:23,2014-03-10 03:29:33,False,False,True,False,False,True,True
30,25 - 45,High,18,-1.0,10,0,0,2013-08-18 07:29:15,2013-09-05 04:16:47,False,False,False,False,False,True,True
39,25 - 45,Low,0,0.0,3,0,0,2013-01-13 05:35:49,2013-01-13 07:51:04,False,False,False,False,False,True,False
43,25 - 45,Medium,11,16.0,7,1,1,2013-09-06 05:24:24,2013-11-22 04:21:07,False,True,False,False,False,True,False
27,25 - 45,Medium,10,-1.0,7,0,0,2013-05-10 10:08:03,2013-05-11 09:53:27,False,False,False,False,False,True,False
33,25 - 45,Low,2,-1.0,1,0,0,2013-08-24 06:47:25,2013-08-25 08:17:55,False,False,False,False,False,True,True
41,25 - 45,Medium,9,-1.0,6,0,0,2013-01-11 08:17:58,2013-02-13 05:54:09,False,True,False,False,False,True,True
61,Greater than 45,Low,0,-1.0,1,0,0,2013-01-23 01:23:24,2013-01-23 02:14:29,False,True,False,False,False,False,True
23,Less than 25,Medium,2,-1.0,6,0,0,2013-03-06 09:57:15,2013-03-07 07:12:13,False,True,False,False,False,False,True
38,25 - 45,Low,0,0.0,1,0,0,2013-03-04 03:11:55,2013-03-05 02:25:38,False,True,False,False,False,False,True
24,Less than 25,Medium,0,-3.0,5,0,0,2013-03-01 11:53:52,2013-03-03 01:39:58,False,True,False,False,False,True,False
21,Less than 25,High,5,-10.0,8,1,1,2014-05-09 09:30:19,2014-05-11 01:49:57,False,True,False,False,False,True,False
49,Greater than 45,Low,1,0.0,1,1,1,2013-04-24 03:51:08,2013-04-24 08:20:44,False,False,False,False,False,True,True
27,25 - 45,Low,1,-1.0,2,0,0,2013-09-20 11:29:45,2013-09-21 08:27:05,False,False,False,False,False,False,True
34,25 - 45,Low,0,-1.0,4,0,0,2014-01-04 11:00:17,2014-01-05 08:05:12,False,True,False,False,False,True,True
54,Greater than 45,Medium,10,0.0,6,0,0,2013-03-20 01:48:12,2013-04-19 07:33:20,False,False,False,False,False,True,False
46,Greater than 45,Low,0,-1.0,1,0,0,2013-08-20 09:12:14,2013-08-21 09:19:20,False,True,False,False,False,False,True
24,Less than 25,High,2,-1.0,9,1,1,2013-03-25 02:04:33,2013-04-13 05:00:10,False,False,False,False,False,True,False
37,25 - 45,Low,0,0.0,4,0,0,2013-01-18 05:11:46,2013-01-18 08:38:29,False,True,False,False,False,True,False
33,25 - 45,Low,1,-1.0,2,0,0,2013-08-11 09:15:50,2013-08-12 02:12:09,False,True,False,False,False,False,True
29,25 - 45,Low,0,0.0,2,0,0,2014-01-23 04:25:31,2014-01-24 09:37:02,False,False,False,False,False,True,False
38,25 - 45,Low,0,-2.0,2,0,0,2013-09-02 02:06:21,2013-09-03 07:40:54,False,False,False,False,True,True,True
36,25 - 45,Low,1,-2.0,2,0,0,2014-03-18 06:08:02,2014-03-19 01:20:16,False,True,False,False,False,True,False
32,25 - 45,Low,0,0.0,1,1,1,2014-03-26 12:39:59,2014-03-26 08:10:27,False,False,False,False,False,False,True
27,25 - 45,High,8,0.0,8,1,0,2013-01-12 05:16:10,2013-01-12 08:53:13,False,False,False,False,False,True,True
32,25 - 45,Low,3,0.0,2,0,0,2013-02-07 02:19:38,2013-02-08 05:35:52,False,False,False,False,False,True,False
23,Less than 25,High,2,16.0,10,1,1,2013-03-02 04:43:32,2013-06-26 08:30:17,False,False,False,False,False,False,False
44,25 - 45,Low,0,-1.0,1,0,0,2013-11-12 09:19:23,2013-11-13 08:07:52,False,True,False,False,False,True,True
42,25 - 45,Low,0,-1.0,1,0,0,2013-02-19 06:19:48,2013-11-27 06:50:00,False,False,False,False,True,False,False
39,25 - 45,Low,0,-1.0,1,0,0,2013-03-11 10:17:29,2013-03-12 07:59:36,False,False,False,False,True,True,False
33,25 - 45,Low,0,-1.0,1,0,0,2013-12-12 03:14:03,2013-12-13 01:14:04,False,False,False,False,False,True,False
29,25 - 45,Low,1,-22.0,3,0,0,2013-07-30 09:15:09,2013-07-31 01:52:59,False,True,False,False,False,True,False
55,Greater than 45,Low,0,-1.0,1,0,0,2013-03-20 04:29:14,2013-03-21 02:12:17,False,False,True,False,False,True,False
37,25 - 45,Low,5,-1.0,2,0,0,2013-02-20 05:14:02,2013-02-21 09:26:46,False,False,True,False,False,True,False
22,Less than 25,Medium,0,-2.0,6,0,0,2013-12-14 09:58:29,2013-12-15 01:35:55,False,False,False,False,False,True,True
30,25 - 45,High,5,-1.0,9,1,1,2013-05-01 01:32:49,2013-05-03 03:49:21,False,False,False,False,False,True,False
45,Greater than 45,Medium,8,-1.0,7,1,1,2013-05-03 07:04:28,2013-05-04 01:16:42,False,False,False,False,False,True,False
27,25 - 45,Medium,3,0.0,7,0,0,2013-11-05 04:32:08,2013-11-06 03:05:48,False,False,False,True,False,True,True
29,25 - 45,Low,1,-1.0,3,0,0,2013-12-04 08:04:24,2014-01-16 11:00:21,False,True,False,False,False,True,True
59,Greater than 45,Low,1,-1.0,4,0,0,2013-03-16 07:33:09,2013-03-17 01:48:47,False,False,False,False,False,True,False
29,25 - 45,High,1,-2.0,9,0,0,2013-12-16 09:49:44,2013-12-17 08:43:38,False,False,True,False,False,True,True
48,Greater than 45,Low,3,-7.0,4,0,0,2013-06-28 02:46:46,2013-06-28 08:24:49,False,True,False,False,False,True,False
45,Greater than 45,Medium,13,-1.0,7,1,1,2013-05-25 08:32:38,2013-05-31 11:05:15,False,False,False,False,False,True,True
27,25 - 45,Low,0,-4.0,3,0,0,2013-07-11 11:54:13,2013-07-12 01:44:05,False,True,False,False,False,False,False
31,25 - 45,High,6,0.0,8,0,0,2013-10-11 04:20:25,2013-10-11 08:02:17,False,False,False,False,False,True,False
38,25 - 45,Low,5,-1.0,3,0,0,2013-11-29 07:00:11,2013-11-30 12:28:10,False,False,False,False,False,True,False
32,25 - 45,Low,0,-1.0,3,0,0,2014-01-04 12:57:21,2014-01-05 02:30:43,False,True,False,False,False,True,True
27,25 - 45,High,0,0.0,8,1,1,2013-12-05 03:52:06,2013-12-05 08:05:45,False,True,False,False,False,False,True
25,25 - 45,High,0,-1.0,9,1,1,2013-02-08 08:15:01,2013-02-18 08:07:07,False,False,False,False,False,True,False
43,25 - 45,Low,0,-1.0,1,0,0,2013-09-05 05:04:14,2013-09-06 06:09:14,False,False,False,False,False,True,True
23,Less than 25,Low,0,-1.0,3,0,0,2013-11-21 02:57:55,2013-11-21 09:38:19,False,True,False,False,False,False,False
45,Greater than 45,Medium,1,0.0,6,0,0,2014-01-09 02:26:24,2014-01-10 09:06:22,False,True,False,False,False,False,False
28,25 - 45,Medium,14,-1.0,7,1,1,2013-03-19 11:58:58,2013-03-20 09:53:42,False,False,False,False,False,True,False
50,Greater than 45,Low,5,-1.0,1,1,1,2014-07-19 05:07:48,2014-07-23 03:00:15,False,False,True,False,False,True,False
25,25 - 45,Medium,0,-1.0,7,0,0,2013-08-21 05:03:37,2013-08-26 08:41:40,False,False,False,False,False,False,False
34,25 - 45,Low,4,-1.0,2,0,0,2014-02-11 09:02:44,2014-02-12 08:26:32,False,False,False,False,False,True,True
68,Greater than 45,Low,0,-1.0,1,0,0,2013-01-07 05:13:05,2013-01-10 09:39:29,False,True,False,False,False,True,True
53,Greater than 45,Low,4,0.0,1,0,0,2013-02-05 01:15:32,2013-02-05 01:07:11,False,True,False,False,False,True,False
36,25 - 45,High,1,-1.0,9,0,0,2013-03-15 02:14:16,2013-03-16 06:13:47,False,False,False,False,False,True,True
53,Greater than 45,,3,-10.0,-1,0,0,2013-06-11 02:07:31,2013-06-21 05:30:17,False,True,False,False,False,True,False
25,25 - 45,Medium,2,-1.0,6,0,0,2013-05-20 03:24:37,2013-07-23 09:26:20,False,False,False,False,True,True,True
77,Greater than 45,Low,1,-1.0,1,1,1,2014-03-31 05:06:08,2014-04-02 12:46:17,False,False,False,False,False,True,True
31,25 - 45,Low,0,-1.0,2,0,0,2013-10-02 06:36:42,2013-10-03 08:18:14,False,False,False,False,False,True,False
20,Less than 25,Medium,0,-1.0,6,1,1,2014-03-27 01:13:30,2014-04-04 08:54:48,False,True,False,False,False,True,False
36,25 - 45,Low,0,-1.0,1,0,0,2013-02-23 08:43:27,2013-02-24 06:58:35,False,True,False,False,False,True,False
34,25 - 45,Low,2,-1.0,2,0,0,2013-10-13 07:34:35,2013-10-14 10:04:31,False,False,False,False,False,True,False
55,Greater than 45,Low,1,-1.0,1,0,0,2013-01-18 05:15:26,2013-01-20 08:28:44,False,False,False,False,False,False,True
28,25 - 45,Low,0,-1.0,2,0,0,2013-10-27 10:37:31,2013-10-28 08:11:04,False,True,False,False,False,False,True
26,25 - 45,Medium,2,0.0,5,0,0,2013-04-29 12:10:42,2013-04-29 06:51:38,False,True,False,False,False,True,False
41,25 - 45,Low,0,0.0,1,0,0,2013-05-03 02:50:28,2013-05-04 02:49:49,False,True,False,False,False,True,True
26,25 - 45,Medium,0,-1.0,5,0,0,2013-02-25 09:12:24,2013-02-26 06:38:57,False,False,False,False,False,True,True
28,25 - 45,Low,5,0.0,4,0,0,2013-08-07 01:24:56,2013-08-07 11:21:37,False,False,False,False,False,True,False
24,Less than 25,Medium,0,-1.0,5,0,0,2013-10-13 05:01:13,2013-10-17 05:14:26,False,False,False,False,False,True,False
47,Greater than 45,Low,1,-1.0,2,0,0,2013-01-21 05:34:28,2013-03-12 01:00:34,False,False,False,False,False,True,False
36,25 - 45,Medium,0,-1.0,5,0,0,2014-02-11 12:51:04,2014-02-12 08:49:49,False,False,False,False,False,True,False
31,25 - 45,Low,0,-3.0,2,0,0,2013-12-13 09:11:19,2013-12-14 03:44:07,False,True,False,False,False,False,True
20,Less than 25,Low,0,-4.0,3,0,0,2013-08-02 12:53:34,2013-08-06 10:33:58,False,False,False,False,False,True,False
31,25 - 45,Low,0,-1.0,1,0,0,2013-01-15 07:55:01,2013-01-16 06:46:25,False,True,False,False,False,True,False
30,25 - 45,Low,1,-1.0,1,0,0,2013-05-27 11:20:28,2013-05-28 08:51:19,False,True,False,False,False,True,True
33,25 - 45,Low,0,-1.0,1,0,0,2013-03-09 04:50:20,2013-03-10 06:55:18,False,True,False,False,False,True,True
31,25 - 45,Low,1,-1.0,2,1,0,2013-01-16 05:37:32,2013-01-17 07:15:11,False,False,False,False,False,True,True
34,25 - 45,Medium,1,-1.0,7,1,1,2013-09-29 11:30:37,2014-01-23 12:04:18,False,False,False,False,False,False,False
39,25 - 45,Low,2,-1.0,2,1,0,2013-09-03 11:32:26,2013-09-04 02:17:38,False,True,False,False,False,True,True
32,25 - 45,Medium,2,-1.0,5,0,0,2013-11-19 01:53:21,2013-11-20 08:27:44,False,False,False,False,False,True,True
27,25 - 45,Low,4,-1.0,4,0,0,2013-08-06 09:00:30,2013-08-07 08:23:22,False,False,False,False,False,True,False
24,Less than 25,Low,0,0.0,3,0,0,2014-01-29 03:01:54,2014-01-29 10:17:24,False,False,True,False,False,True,True
22,Less than 25,Low,2,-1.0,4,1,1,2013-08-20 11:12:08,2013-08-22 07:39:05,False,False,False,False,False,True,False
46,Greater than 45,Medium,9,0.0,5,0,0,2013-11-16 02:06:57,2013-11-20 05:42:41,False,True,False,False,False,True,True
34,25 - 45,Low,1,-21.0,1,0,0,2013-06-11 09:42:12,2013-06-12 11:45:38,False,True,False,False,False,False,True
30,25 - 45,Low,0,-1.0,2,0,0,2013-02-24 08:50:29,2013-03-02 06:34:47,False,False,False,False,True,True,False
30,25 - 45,High,9,-1.0,9,1,1,2013-02-11 03:29:53,2013-10-12 05:40:21,False,False,False,False,False,False,False
59,Greater than 45,Low,0,-4.0,1,0,0,2013-02-15 11:55:20,2013-02-17 02:16:14,False,False,True,False,False,True,False
38,25 - 45,Low,0,-1.0,2,0,0,2013-01-05 06:24:13,2013-01-06 08:58:18,False,False,False,False,False,False,True
36,25 - 45,Low,0,0.0,1,0,0,2013-01-18 03:17:45,2013-01-18 08:51:56,False,True,False,False,False,True,True
29,25 - 45,Low,0,0.0,4,0,0,2013-03-13 02:31:11,2013-03-13 08:19:46,False,False,False,False,False,True,False
33,25 - 45,Low,1,-1.0,1,0,0,2013-04-30 12:54:45,2013-05-02 12:26:52,False,False,False,False,False,False,True
43,25 - 45,Low,0,0.0,1,0,0,2013-05-14 04:01:02,2013-05-15 03:11:16,False,True,False,False,False,False,True
50,Greater than 45,Low,3,-1.0,3,0,0,2013-02-02 09:08:31,2013-02-03 06:57:55,False,False,False,False,False,True,True
29,25 - 45,Low,0,0.0,1,0,0,2013-12-24 04:19:53,2013-12-24 01:22:49,False,True,False,False,False,True,True
25,25 - 45,High,9,-1.0,8,1,1,2014-12-12 07:27:40,2014-12-13 07:23:49,False,True,False,False,False,True,False
30,25 - 45,Low,2,-1.0,3,0,0,2013-08-28 09:16:57,2013-08-29 07:25:16,False,False,False,False,False,False,True
24,Less than 25,Low,0,-1.0,2,0,0,2013-03-30 09:22:07,2013-03-31 02:54:13,False,True,False,False,False,True,False
23,Less than 25,Medium,3,0.0,7,0,0,2014-03-10 02:25:18,2014-03-11 02:54:42,False,False,False,False,False,True,False
21,Less than 25,Low,0,-1.0,4,1,0,2013-03-06 12:46:52,2013-03-08 05:32:23,False,False,False,False,False,True,True
33,25 - 45,High,0,0.0,10,1,1,2014-10-24 12:50:50,2014-12-01 07:49:53,False,False,False,False,False,True,False
32,25 - 45,Low,0,-1.0,1,0,0,2013-09-11 03:41:17,2013-09-12 08:28:43,True,False,False,False,False,True,True
27,25 - 45,Low,0,0.0,1,0,0,2013-04-08 12:40:45,2013-04-09 07:53:30,False,False,False,False,False,True,True
20,Less than 25,Low,0,-1.0,3,0,0,2013-12-09 07:22:09,2013-12-10 01:53:59,False,False,False,False,False,True,False
34,25 - 45,Medium,15,-1.0,7,0,0,2014-02-10 11:36:28,2014-02-11 12:32:43,False,True,False,False,False,True,False
74,Greater than 45,Low,0,-1.0,1,0,0,2013-01-10 09:12:31,2013-01-11 09:20:12,False,True,False,False,False,True,True
57,Greater than 45,Low,1,-15.0,1,0,0,2013-02-24 05:08:09,2013-02-25 07:21:44,False,False,True,False,False,True,True
31,25 - 45,Low,0,-1.0,3,0,0,2013-03-24 12:02:43,2013-05-31 02:10:00,False,False,False,False,True,True,False
22,Less than 25,Low,0,-2.0,3,0,0,2014-01-04 11:57:59,2014-01-05 01:34:22,False,False,False,False,False,False,True
31,25 - 45,Low,2,-1.0,3,0,0,2014-02-27 05:08:53,2014-03-01 05:09:38,False,False,False,False,False,False,True
41,25 - 45,Low,1,-1.0,4,0,0,2014-02-22 11:14:46,2014-02-25 07:09:00,False,False,False,False,False,True,False
29,25 - 45,Low,0,-1.0,1,1,1,2014-01-26 06:15:41,2014-01-27 01:32:18,False,True,False,False,False,True,True
28,25 - 45,Medium,2,-1.0,5,0,0,2013-02-18 05:10:54,2013-03-21 10:02:15,False,False,False,False,False,True,False
58,Greater than 45,Low,3,-4.0,2,0,0,2013-11-08 10:40:39,2013-11-09 01:44:01,False,True,False,False,False,True,True
51,Greater than 45,Low,0,0.0,1,0,0,2014-03-22 02:29:28,2014-03-23 09:07:31,False,True,False,False,False,False,True
23,Less than 25,Medium,0,0.0,7,0,0,2014-01-23 01:39:34,2014-01-23 08:11:47,False,False,False,False,False,False,False
35,25 - 45,Low,0,-1.0,4,0,0,2014-01-19 07:31:22,2014-01-20 08:17:30,False,False,False,False,False,True,False
20,Less than 25,High,0,-1.0,8,0,0,2014-02-18 09:37:20,2014-02-21 04:07:45,False,False,False,False,False,True,False
29,25 - 45,Medium,0,-1.0,5,0,0,2013-03-25 11:37:18,2013-03-26 12:39:33,False,False,False,False,False,True,False
51,Greater than 45,Low,0,-1.0,1,0,0,2014-01-01 10:17:16,2014-01-07 05:52:03,False,False,False,False,False,True,True
43,25 - 45,Low,0,0.0,1,0,0,2013-12-22 02:32:05,2013-12-23 01:40:39,False,True,False,False,False,False,False
58,Greater than 45,Low,0,-1.0,1,0,0,2013-12-09 10:34:54,2013-12-10 01:12:56,False,True,False,False,False,True,True
38,25 - 45,Low,0,0.0,1,0,0,2013-01-03 02:25:14,2013-01-03 06:46:16,False,False,True,False,False,False,False
49,Greater than 45,Low,8,-10.0,2,0,0,2014-02-18 11:26:46,2014-02-27 04:09:20,False,True,False,False,False,False,False
38,25 - 45,Low,2,-1.0,1,0,0,2013-09-06 08:02:17,2013-09-07 08:08:36,False,True,False,False,False,True,False
22,Less than 25,Medium,1,-1.0,6,0,0,2013-03-05 09:14:57,2013-03-07 05:10:56,False,False,False,False,False,True,False
37,25 - 45,Medium,1,0.0,5,0,0,2014-02-25 04:14:02,2014-02-27 02:35:00,False,False,True,False,False,True,False
22,Less than 25,Medium,0,-2.0,7,0,0,2013-05-07 04:52:05,2013-05-08 01:00:04,False,False,False,False,False,False,False
32,25 - 45,Medium,4,-1.0,6,1,1,2013-04-03 01:08:33,2013-04-04 01:15:44,False,False,False,False,False,True,False
29,25 - 45,Low,0,-1.0,3,0,0,2014-02-09 10:09:21,2014-02-11 06:47:33,False,False,False,False,False,True,True
52,Greater than 45,Low,4,-5.0,1,0,0,2013-06-23 12:28:04,2013-06-28 12:05:48,False,False,False,False,False,True,True
34,25 - 45,Medium,12,0.0,7,0,0,2014-02-06 12:40:18,2014-03-13 05:43:50,False,False,False,False,False,True,False
21,Less than 25,Low,0,-1.0,4,0,0,2014-02-14 08:57:29,2014-03-31 09:03:31,False,False,False,False,False,True,True
48,Greater than 45,Low,7,-1.0,2,0,0,2013-05-14 06:11:09,2013-05-15 02:02:18,False,False,False,False,True,True,False
47,Greater than 45,High,4,-1.0,10,1,1,2013-05-07 04:24:58,2013-07-10 11:23:00,False,False,False,False,False,True,False
67,Greater than 45,Low,0,-3.0,1,0,0,2013-02-22 12:31:22,2013-02-23 04:33:50,False,False,True,False,False,True,False
53,Greater than 45,Low,0,-1.0,1,0,0,2013-12-15 11:06:25,2013-12-16 08:27:56,False,True,False,False,False,True,False
38,25 - 45,Low,7,-1.0,4,1,1,2013-08-24 08:32:05,2013-08-31 06:13:17,False,False,False,False,False,True,False
42,25 - 45,Medium,0,0.0,5,0,0,2013-12-15 06:01:30,2013-12-15 08:40:14,False,True,False,False,False,True,False
25,25 - 45,Low,0,0.0,2,1,1,2013-02-11 04:13:47,2013-02-11 06:53:25,False,False,True,False,False,True,False
31,25 - 45,Low,1,-1.0,2,0,0,2013-04-30 07:18:35,2013-05-01 03:47:37,False,False,False,False,True,True,False
23,Less than 25,Low,0,-1.0,3,0,0,2013-10-12 10:31:42,2013-10-25 08:54:33,False,False,False,False,False,True,True
31,25 - 45,Medium,5,-1.0,7,0,0,2013-08-21 10:33:41,2013-08-28 08:10:48,False,False,False,False,False,True,False
31,25 - 45,Low,0,-1.0,1,0,0,2013-08-14 04:57:47,2013-08-15 07:27:09,False,False,False,False,True,True,True
24,Less than 25,Low,0,0.0,2,0,0,2013-01-10 02:33:14,2013-01-10 06:49:00,True,False,False,False,False,True,True
46,Greater than 45,Low,1,-4.0,1,0,0,2014-03-13 11:04:11,2014-03-14 09:08:46,False,True,False,False,False,True,False
50,Greater than 45,Low,2,0.0,1,0,0,2013-01-03 02:20:43,2013-01-03 10:00:03,False,True,False,False,False,True,True
27,25 - 45,Low,0,-1.0,2,1,1,2014-01-15 06:44:59,2014-01-16 08:03:23,False,False,False,False,False,True,True
24,Less than 25,Medium,0,-1.0,7,0,0,2013-03-14 08:45:46,2013-03-17 08:58:08,False,False,False,False,False,True,True
59,Greater than 45,Low,1,-1.0,1,0,0,2013-03-27 09:14:17,2013-05-29 06:13:48,False,False,False,False,False,True,True
25,25 - 45,High,7,-1.0,10,1,1,2013-05-16 04:11:47,2013-06-05 09:16:19,False,False,False,False,False,True,False
36,25 - 45,Low,0,-1.0,4,0,0,2013-04-12 05:15:11,2014-01-17 10:44:53,False,False,False,False,False,True,False
32,25 - 45,Medium,3,-1.0,6,0,0,2014-03-08 08:03:14,2014-03-09 12:18:14,False,False,False,False,False,False,True
26,25 - 45,Low,1,-1.0,4,0,0,2013-03-21 09:52:22,2013-03-27 09:11:42,False,True,False,False,False,True,False
65,Greater than 45,Low,1,-11.0,1,0,0,2013-09-26 11:26:33,2013-09-28 02:10:00,False,True,False,False,False,False,False
61,Greater than 45,High,2,0.0,8,0,0,2013-10-11 12:18:27,2013-10-12 05:32:14,False,False,False,False,False,True,True
24,Less than 25,Medium,1,-5.0,6,0,0,2013-11-28 09:36:08,2013-11-29 01:37:48,False,True,False,False,False,True,False
30,25 - 45,Low,0,-1.0,2,0,0,2013-09-05 10:47:19,2013-09-06 11:08:59,False,True,False,False,False,False,True
26,25 - 45,High,3,-1.0,10,1,0,2013-01-16 07:22:02,2013-01-18 05:35:35,False,False,False,False,False,True,True
21,Less than 25,Medium,0,-1.0,5,0,0,2013-12-26 06:12:11,2013-12-27 07:35:36,False,False,False,False,False,False,True
24,Less than 25,Medium,0,-2.0,5,0,0,2013-10-05 12:06:59,2013-10-06 08:54:21,False,False,False,False,False,True,True
29,25 - 45,Low,0,0.0,4,0,0,2013-04-24 04:28:24,2013-04-24 08:20:12,False,False,False,False,False,True,False
31,25 - 45,Low,0,-1.0,1,0,0,2013-02-24 12:26:26,2013-02-25 01:51:33,False,False,True,False,False,True,True
39,25 - 45,Medium,1,7.0,5,0,0,2013-06-21 12:08:12,2013-08-23 05:50:00,False,False,False,False,False,False,False
59,Greater than 45,Low,2,0.0,1,0,0,2013-03-21 12:43:41,2013-04-03 07:34:10,False,True,False,False,False,True,False
45,Greater than 45,Low,0,0.0,1,0,0,2013-02-13 03:47:44,2013-02-14 06:32:55,False,False,True,False,False,False,True
33,25 - 45,Medium,4,0.0,6,0,0,2013-09-25 12:23:32,2013-09-25 08:09:19,False,False,False,False,False,True,False
44,25 - 45,Low,0,-1.0,1,0,0,2013-10-27 03:36:19,2013-10-29 04:11:32,False,False,False,False,False,True,True
52,Greater than 45,Low,0,-1.0,4,0,0,2014-02-03 03:50:35,2014-02-17 02:20:23,False,False,False,False,False,True,False
20,Less than 25,High,0,-1.0,9,0,0,2013-10-19 11:17:15,2013-10-20 08:13:06,False,False,False,False,False,True,False
33,25 - 45,Low,2,-23.0,2,0,0,2013-03-18 04:53:59,2013-03-18 06:31:57,False,True,False,False,False,True,True
52,Greater than 45,Low,0,-6.0,1,0,0,2013-12-05 11:56:49,2013-12-06 02:06:17,False,True,False,False,False,False,False
40,25 - 45,Low,0,0.0,1,0,0,2014-01-07 02:07:12,2014-01-07 08:02:01,False,True,False,False,False,False,True
29,25 - 45,Medium,2,-1.0,5,0,0,2013-07-31 06:22:13,2013-08-01 08:25:25,False,False,False,False,False,True,True
31,25 - 45,Low,1,-2.0,2,0,0,2013-05-26 09:44:58,2013-05-27 01:13:35,False,True,False,False,False,False,False
37,25 - 45,Medium,3,-1.0,7,0,0,2013-05-23 12:12:34,2013-05-24 08:38:00,False,False,False,False,False,True,True
31,25 - 45,High,0,-1.0,9,0,0,2014-01-11 06:00:49,2014-01-13 02:58:29,False,False,False,False,False,True,True
46,Greater than 45,Low,0,0.0,1,0,0,2014-03-28 03:06:42,2014-03-28 01:21:28,False,True,False,False,False,True,True
50,Greater than 45,Low,0,0.0,1,1,1,2014-01-27 06:59:07,2014-03-04 01:51:57,False,True,False,False,False,True,False
40,25 - 45,Low,0,-1.0,1,0,0,2014-03-15 05:42:13,2014-03-16 09:20:50,False,True,False,False,False,True,False
54,Greater than 45,Low,0,0.0,1,0,0,2013-05-20 03:07:28,2013-05-20 07:36:27,False,False,True,False,False,False,True
29,25 - 45,Low,0,-1.0,1,0,0,2013-03-20 07:49:16,2013-03-21 11:28:05,False,True,False,False,False,True,False
45,Greater than 45,Low,0,-6.0,1,0,0,2013-07-05 06:13:45,2013-07-05 08:09:49,False,False,False,False,False,True,True
37,25 - 45,Low,2,-13.0,3,0,0,2013-08-29 05:03:55,2013-09-05 12:21:23,False,False,False,False,False,True,False
27,25 - 45,Medium,2,-1.0,6,1,1,2013-01-14 07:34:35,2013-01-18 08:28:33,False,False,False,False,False,False,False
35,25 - 45,Low,0,-1.0,1,0,0,2013-08-18 11:38:41,2013-08-19 06:55:15,False,False,False,False,False,True,False
35,25 - 45,Medium,5,-1.0,7,1,1,2013-12-15 08:46:54,2013-12-22 09:08:39,False,False,False,False,False,False,False
41,25 - 45,Medium,12,0.0,6,1,1,2014-07-03 03:36:03,2014-07-03 08:55:01,False,False,False,False,False,True,False
31,25 - 45,Low,0,-1.0,2,0,0,2013-03-08 09:57:50,2013-03-09 07:56:27,False,False,True,False,False,False,True
24,Less than 25,Low,0,-1.0,3,0,0,2014-02-01 03:37:21,2014-02-02 07:55:32,False,False,False,False,False,True,True
44,25 - 45,Low,0,-1.0,1,0,0,2013-05-12 06:53:23,2013-05-17 12:00:04,False,False,False,False,True,True,False
43,25 - 45,Medium,0,-1.0,6,0,0,2013-11-02 09:36:41,2013-12-02 08:15:22,False,True,False,False,False,False,True
29,25 - 45,Low,0,-1.0,2,0,0,2013-08-03 08:35:21,2013-08-05 04:16:09,False,False,True,False,False,True,True
58,Greater than 45,Low,1,-1.0,1,0,0,2013-05-16 01:20:39,2013-05-17 01:12:54,False,True,False,False,False,True,False
32,25 - 45,Medium,1,-1.0,5,1,1,2013-11-06 10:29:11,2013-11-26 06:16:00,False,False,False,False,False,True,False
23,Less than 25,Medium,0,-1.0,7,0,0,2013-05-09 11:11:46,2013-05-13 07:39:52,False,False,False,False,False,True,False
27,25 - 45,High,9,-1.0,8,1,1,2013-09-03 03:15:25,2013-10-25 06:07:27,False,False,False,False,False,True,False
29,25 - 45,Low,2,-1.0,3,1,1,2013-01-26 01:09:16,2013-01-28 03:32:20,False,False,False,False,False,True,True
26,25 - 45,Medium,3,-1.0,7,1,1,2013-09-28 06:05:10,2013-11-14 08:19:34,False,False,False,False,False,True,False
27,25 - 45,Low,0,0.0,3,0,0,2013-02-16 04:48:14,2013-02-17 09:06:22,False,True,False,False,False,False,True
39,25 - 45,Low,2,-1.0,2,0,0,2013-04-21 04:21:02,2013-04-22 06:59:21,False,False,False,False,False,True,True
39,25 - 45,Low,8,-1.0,4,0,0,2013-04-11 02:07:58,2013-05-21 06:41:12,False,False,False,False,False,True,False
54,Greater than 45,Low,0,-1.0,2,0,0,2013-11-24 07:56:57,2013-11-26 09:41:51,False,True,False,False,False,True,False
23,Less than 25,Medium,0,-1.0,7,0,0,2013-08-22 07:07:54,2013-08-23 10:48:29,False,False,True,False,False,True,True
20,Less than 25,Low,0,-1.0,4,0,0,2014-03-10 03:13:49,2014-03-11 10:33:16,False,True,False,False,False,True,False
24,Less than 25,Medium,0,0.0,5,0,0,2013-04-13 02:30:21,2013-04-13 08:04:17,False,False,False,False,False,False,False
26,25 - 45,Medium,7,-1.0,6,0,0,2013-03-20 03:58:00,2013-03-21 07:18:31,False,False,False,False,False,True,False
36,25 - 45,Low,1,-1.0,2,0,0,2013-12-05 08:09:58,2013-12-06 09:55:53,False,True,False,False,False,True,False
21,Less than 25,High,0,0.0,10,0,0,2013-01-31 01:46:36,2013-04-19 01:09:04,False,False,False,False,False,False,False
26,25 - 45,Medium,0,0.0,5,1,0,2013-02-17 01:06:03,2013-02-17 11:01:50,False,False,False,False,False,True,True
25,25 - 45,Medium,2,-1.0,5,1,1,2013-03-11 08:47:22,2013-03-12 01:01:00,False,False,True,False,False,True,False
49,Greater than 45,Medium,2,-1.0,6,0,0,2014-03-08 06:20:31,2014-03-19 01:28:37,False,True,False,False,False,False,False
24,Less than 25,High,0,0.0,9,0,0,2013-10-20 01:51:38,2013-10-22 07:47:53,False,True,False,False,False,True,False
41,25 - 45,Low,0,0.0,1,0,0,2014-01-25 09:44:01,2014-01-26 06:31:19,False,False,False,False,False,True,True
25,25 - 45,High,15,-1.0,9,1,1,2013-03-13 05:33:27,2013-03-15 05:42:00,False,False,False,False,False,True,False
20,Less than 25,Low,1,-21.0,4,0,0,2013-02-19 08:48:32,2013-02-22 07:41:48,False,False,False,False,True,False,False
33,25 - 45,Low,0,-1.0,1,0,0,2013-05-06 11:44:29,2013-05-07 01:25:39,False,False,False,False,False,True,False
45,Greater than 45,Low,1,-11.0,1,0,0,2013-01-06 09:52:49,2013-01-07 01:30:27,False,True,False,False,False,False,True
24,Less than 25,Medium,1,-1.0,6,0,0,2013-01-06 06:05:41,2013-01-07 01:30:24,False,True,False,False,False,False,False
38,25 - 45,Low,0,-1.0,1,0,0,2013-04-13 02:34:02,2013-04-17 11:11:49,False,False,False,False,False,False,False
26,25 - 45,Medium,3,-27.0,5,0,0,2013-04-20 02:01:12,2013-05-17 10:53:39,False,False,False,False,False,False,False
21,Less than 25,Medium,0,-1.0,6,0,0,2013-08-26 08:11:05,2013-08-29 05:55:18,False,True,False,False,False,False,False
22,Less than 25,Medium,2,-22.0,5,0,0,2013-09-22 07:56:23,2013-09-23 01:51:40,False,True,False,False,False,False,True
65,Greater than 45,Low,2,-18.0,2,1,1,2014-03-24 02:29:51,2014-03-29 06:17:09,False,False,False,False,False,True,True
22,Less than 25,Medium,1,-1.0,5,0,0,2013-03-29 07:15:17,2013-04-01 03:56:36,False,False,False,False,False,True,False
23,Less than 25,Low,2,-1.0,4,0,0,2013-09-22 01:21:07,2013-09-23 09:39:36,False,False,True,False,False,False,True
28,25 - 45,Low,0,-1.0,2,0,0,2013-04-17 07:59:26,2013-04-18 10:21:13,False,False,True,False,False,True,False
32,25 - 45,Low,0,0.0,3,0,0,2013-04-22 02:12:26,2013-04-23 03:37:52,False,True,False,False,False,True,False
37,25 - 45,Medium,8,-1.0,5,0,0,2013-02-13 06:27:07,2013-02-14 08:49:30,False,False,False,False,False,True,True
49,Greater than 45,Low,3,-1.0,2,0,0,2013-04-05 11:37:54,2013-04-06 01:30:26,False,True,False,False,False,False,False
31,25 - 45,High,8,-1.0,10,1,1,2013-09-24 10:11:44,2013-09-28 05:02:49,False,False,False,False,False,True,True
23,Less than 25,Low,0,0.0,4,0,0,2013-05-03 03:57:46,2013-05-04 03:31:44,False,False,False,False,False,True,True
54,Greater than 45,Low,1,-4.0,2,0,0,2013-04-28 04:26:40,2013-05-01 06:20:52,False,True,False,False,False,False,True
49,Greater than 45,Low,1,0.0,3,1,1,2013-03-13 01:26:25,2013-04-01 09:47:06,False,False,False,False,False,True,False
33,25 - 45,High,16,0.0,9,1,1,2013-10-05 12:52:57,2013-11-07 12:55:45,False,False,False,False,False,True,True
27,25 - 45,Low,4,-1.0,2,1,1,2014-10-05 02:11:54,2014-10-08 05:53:44,False,False,True,False,False,True,False
21,Less than 25,High,2,-1.0,9,1,1,2013-11-05 11:10:50,2013-11-14 01:27:06,False,True,False,False,False,True,True
37,25 - 45,Low,11,-1.0,3,0,0,2013-10-21 09:53:38,2013-10-22 11:18:14,False,False,False,False,True,True,False
43,25 - 45,Low,2,-1.0,1,0,0,2014-02-25 01:35:38,2014-02-26 09:51:09,False,False,False,False,True,True,True
40,25 - 45,Medium,0,0.0,5,0,0,2013-09-22 03:48:15,2013-11-26 01:12:39,False,False,True,False,False,True,False
37,25 - 45,Medium,1,-1.0,6,0,0,2013-05-25 05:53:02,2013-05-26 08:34:47,False,True,False,False,False,True,True
48,Greater than 45,Low,0,-1.0,1,0,0,2013-02-26 04:52:54,2013-02-27 09:49:05,False,False,False,False,True,False,False
21,Less than 25,Low,0,0.0,4,0,0,2013-03-05 04:09:04,2013-03-05 06:30:19,False,True,False,False,False,True,False
74,Greater than 45,Low,0,0.0,1,0,0,2013-10-20 12:02:11,2013-10-21 09:18:21,False,True,False,False,False,True,True
34,25 - 45,Low,0,-1.0,2,0,0,2013-04-13 09:32:38,2013-04-14 07:21:18,False,True,False,False,False,True,False
28,25 - 45,Low,0,0.0,2,0,0,2013-03-20 03:43:32,2013-03-21 01:37:09,False,False,False,False,False,False,True
62,Greater than 45,Low,8,0.0,4,0,0,2013-02-05 12:23:14,2013-02-21 04:06:55,False,False,False,False,False,True,False
22,Less than 25,Medium,1,-12.0,6,0,0,2013-08-03 12:26:02,2013-08-15 10:46:30,False,True,False,False,False,True,False
26,25 - 45,Low,3,0.0,4,0,0,2013-04-12 06:16:59,2013-05-15 07:34:15,False,False,False,False,False,True,False
33,25 - 45,Medium,3,-1.0,7,0,0,2013-09-13 09:19:08,2013-09-14 07:26:07,False,False,False,False,True,True,False
46,Greater than 45,Low,2,-1.0,4,1,0,2013-05-18 04:22:57,2013-05-21 07:08:22,False,True,False,False,False,True,True
23,Less than 25,Low,0,-1.0,2,0,0,2013-09-23 09:18:09,2013-09-24 08:49:29,False,False,False,False,False,True,False
34,25 - 45,High,19,-1.0,8,0,0,2013-12-12 07:17:08,2013-12-13 09:22:13,False,False,False,False,False,True,True
59,Greater than 45,Low,0,0.0,1,0,0,2013-04-30 02:41:16,2013-04-30 07:55:38,False,True,False,False,False,True,False
35,25 - 45,Low,4,-1.0,2,0,0,2013-08-06 08:24:10,2014-01-23 05:55:11,False,True,False,False,False,True,False
35,25 - 45,Low,0,-1.0,4,0,0,2014-01-18 05:06:51,2014-01-19 09:04:34,False,False,False,False,False,True,True
26,25 - 45,Medium,0,-2.0,6,0,0,2014-01-25 04:45:14,2014-01-26 02:13:40,False,True,False,False,False,False,True
36,25 - 45,Low,3,-1.0,4,1,1,2013-11-04 12:26:37,2013-12-20 09:17:28,False,False,False,False,True,True,True
29,25 - 45,Medium,5,-1.0,5,1,1,2014-05-30 07:12:58,2014-06-02 12:45:34,False,False,False,False,False,True,False
31,25 - 45,Low,6,0.0,4,0,0,2013-04-06 05:10:18,2013-05-17 06:20:04,False,False,False,False,False,True,False
59,Greater than 45,Low,0,-2.0,1,0,0,2013-10-09 09:01:32,2013-10-10 07:57:22,False,True,False,False,False,False,True
31,25 - 45,High,14,0.0,10,0,0,2013-08-04 03:14:06,2013-08-05 03:07:44,False,True,False,False,False,False,False
27,25 - 45,Low,0,-1.0,3,0,0,2013-05-26 10:59:20,2013-05-27 06:40:51,False,False,False,False,False,False,False
20,Less than 25,Medium,0,-1.0,5,0,0,2014-03-13 10:29:12,2014-03-14 08:36:11,False,False,False,False,False,False,False
25,25 - 45,Low,0,-1.0,2,0,0,2013-02-03 11:41:54,2013-02-04 07:33:19,False,True,False,False,False,True,True
30,25 - 45,Low,0,0.0,1,0,0,2013-09-30 03:43:29,2013-09-30 08:10:01,False,True,False,False,False,True,True
32,25 - 45,Medium,0,-1.0,7,0,0,2014-01-06 11:10:48,2014-01-31 03:41:01,False,False,False,False,False,True,False
24,Less than 25,Low,0,-1.0,3,0,0,2013-03-24 09:12:24,2013-03-25 07:15:23,True,False,False,False,False,True,False
25,25 - 45,Low,0,-1.0,4,0,0,2014-02-02 05:51:39,2014-02-03 01:14:41,False,False,False,False,False,True,True
34,25 - 45,Medium,1,-1.0,5,0,0,2013-05-26 09:18:06,2013-05-27 06:09:09,False,True,False,False,False,True,True
30,25 - 45,High,10,0.0,9,0,0,2013-04-22 12:52:54,2013-07-25 06:28:53,False,False,False,False,False,True,False
27,25 - 45,Low,1,-1.0,4,0,0,2013-12-28 10:43:59,2014-01-03 08:51:14,False,False,False,False,True,True,False
27,25 - 45,Low,1,-1.0,2,0,0,2013-08-09 03:34:53,2013-08-11 09:11:25,False,False,False,False,False,True,True
28,25 - 45,Medium,1,-4.0,5,0,0,2014-02-27 04:28:02,2014-02-28 08:49:55,False,True,False,False,False,True,False
20,Less than 25,High,1,0.0,10,0,0,2013-11-20 09:36:33,2013-11-23 04:06:00,False,False,False,False,False,False,False
54,Greater than 45,Low,0,-1.0,1,0,0,2013-02-17 03:23:30,2013-02-18 06:40:01,False,False,False,False,False,True,True
24,Less than 25,Low,0,-1.0,3,0,0,2014-03-21 08:31:22,2014-03-22 08:04:13,False,False,False,False,False,True,False
24,Less than 25,High,2,-1.0,9,1,1,2014-09-21 03:02:31,2014-10-15 08:42:14,False,False,False,False,False,True,True
32,25 - 45,Low,0,0.0,2,0,0,2013-08-27 05:00:17,2013-08-27 06:54:07,False,False,False,False,False,False,False
54,Greater than 45,Low,0,-1.0,1,0,0,2014-01-15 02:16:34,2014-02-14 01:29:00,False,True,False,False,False,False,True
50,Greater than 45,Medium,2,0.0,6,0,0,2013-09-10 07:08:23,2013-10-11 06:09:15,False,False,False,False,False,True,True
47,Greater than 45,Low,0,0.0,1,0,0,2013-04-28 04:12:23,2013-04-28 07:53:11,False,True,False,False,False,False,False
66,Greater than 45,Low,3,-10.0,1,1,0,2013-06-01 11:04:44,2013-06-03 11:25:14,False,False,False,False,False,True,False
27,25 - 45,Medium,3,-1.0,5,0,0,2013-05-04 06:24:35,2013-05-05 03:34:33,False,False,False,False,False,False,False
36,25 - 45,Low,0,-1.0,3,0,0,2013-12-22 08:25:20,2013-12-23 01:09:26,False,True,False,False,False,True,True
29,25 - 45,High,4,-1.0,8,1,0,2013-02-10 06:11:44,2013-05-01 08:08:58,False,False,False,False,False,True,False
40,25 - 45,Low,0,-3.0,2,0,0,2013-08-02 07:56:17,2013-08-03 08:03:57,False,False,False,False,False,True,False
51,Greater than 45,Low,2,-1.0,1,0,0,2013-08-13 06:08:08,2013-09-16 07:20:06,False,False,False,False,True,True,False
38,25 - 45,Low,10,0.0,4,1,1,2013-03-18 03:51:57,2013-03-18 02:08:29,False,True,False,False,False,True,False
52,Greater than 45,High,16,-1.0,8,1,1,2013-08-29 11:56:07,2013-08-30 08:01:33,False,False,False,False,False,True,False
32,25 - 45,Low,4,-1.0,2,0,0,2014-01-15 05:18:19,2014-01-15 09:27:23,False,True,False,False,False,False,False
49,Greater than 45,Medium,1,-1.0,7,1,0,2013-02-20 01:41:20,2013-03-02 09:15:54,False,False,False,False,False,True,True
37,25 - 45,Low,2,-1.0,1,1,0,2013-05-28 03:04:23,2013-05-29 02:34:17,False,False,True,False,False,True,True
25,25 - 45,Medium,1,-1.0,6,0,0,2014-02-07 09:17:42,2014-02-08 10:18:18,False,True,False,False,False,True,False
35,25 - 45,Low,1,0.0,1,0,0,2013-05-27 12:28:20,2013-05-27 12:40:41,False,True,False,False,False,True,False
39,25 - 45,Low,1,-15.0,1,0,0,2013-12-05 03:06:12,2013-12-20 01:58:00,False,True,False,False,False,True,False
31,25 - 45,Medium,15,-1.0,5,1,0,2013-03-17 09:02:33,2013-07-31 08:23:26,False,False,False,False,False,True,False
30,25 - 45,Medium,14,-1.0,7,1,0,2013-08-03 05:56:23,2013-08-09 05:28:24,False,False,False,False,False,True,False
36,25 - 45,Low,0,-1.0,2,0,0,2014-02-08 07:50:02,2014-02-11 06:47:00,False,False,False,False,False,True,True
45,Greater than 45,Low,0,-5.0,3,0,0,2013-07-17 08:06:47,2013-07-18 09:00:52,False,True,False,False,False,True,False
21,Less than 25,Medium,0,-1.0,5,1,0,2013-02-15 02:16:11,2013-04-03 01:53:18,False,False,False,False,False,True,False
22,Less than 25,Low,0,-2.0,3,0,0,2013-09-16 07:14:35,2013-09-17 07:20:32,False,True,False,False,False,True,False
26,25 - 45,High,1,-30.0,8,1,1,2014-07-30 01:18:15,2014-08-03 10:39:29,False,False,False,False,False,True,False
51,Greater than 45,High,12,-1.0,8,1,1,2013-01-14 09:08:43,2013-01-15 01:17:37,False,False,False,False,False,True,False
55,Greater than 45,Low,2,-12.0,1,0,0,2013-08-31 09:30:54,2013-09-03 08:31:38,False,True,False,False,False,False,False
34,25 - 45,Low,0,-1.0,2,0,0,2013-04-10 11:41:34,2013-04-11 07:33:54,False,True,False,False,False,True,False
21,Less than 25,Medium,1,-1.0,5,0,0,2014-03-01 04:36:34,2014-03-02 04:12:07,False,True,False,False,False,True,False
66,Greater than 45,Low,0,-1.0,1,0,0,2014-01-31 03:48:54,2014-02-01 10:09:47,False,True,False,False,False,True,False
30,25 - 45,Medium,3,-1.0,5,0,0,2013-11-11 06:16:38,2013-11-13 09:55:31,False,False,False,False,False,True,False
27,25 - 45,Low,0,0.0,4,0,0,2013-10-30 05:18:21,2013-11-08 04:56:54,False,True,False,False,False,True,False
54,Greater than 45,Low,3,-1.0,2,0,0,2013-04-24 09:17:57,2013-04-25 01:20:58,False,True,False,False,False,True,False
27,25 - 45,High,2,-1.0,9,1,0,2013-01-01 09:18:48,2013-01-02 11:09:35,False,False,False,False,False,True,True
34,25 - 45,Low,2,0.0,2,1,0,2014-01-31 12:35:27,2014-02-26 05:50:20,False,False,False,False,False,True,True
21,Less than 25,Medium,0,-1.0,6,0,0,2013-08-24 08:03:44,2013-08-25 08:34:40,False,False,False,False,False,False,False
26,25 - 45,Low,5,0.0,4,0,0,2014-01-02 05:35:15,2014-01-02 08:43:04,False,True,False,False,False,True,True
22,Less than 25,Medium,3,-11.0,7,1,1,2013-11-07 10:41:34,2013-11-15 08:48:23,False,False,False,False,False,True,False
50,Greater than 45,Low,0,-1.0,1,0,0,2013-05-13 09:20:14,2013-05-14 09:21:11,False,False,False,False,False,False,True
27,25 - 45,High,12,-1.0,8,1,1,2013-12-02 01:10:34,2013-12-03 01:33:52,False,False,False,False,False,True,False
27,25 - 45,Medium,2,-1.0,6,0,0,2013-04-03 04:58:59,2013-08-13 04:48:18,False,False,False,False,False,True,False
25,25 - 45,Low,0,-1.0,4,0,0,2013-11-27 09:02:38,2013-12-04 10:11:40,False,False,False,False,False,True,False
55,Greater than 45,High,7,0.0,8,0,0,2013-02-23 03:21:11,2013-02-23 09:04:37,False,True,False,False,False,True,False
33,25 - 45,High,10,0.0,9,0,0,2013-05-07 11:22:11,2013-09-02 05:34:54,False,True,False,False,False,True,False
39,25 - 45,Low,2,0.0,2,0,0,2014-01-04 09:26:15,2014-01-11 04:40:09,False,False,True,False,False,False,False
37,25 - 45,Low,2,-1.0,2,0,0,2013-12-29 10:42:45,2013-12-31 04:10:00,False,False,False,False,True,False,True
36,25 - 45,Low,0,0.0,1,0,0,2013-01-29 04:06:41,2013-01-29 08:19:17,False,False,True,False,False,True,False
41,25 - 45,Low,0,0.0,1,0,0,2013-09-09 04:00:04,2013-09-09 08:07:16,False,False,False,False,True,True,True
34,25 - 45,Low,4,-1.0,4,0,0,2013-11-11 07:15:49,2013-11-12 01:43:06,False,True,False,False,False,False,True
25,25 - 45,High,0,-1.0,9,1,1,2013-05-02 05:54:12,2013-05-03 11:02:07,False,False,False,False,True,True,False
32,25 - 45,Low,2,-1.0,2,0,0,2013-12-16 07:09:57,2013-12-17 03:07:16,False,True,False,False,False,True,False
25,25 - 45,Medium,9,-17.0,7,0,0,2014-01-13 12:56:03,2014-01-26 01:00:56,False,False,False,False,False,True,False
28,25 - 45,Low,0,-1.0,1,0,0,2013-04-14 08:51:52,2013-04-16 11:03:36,False,False,False,False,True,True,True
24,Less than 25,High,9,-23.0,10,1,1,2013-08-17 01:46:04,2013-08-27 03:55:32,False,True,False,False,False,True,True
37,25 - 45,Low,0,-1.0,2,0,0,2013-03-01 07:33:15,2013-03-02 01:13:00,False,False,False,False,False,True,True
24,Less than 25,Low,0,0.0,2,0,0,2013-04-10 01:50:54,2013-04-11 07:15:22,False,True,False,False,False,True,False
28,25 - 45,Low,0,-1.0,3,0,0,2014-01-28 10:38:19,2014-01-29 02:13:39,False,False,False,False,False,False,False
37,25 - 45,Low,3,-1.0,3,0,0,2013-01-27 04:36:41,2013-04-18 02:31:15,False,False,False,False,False,True,True
25,25 - 45,Low,1,-1.0,3,0,0,2013-09-28 10:45:05,2013-09-29 01:47:16,False,True,False,False,False,True,False
24,Less than 25,Medium,1,0.0,7,0,0,2013-01-31 04:44:02,2013-06-21 05:24:05,False,False,False,False,False,True,False
22,Less than 25,Medium,1,-1.0,7,0,0,2013-09-04 01:42:39,2013-09-28 04:10:51,False,True,False,False,False,True,True
26,25 - 45,Medium,7,-1.0,6,0,0,2013-05-21 05:19:13,2013-07-29 04:36:22,False,True,False,False,False,True,True
55,Greater than 45,Low,0,0.0,1,0,0,2013-03-01 04:41:49,2013-03-02 05:03:07,False,True,False,False,False,True,True
21,Less than 25,Medium,3,-22.0,5,1,0,2013-07-11 04:30:33,2013-08-02 06:07:24,False,False,True,False,False,True,False
32,25 - 45,High,7,0.0,9,1,1,2013-02-27 05:00:06,2013-04-05 06:02:00,False,False,False,False,False,True,False
52,Greater than 45,Medium,1,-5.0,5,0,0,2013-08-17 11:01:00,2013-08-21 09:42:10,False,True,False,False,False,True,False
36,25 - 45,Low,2,-1.0,3,0,0,2013-11-12 12:13:54,2013-11-14 09:49:20,False,True,False,False,False,False,False
40,25 - 45,Low,2,-1.0,4,0,0,2013-02-10 07:02:08,2013-02-11 10:55:14,False,False,False,False,False,True,False
23,Less than 25,Low,1,0.0,4,0,0,2013-02-07 12:42:48,2013-02-10 04:25:55,False,False,False,False,False,True,True
26,25 - 45,Medium,3,-1.0,6,1,0,2013-01-24 09:05:00,2013-01-26 04:55:47,False,False,False,False,False,True,False
37,25 - 45,Low,4,-1.0,2,0,0,2013-03-30 11:29:11,2013-03-31 12:23:51,False,False,False,False,False,True,False
37,25 - 45,Low,4,-1.0,4,1,1,2014-02-18 02:47:15,2014-02-19 07:33:00,False,False,False,False,False,True,True
37,25 - 45,Low,2,-1.0,1,0,0,2013-03-17 11:28:06,2013-04-15 11:25:52,False,False,False,False,True,True,False
37,25 - 45,Low,0,-3.0,3,0,0,2013-06-14 10:05:29,2013-06-15 01:27:00,False,False,True,False,False,False,True
36,25 - 45,Low,0,-1.0,1,0,0,2013-03-05 02:14:50,2013-03-10 05:24:10,False,False,False,False,True,True,False
25,25 - 45,Low,0,-3.0,3,0,0,2013-04-26 05:54:05,2013-04-26 08:05:35,False,False,True,False,False,False,True
37,25 - 45,Medium,2,0.0,7,0,0,2013-01-14 04:05:27,2013-01-14 08:46:06,False,False,False,False,False,True,False
20,Less than 25,Medium,2,-1.0,7,1,1,2014-09-16 03:26:15,2014-09-26 09:55:44,False,False,False,False,False,True,False
27,25 - 45,Low,0,-1.0,2,0,0,2013-10-05 12:18:21,2013-10-07 08:17:22,False,True,False,False,False,True,True
72,Greater than 45,Low,3,-5.0,1,0,0,2014-03-14 12:25:05,2014-03-19 02:55:55,False,True,False,False,False,True,False
51,Greater than 45,Low,3,-1.0,2,0,0,2013-12-04 09:45:14,2013-12-05 08:30:14,False,False,False,False,False,False,True
62,Greater than 45,Low,0,-1.0,1,0,0,2013-10-04 03:37:56,2013-10-06 04:38:04,False,True,False,False,False,True,True
36,25 - 45,Low,3,0.0,4,0,0,2013-11-14 04:58:52,2013-12-09 09:49:51,False,True,False,False,False,False,False
30,25 - 45,High,1,-1.0,8,0,0,2014-01-25 08:21:42,2014-01-26 08:06:05,False,False,False,False,False,True,True
62,Greater than 45,Low,0,-1.0,1,0,0,2013-05-12 05:43:25,2013-05-15 07:42:03,False,True,False,False,False,True,False
70,Greater than 45,Low,1,-1.0,1,0,0,2013-01-27 07:29:53,2013-01-29 07:21:13,False,False,False,False,False,False,False
22,Less than 25,Medium,0,0.0,6,0,0,2013-03-12 03:02:14,2013-03-13 08:18:53,False,False,False,False,False,False,False
39,25 - 45,Low,0,-1.0,1,0,0,2014-01-05 05:46:37,2014-01-06 08:24:58,False,True,False,False,False,True,False
45,Greater than 45,Low,1,-1.0,3,0,0,2013-05-14 03:08:49,2013-09-19 05:01:54,False,False,True,False,False,True,False
21,Less than 25,Medium,2,-10.0,6,0,0,2014-01-24 10:45:30,2014-01-25 02:10:25,False,True,False,False,False,True,False
22,Less than 25,High,0,-1.0,10,1,1,2014-06-06 05:49:14,2014-06-07 07:49:48,False,False,False,False,False,True,True
28,25 - 45,Medium,1,-1.0,7,0,0,2013-03-14 08:59:25,2013-03-16 05:45:01,False,False,False,False,False,True,True
21,Less than 25,High,2,-1.0,9,1,1,2014-08-03 02:26:32,2014-08-04 01:34:32,False,False,False,False,False,True,False
51,Greater than 45,Low,1,-1.0,2,1,1,2013-08-08 04:57:26,2013-08-10 04:22:50,False,True,False,False,False,True,True
52,Greater than 45,Low,0,0.0,1,0,0,2013-12-31 12:19:12,2013-12-31 12:53:38,False,True,False,False,False,False,True
24,Less than 25,High,8,0.0,9,1,0,2013-04-07 03:41:57,2013-05-14 05:41:37,False,True,False,False,False,True,False
39,25 - 45,Medium,9,0.0,5,0,0,2013-04-25 02:54:02,2013-04-25 08:07:19,False,False,False,False,False,True,False
42,25 - 45,Low,8,-1.0,4,0,0,2013-12-10 08:19:39,2013-12-11 09:07:56,False,True,False,False,False,True,False
29,25 - 45,Low,0,-1.0,2,0,0,2013-03-26 07:25:39,2013-03-27 11:45:55,False,False,False,False,False,True,True
32,25 - 45,Low,0,-1.0,4,0,0,2013-04-06 10:24:59,2013-04-07 01:32:06,False,False,False,False,False,True,True
32,25 - 45,High,2,0.0,8,1,1,2014-01-04 02:55:07,2014-01-23 10:05:15,False,False,False,False,False,True,False
42,25 - 45,Low,1,-1.0,1,0,0,2013-09-14 06:17:52,2013-09-16 07:28:47,False,False,False,False,True,True,False
20,Less than 25,Low,0,0.0,3,0,0,2013-12-28 04:39:38,2013-12-28 01:09:58,False,True,False,False,False,True,True
21,Less than 25,Medium,0,-2.0,6,0,0,2013-06-18 04:27:00,2013-06-19 08:00:00,False,False,False,False,False,True,False
24,Less than 25,Medium,7,-1.0,7,0,0,2014-01-01 04:54:43,2014-01-02 08:10:06,False,True,False,False,False,False,True
25,25 - 45,High,1,0.0,9,0,0,2014-01-03 02:09:56,2014-01-03 07:33:37,False,False,False,False,False,False,True
31,25 - 45,Medium,1,-1.0,7,0,0,2013-10-13 03:47:49,2013-10-14 08:18:17,False,False,False,False,False,True,True
57,Greater than 45,High,12,-1.0,9,0,0,2013-05-28 08:29:39,2013-07-18 03:49:07,False,False,False,False,False,True,False
37,25 - 45,Medium,0,0.0,5,0,0,2014-01-11 04:29:19,2014-02-17 08:19:02,False,False,False,False,False,False,False
22,Less than 25,Medium,6,-1.0,7,1,1,2014-07-22 03:12:05,2014-07-24 06:06:22,False,False,False,False,False,True,False
31,25 - 45,Medium,0,-1.0,6,0,0,2014-02-15 03:11:00,2014-02-17 12:42:48,False,False,False,False,False,False,True
21,Less than 25,Medium,1,-1.0,7,0,0,2013-03-21 06:38:57,2013-03-23 04:48:56,False,False,False,False,False,True,False
37,25 - 45,Low,0,-1.0,3,1,1,2014-08-02 08:54:03,2014-08-05 04:53:29,False,False,True,False,False,True,False
24,Less than 25,Low,1,-1.0,3,0,0,2013-01-15 06:16:11,2013-01-16 08:39:11,False,False,False,False,False,True,False
22,Less than 25,Low,0,-1.0,3,0,0,2013-03-06 08:19:03,2013-03-07 06:09:53,False,False,False,False,False,True,False
44,25 - 45,High,9,-28.0,8,0,0,2013-07-08 03:02:29,2013-08-02 11:00:32,False,False,False,False,False,True,False
29,25 - 45,Medium,2,-1.0,6,0,0,2013-10-24 05:41:59,2013-10-26 03:05:42,False,False,False,False,False,True,False
21,Less than 25,High,2,-1.0,9,0,0,2013-08-27 05:04:38,2013-10-02 09:14:39,False,False,False,False,False,True,False
31,25 - 45,Low,6,-1.0,4,0,0,2013-10-03 02:21:05,2013-10-06 04:02:00,False,True,False,False,False,True,False
27,25 - 45,Low,6,-1.0,4,1,0,2013-10-18 01:19:43,2013-10-19 08:00:03,False,True,False,False,False,True,False
29,25 - 45,Low,0,0.0,2,0,0,2013-10-05 04:27:04,2013-10-06 08:51:00,False,False,False,False,False,False,True
25,25 - 45,Low,0,-1.0,4,0,0,2013-11-17 11:43:24,2013-11-18 08:05:43,False,True,False,False,False,False,True
29,25 - 45,Low,1,0.0,2,1,0,2013-02-01 02:58:03,2013-02-01 01:55:45,False,False,False,False,False,False,True
30,25 - 45,Low,4,-10.0,2,0,0,2013-03-15 05:52:37,2013-03-22 09:44:51,False,False,False,False,False,True,False
26,25 - 45,Low,0,-1.0,2,0,0,2013-12-07 10:51:37,2013-12-08 03:56:34,False,False,False,False,False,False,True
54,Greater than 45,Low,0,-1.0,1,0,0,2013-12-15 02:13:35,2013-12-16 07:55:36,False,False,False,False,False,False,False
41,25 - 45,Medium,0,-4.0,6,0,0,2013-08-04 03:15:07,2013-08-07 08:38:50,False,False,False,False,False,True,True
52,Greater than 45,Low,8,0.0,2,0,0,2013-09-07 01:01:02,2013-10-16 09:20:34,False,True,False,False,False,True,False
30,25 - 45,Low,3,-1.0,3,0,0,2014-03-08 08:19:22,2014-03-09 10:12:02,False,True,False,False,False,True,True
53,Greater than 45,Low,1,-1.0,2,0,0,2013-01-02 10:49:04,2013-01-03 01:20:01,False,False,False,False,False,True,True
39,25 - 45,Low,0,-1.0,3,0,0,2014-03-19 08:21:38,2014-03-20 10:14:17,False,True,False,False,False,True,False
35,25 - 45,Low,1,0.0,4,0,0,2013-01-31 12:15:06,2013-01-31 08:06:24,False,False,False,False,False,True,True
37,25 - 45,Low,5,-1.0,3,0,0,2013-12-01 04:23:01,2013-12-12 03:25:01,False,True,False,False,False,True,False
45,Greater than 45,Low,4,0.0,2,0,0,2013-04-06 12:37:10,2013-04-09 12:38:36,False,False,False,False,False,True,True
40,25 - 45,Low,4,0.0,1,0,0,2014-01-07 02:22:12,2014-01-08 03:19:00,False,True,False,False,False,True,True
23,Less than 25,Low,0,-1.0,3,1,0,2013-01-21 11:08:31,2013-01-22 02:00:40,False,False,False,False,True,True,True
35,25 - 45,Low,1,0.0,4,0,0,2013-05-05 01:29:39,2013-05-06 07:57:31,False,False,False,False,False,True,True
28,25 - 45,Medium,5,0.0,5,0,0,2013-04-14 03:00:32,2013-04-14 07:15:58,False,True,False,False,False,True,False
48,Greater than 45,Low,1,-1.0,1,0,0,2013-10-25 07:58:22,2013-10-26 01:19:41,False,False,False,False,False,False,False
44,25 - 45,High,19,-17.0,9,1,1,2014-08-03 01:39:31,2014-08-20 11:15:38,False,False,False,False,False,True,True
29,25 - 45,Low,3,0.0,3,0,0,2013-11-04 02:30:36,2013-11-04 08:20:56,False,True,False,False,False,False,False
22,Less than 25,Medium,2,-1.0,5,1,1,2013-08-28 11:26:11,2013-09-11 08:03:33,False,True,False,False,False,True,True
38,25 - 45,Low,0,-1.0,1,0,0,2013-01-07 10:25:39,2013-01-08 09:34:17,False,True,False,False,False,True,False
23,Less than 25,High,0,-1.0,8,0,0,2013-02-22 05:25:17,2013-02-23 08:37:38,False,False,False,False,False,True,True
67,Greater than 45,Low,0,-1.0,1,0,0,2013-05-03 11:25:26,2013-05-05 07:13:44,False,True,False,False,False,True,False
23,Less than 25,High,1,-1.0,9,0,0,2013-08-13 04:31:54,2013-08-18 04:39:19,False,False,False,False,False,True,True
30,25 - 45,Low,0,0.0,4,0,0,2013-04-14 12:53:38,2013-04-18 09:20:35,False,False,False,False,False,True,False
39,25 - 45,Low,0,-1.0,1,1,0,2014-01-11 05:27:12,2014-01-14 09:21:38,False,False,False,False,True,True,True
22,Less than 25,Medium,0,-1.0,7,0,0,2013-09-10 08:06:30,2013-09-12 08:19:10,False,False,False,False,False,True,False
36,25 - 45,Medium,15,-1.0,5,0,0,2014-01-06 11:23:46,2014-01-08 08:09:38,False,False,False,False,False,True,False
30,25 - 45,Low,1,-9.0,1,0,0,2013-12-08 10:10:54,2013-12-16 08:47:38,False,False,True,False,False,True,True
30,25 - 45,High,1,0.0,8,1,1,2013-04-12 05:23:21,2013-04-12 08:19:16,False,True,False,False,False,True,True
29,25 - 45,Low,0,-1.0,2,1,1,2013-02-25 09:36:50,2013-02-26 12:43:55,False,True,False,False,False,True,False
27,25 - 45,High,25,18.0,10,1,1,2014-08-03 09:08:30,2014-09-13 04:26:01,False,False,False,False,False,True,False
25,25 - 45,Low,0,0.0,2,1,1,2014-12-10 01:56:11,2014-12-10 08:00:57,False,False,False,False,False,True,True
32,25 - 45,Low,5,-1.0,4,0,0,2013-01-17 09:42:38,2013-01-18 10:00:00,False,False,False,False,False,True,True
45,Greater than 45,Medium,1,-1.0,6,0,0,2013-12-28 11:13:04,2014-01-24 05:22:59,False,False,True,False,False,True,True
25,25 - 45,Low,1,-1.0,3,0,0,2013-04-27 05:25:08,2013-04-28 01:21:18,False,False,False,False,False,True,False
56,Greater than 45,Low,0,-1.0,1,0,0,2014-03-03 04:19:53,2014-03-04 09:05:49,False,True,False,False,False,True,False
37,25 - 45,Low,0,-1.0,1,0,0,2013-12-08 01:55:28,2013-12-09 02:00:59,False,False,False,False,True,False,True
35,25 - 45,Low,1,0.0,1,1,1,2013-01-21 03:33:22,2013-01-22 06:23:53,False,False,False,False,False,True,False
30,25 - 45,Low,1,0.0,1,0,0,2013-03-19 01:34:13,2013-03-23 12:51:55,False,False,False,False,False,True,True
29,25 - 45,Low,0,0.0,2,1,1,2014-10-01 04:15:08,2014-10-04 09:16:33,False,False,True,False,False,True,True
54,Greater than 45,Low,2,-1.0,1,0,0,2013-10-21 09:41:20,2013-10-22 08:05:35,False,False,False,False,True,True,True
31,25 - 45,Low,0,0.0,1,0,0,2013-03-24 07:11:37,2013-03-25 08:17:18,False,False,True,False,False,True,True
64,Greater than 45,Low,1,-2.0,1,0,0,2013-06-01 10:15:46,2013-06-02 08:24:11,False,False,True,False,False,True,True
35,25 - 45,Medium,13,-1.0,7,0,0,2013-11-05 06:09:03,2013-11-09 09:07:35,False,False,True,False,False,True,False
27,25 - 45,Medium,4,-1.0,5,1,1,2013-11-24 12:20:22,2014-01-14 08:48:27,False,False,False,False,False,True,False
